{
"n": 1048576,
"size": 1048413,
"hull": 39112,
"seed": 0,
"copy2device": 2.3255,
"find_extremes": 0.375648,
"find_corners": 1.1217,
"find_points_in_Q": 0.799936,
"compaction": 0.113312,
"copy2host": 0.752064,
"delete": 0,
"preparation": 5.92202,
"cgal_convex_hull": 108.372,
"total": 111.535
}