{
"n": 1040187392,
"size": 277,
"hull": 24,
"seed": 0,
"copy2device": 0,
"find_extremes": 2544.28,
"find_corners": 4023.22,
"find_points_in_Q": 0,
"compaction": 11706.9,
"copy2host": 0,
"filter": 18274.4,
"delete": 0,
"preparation": 0.106496,
"cgal_convex_hull": 0.022528,
"total": 18274.4
}