{
"n": 637534208,
"size": 146,
"hull": 21,
"seed": 0,
"copy2device": 0,
"find_extremes": 1783.78,
"find_corners": 3879.83,
"find_points_in_Q": 0,
"compaction": 5012.06,
"copy2host": 0,
"filter": 10675.7,
"delete": 0,
"preparation": 0.045056,
"cgal_convex_hull": 0.015264,
"total": 10675.7
}