{
"n": 536870912,
"size": 550,
"hull": 20,
"seed": 0,
"copy2device": 0,
"find_extremes": 1515.92,
"find_corners": 1946.31,
"find_points_in_Q": 0,
"compaction": 3669.64,
"copy2host": 0,
"filter": 7131.91,
"delete": 0,
"preparation": 0.039936,
"cgal_convex_hull": 0.038816,
"total": 7131.95
}