{
"n": 603979776,
"size": 246,
"hull": 19,
"seed": 0,
"copy2device": 0,
"find_extremes": 1477.72,
"find_corners": 3138.52,
"find_points_in_Q": 0,
"compaction": 6673.25,
"copy2host": 0,
"filter": 11289.5,
"delete": 0,
"preparation": 0.082944,
"cgal_convex_hull": 0.021696,
"total": 11289.5
}