{
"n": 805306368,
"size": 138,
"hull": 20,
"seed": 0,
"copy2device": 0,
"find_extremes": 2139.71,
"find_corners": 2885.17,
"find_points_in_Q": 0,
"compaction": 7685.39,
"copy2host": 0,
"filter": 12710.3,
"delete": 0,
"preparation": 0.025728,
"cgal_convex_hull": 0.014336,
"total": 12710.3
}