{
"n": 1006632960,
"size": 126,
"hull": 21,
"seed": 0,
"copy2device": 0,
"find_extremes": 2791.35,
"find_corners": 5318.25,
"find_points_in_Q": 0,
"compaction": 6851.11,
"copy2host": 0,
"filter": 14960.7,
"delete": 0,
"preparation": 0.062464,
"cgal_convex_hull": 0.014528,
"total": 14960.8
}