{
"n": 1040187392,
"size": 177,
"hull": 23,
"seed": 0,
"copy2device": 0,
"find_extremes": 2544.72,
"find_corners": 6136.72,
"find_points_in_Q": 0,
"compaction": 13582.5,
"copy2host": 0,
"filter": 22264,
"delete": 0,
"preparation": 0.106496,
"cgal_convex_hull": 0.017408,
"total": 22264
}