{
"n": 603979776,
"size": 175,
"hull": 22,
"seed": 0,
"copy2device": 0,
"find_extremes": 1699.25,
"find_corners": 3333.33,
"find_points_in_Q": 0,
"compaction": 7176.46,
"copy2host": 0,
"filter": 12209.1,
"delete": 0,
"preparation": 0.019456,
"cgal_convex_hull": 0.020608,
"total": 12209.1
}