{
"n": 704643072,
"size": 111,
"hull": 20,
"seed": 0,
"copy2device": 0,
"find_extremes": 1811.01,
"find_corners": 2840.05,
"find_points_in_Q": 0,
"compaction": 4661.88,
"copy2host": 0,
"filter": 9312.97,
"delete": 0,
"preparation": 0.037888,
"cgal_convex_hull": 0.011264,
"total": 9312.98
}