{
"n": 1006632960,
"size": 106,
"hull": 24,
"seed": 0,
"copy2device": 0,
"find_extremes": 2911.84,
"find_corners": 3580.52,
"find_points_in_Q": 0,
"compaction": 8180.67,
"copy2host": 0,
"filter": 14673.1,
"delete": 0,
"preparation": 0.031744,
"cgal_convex_hull": 0.013152,
"total": 14673.1
}