{
"n": 536870912,
"size": 265,
"hull": 20,
"seed": 0,
"copy2device": 0,
"find_extremes": 1479.13,
"find_corners": 2052.63,
"find_points_in_Q": 0,
"compaction": 2926.45,
"copy2host": 0,
"filter": 6458.26,
"delete": 0,
"preparation": 0.026624,
"cgal_convex_hull": 0.024576,
"total": 6458.28
}