{
"n": 301989888,
"size": 200,
"hull": 20,
"seed": 0,
"copy2device": 0,
"find_extremes": 766.274,
"find_corners": 1872.03,
"find_points_in_Q": 0,
"compaction": 3669.33,
"copy2host": 0,
"filter": 6307.67,
"delete": 0,
"preparation": 0.016384,
"cgal_convex_hull": 0.022528,
"total": 6307.69
}