{
"n": 1006632960,
"size": 187,
"hull": 25,
"seed": 0,
"copy2device": 0,
"find_extremes": 2573.78,
"find_corners": 5532.42,
"find_points_in_Q": 0,
"compaction": 9488.31,
"copy2host": 0,
"filter": 17594.6,
"delete": 0,
"preparation": 0.02048,
"cgal_convex_hull": 0.021504,
"total": 17594.6
}