{
"n": 436207616,
"size": 193,
"hull": 25,
"seed": 0,
"copy2device": 0,
"find_extremes": 1192.45,
"find_corners": 1784.49,
"find_points_in_Q": 0,
"compaction": 3943.47,
"copy2host": 0,
"filter": 6920.43,
"delete": 0,
"preparation": 0.018432,
"cgal_convex_hull": 0.017312,
"total": 6920.45
}