{
"n": 1073741824,
"size": 72,
"hull": 21,
"seed": 0,
"copy2device": 0,
"find_extremes": 2626.44,
"find_corners": 3673.52,
"find_points_in_Q": 0,
"compaction": 13811.8,
"copy2host": 0,
"filter": 20111.8,
"delete": 0,
"preparation": 0.040992,
"cgal_convex_hull": 0.011264,
"total": 20111.8
}