{
"n": 268435456,
"size": 124,
"hull": 20,
"seed": 0,
"copy2device": 0,
"find_extremes": 656.355,
"find_corners": 1425.55,
"find_points_in_Q": 0,
"compaction": 2386.48,
"copy2host": 0,
"filter": 4468.43,
"delete": 0,
"preparation": 0.036928,
"cgal_convex_hull": 0.014464,
"total": 4468.45
}