{
"n": 637534208,
"size": 218,
"hull": 19,
"seed": 0,
"copy2device": 0,
"find_extremes": 1662.53,
"find_corners": 2576.12,
"find_points_in_Q": 0,
"compaction": 3999.04,
"copy2host": 0,
"filter": 8237.72,
"delete": 0,
"preparation": 0.077056,
"cgal_convex_hull": 0.017504,
"total": 8237.74
}