{
"n": 671088640,
"size": 153,
"hull": 22,
"seed": 0,
"copy2device": 0,
"find_extremes": 1752.57,
"find_corners": 2384.58,
"find_points_in_Q": 0,
"compaction": 7021.24,
"copy2host": 0,
"filter": 11158.4,
"delete": 0,
"preparation": 0.027648,
"cgal_convex_hull": 0.018432,
"total": 11158.4
}