{
"n": 100663296,
"size": 115,
"hull": 16,
"seed": 0,
"copy2device": 0,
"find_extremes": 299.364,
"find_corners": 611.257,
"find_points_in_Q": 0,
"compaction": 848.264,
"copy2host": 0,
"filter": 1758.92,
"delete": 0,
"preparation": 0.013568,
"cgal_convex_hull": 0.011264,
"total": 1758.93
}