{
"n": 838860800,
"size": 162,
"hull": 20,
"seed": 0,
"copy2device": 0,
"find_extremes": 2102.24,
"find_corners": 4952.29,
"find_points_in_Q": 0,
"compaction": 7785.27,
"copy2host": 0,
"filter": 14839.8,
"delete": 0,
"preparation": 0.038912,
"cgal_convex_hull": 0.017408,
"total": 14839.9
}