{
"n": 1040187392,
"size": 236,
"hull": 22,
"seed": 0,
"copy2device": 0,
"find_extremes": 2920.83,
"find_corners": 6488.69,
"find_points_in_Q": 0,
"compaction": 9599.96,
"copy2host": 0,
"filter": 19009.5,
"delete": 0,
"preparation": 0.022656,
"cgal_convex_hull": 0.023776,
"total": 19009.5
}