{
"n": 1073741824,
"size": 103,
"hull": 24,
"seed": 0,
"copy2device": 0,
"find_extremes": 2626.57,
"find_corners": 3667.44,
"find_points_in_Q": 0,
"compaction": 13298.6,
"copy2host": 0,
"filter": 19592.6,
"delete": 0,
"preparation": 0.054272,
"cgal_convex_hull": 0.012288,
"total": 19592.6
}