{
"n": 100663296,
"size": 122,
"hull": 19,
"seed": 0,
"copy2device": 0,
"find_extremes": 246.312,
"find_corners": 624.715,
"find_points_in_Q": 0,
"compaction": 1372.89,
"copy2host": 0,
"filter": 2243.95,
"delete": 0,
"preparation": 0.036864,
"cgal_convex_hull": 0.018208,
"total": 2243.97
}