{
"n": 838860800,
"size": 160,
"hull": 21,
"seed": 0,
"copy2device": 0,
"find_extremes": 2052.34,
"find_corners": 4949.59,
"find_points_in_Q": 0,
"compaction": 7929.08,
"copy2host": 0,
"filter": 14931.1,
"delete": 0,
"preparation": 0.052224,
"cgal_convex_hull": 0.019456,
"total": 14931.1
}