{
"n": 536870912,
"size": 472,
"hull": 21,
"seed": 0,
"copy2device": 0,
"find_extremes": 1586.64,
"find_corners": 1945.13,
"find_points_in_Q": 0,
"compaction": 6773.39,
"copy2host": 0,
"filter": 10305.2,
"delete": 0,
"preparation": 0.050176,
"cgal_convex_hull": 0.033792,
"total": 10305.2
}