{
"n": 234881024,
"size": 111,
"hull": 22,
"seed": 0,
"copy2device": 0,
"find_extremes": 574.259,
"find_corners": 943.522,
"find_points_in_Q": 0,
"compaction": 2385.02,
"copy2host": 0,
"filter": 3902.84,
"delete": 0,
"preparation": 0.038112,
"cgal_convex_hull": 0.013312,
"total": 3902.85
}