{
"n": 301989888,
"size": 213,
"hull": 23,
"seed": 0,
"copy2device": 0,
"find_extremes": 816.056,
"find_corners": 1875.66,
"find_points_in_Q": 0,
"compaction": 3740.22,
"copy2host": 0,
"filter": 6431.97,
"delete": 0,
"preparation": 0.018432,
"cgal_convex_hull": 0.019456,
"total": 6431.99
}