{
"n": 234881024,
"size": 228,
"hull": 18,
"seed": 0,
"copy2device": 0,
"find_extremes": 631.358,
"find_corners": 954.365,
"find_points_in_Q": 0,
"compaction": 1569.41,
"copy2host": 0,
"filter": 3155.16,
"delete": 0,
"preparation": 0.063488,
"cgal_convex_hull": 0.021504,
"total": 3155.19
}