{
"n": 100663296,
"size": 125,
"hull": 21,
"seed": 0,
"copy2device": 0,
"find_extremes": 268.106,
"find_corners": 601.077,
"find_points_in_Q": 0,
"compaction": 1199.41,
"copy2host": 0,
"filter": 2068.64,
"delete": 0,
"preparation": 0.057344,
"cgal_convex_hull": 0.018624,
"total": 2068.66
}