{
"n": 1073741824,
"size": 133,
"hull": 19,
"seed": 0,
"copy2device": 0,
"find_extremes": 2631.03,
"find_corners": 3668.79,
"find_points_in_Q": 0,
"compaction": 12812.1,
"copy2host": 0,
"filter": 19111.9,
"delete": 0,
"preparation": 0.050144,
"cgal_convex_hull": 0.01728,
"total": 19111.9
}