{
"n": 436207616,
"size": 142,
"hull": 22,
"seed": 0,
"copy2device": 0,
"find_extremes": 1096.57,
"find_corners": 2721.45,
"find_points_in_Q": 0,
"compaction": 5224.04,
"copy2host": 0,
"filter": 9042.11,
"delete": 0,
"preparation": 0.017504,
"cgal_convex_hull": 0.017536,
"total": 9042.13
}