{
"n": 134217728,
"size": 135,
"hull": 20,
"seed": 0,
"copy2device": 0,
"find_extremes": 339.483,
"find_corners": 735.813,
"find_points_in_Q": 0,
"compaction": 960.099,
"copy2host": 0,
"filter": 2035.43,
"delete": 0,
"preparation": 0.014336,
"cgal_convex_hull": 0.014336,
"total": 2035.44
}