{
"n": 973078528,
"size": 199,
"hull": 18,
"seed": 0,
"copy2device": 0,
"find_extremes": 2924.51,
"find_corners": 5997.42,
"find_points_in_Q": 0,
"compaction": 9407.96,
"copy2host": 0,
"filter": 18329.9,
"delete": 0,
"preparation": 0.021504,
"cgal_convex_hull": 0.021504,
"total": 18329.9
}