{
"n": 1006632960,
"size": 123,
"hull": 18,
"seed": 0,
"copy2device": 0,
"find_extremes": 2576.77,
"find_corners": 3719.64,
"find_points_in_Q": 0,
"compaction": 12149.5,
"copy2host": 0,
"filter": 18446,
"delete": 0,
"preparation": 0.018432,
"cgal_convex_hull": 0.015552,
"total": 18446
}