{
"n": 436207616,
"size": 1213,
"hull": 18,
"seed": 0,
"copy2device": 0,
"find_extremes": 1148.53,
"find_corners": 1833.03,
"find_points_in_Q": 0,
"compaction": 2625.59,
"copy2host": 0,
"filter": 5607.18,
"delete": 0,
"preparation": 0.068448,
"cgal_convex_hull": 0.082944,
"total": 5607.27
}