{
"n": 268435456,
"size": 140,
"hull": 23,
"seed": 0,
"copy2device": 0,
"find_extremes": 656.556,
"find_corners": 916.033,
"find_points_in_Q": 0,
"compaction": 2553.36,
"copy2host": 0,
"filter": 4125.99,
"delete": 0,
"preparation": 0.064512,
"cgal_convex_hull": 0.018432,
"total": 4126.01
}