{
"n": 671088640,
"size": 206,
"hull": 23,
"seed": 0,
"copy2device": 0,
"find_extremes": 1751.27,
"find_corners": 2379.47,
"find_points_in_Q": 0,
"compaction": 6221.05,
"copy2host": 0,
"filter": 10351.8,
"delete": 0,
"preparation": 0.029696,
"cgal_convex_hull": 0.018432,
"total": 10351.8
}