{
"n": 1006632960,
"size": 153,
"hull": 22,
"seed": 0,
"copy2device": 0,
"find_extremes": 2460.77,
"find_corners": 3444.77,
"find_points_in_Q": 0,
"compaction": 6175.43,
"copy2host": 0,
"filter": 12081,
"delete": 0,
"preparation": 0.057344,
"cgal_convex_hull": 0.017408,
"total": 12081
}