{
"n": 335544320,
"size": 218,
"hull": 21,
"seed": 0,
"copy2device": 0,
"find_extremes": 968.354,
"find_corners": 1203.58,
"find_points_in_Q": 0,
"compaction": 2697.65,
"copy2host": 0,
"filter": 4869.63,
"delete": 0,
"preparation": 0.019456,
"cgal_convex_hull": 0.021408,
"total": 4869.65
}