{
"n": 100663296,
"size": 127,
"hull": 21,
"seed": 0,
"copy2device": 0,
"find_extremes": 293.346,
"find_corners": 389.071,
"find_points_in_Q": 0,
"compaction": 908.206,
"copy2host": 0,
"filter": 1590.66,
"delete": 0,
"preparation": 0.023392,
"cgal_convex_hull": 0.013216,
"total": 1590.67
}