{
"n": 134217728,
"size": 154,
"hull": 20,
"seed": 0,
"copy2device": 0,
"find_extremes": 328.206,
"find_corners": 698.843,
"find_points_in_Q": 0,
"compaction": 1527.02,
"copy2host": 0,
"filter": 2554.11,
"delete": 0,
"preparation": 0.063488,
"cgal_convex_hull": 0.017408,
"total": 2554.13
}