{
"n": 100663296,
"size": 122,
"hull": 19,
"seed": 0,
"copy2device": 0,
"find_extremes": 309.571,
"find_corners": 395.653,
"find_points_in_Q": 0,
"compaction": 1305.25,
"copy2host": 0,
"filter": 2010.51,
"delete": 0,
"preparation": 0.057344,
"cgal_convex_hull": 0.014368,
"total": 2010.53
}