{
"n": 167772160,
"size": 136,
"hull": 20,
"seed": 0,
"copy2device": 0,
"find_extremes": 480.889,
"find_corners": 654.474,
"find_points_in_Q": 0,
"compaction": 1609.56,
"copy2host": 0,
"filter": 2744.97,
"delete": 0,
"preparation": 0.016384,
"cgal_convex_hull": 0.017408,
"total": 2744.99
}