{
"n": 1040187392,
"size": 134,
"hull": 23,
"seed": 0,
"copy2device": 0,
"find_extremes": 2544.29,
"find_corners": 6238.92,
"find_points_in_Q": 0,
"compaction": 15545.1,
"copy2host": 0,
"filter": 24328.3,
"delete": 0,
"preparation": 0.034848,
"cgal_convex_hull": 0.01536,
"total": 24328.3
}