{
"n": 1040187392,
"size": 137,
"hull": 23,
"seed": 0,
"copy2device": 0,
"find_extremes": 2544.2,
"find_corners": 4020.56,
"find_points_in_Q": 0,
"compaction": 11672.5,
"copy2host": 0,
"filter": 18237.3,
"delete": 0,
"preparation": 0.064512,
"cgal_convex_hull": 0.013312,
"total": 18237.3
}