{
"n": 469762048,
"size": 108,
"hull": 22,
"seed": 0,
"copy2device": 0,
"find_extremes": 1149.98,
"find_corners": 1605.64,
"find_points_in_Q": 0,
"compaction": 4003.63,
"copy2host": 0,
"filter": 6759.28,
"delete": 0,
"preparation": 0.055296,
"cgal_convex_hull": 0.013312,
"total": 6759.29
}