{
"n": 939524096,
"size": 233,
"hull": 21,
"seed": 0,
"copy2device": 0,
"find_extremes": 2682.48,
"find_corners": 3493.28,
"find_points_in_Q": 0,
"compaction": 4502.72,
"copy2host": 0,
"filter": 10678.5,
"delete": 0,
"preparation": 0.022752,
"cgal_convex_hull": 0.021728,
"total": 10678.5
}