{
"n": 570425344,
"size": 131,
"hull": 22,
"seed": 0,
"copy2device": 0,
"find_extremes": 1532.21,
"find_corners": 3428.26,
"find_points_in_Q": 0,
"compaction": 4773.35,
"copy2host": 0,
"filter": 9733.86,
"delete": 0,
"preparation": 0.017408,
"cgal_convex_hull": 0.017248,
"total": 9733.88
}