{
"n": 1006632960,
"size": 149,
"hull": 22,
"seed": 0,
"copy2device": 0,
"find_extremes": 2807.6,
"find_corners": 5494.63,
"find_points_in_Q": 0,
"compaction": 7562.64,
"copy2host": 0,
"filter": 15864.9,
"delete": 0,
"preparation": 0.019392,
"cgal_convex_hull": 0.018432,
"total": 15864.9
}