{
"n": 469762048,
"size": 311,
"hull": 20,
"seed": 0,
"copy2device": 0,
"find_extremes": 1148.94,
"find_corners": 1603.85,
"find_points_in_Q": 0,
"compaction": 3889.36,
"copy2host": 0,
"filter": 6642.19,
"delete": 0,
"preparation": 0.130048,
"cgal_convex_hull": 0.025504,
"total": 6642.22
}