{
"n": 1006632960,
"size": 347,
"hull": 23,
"seed": 0,
"copy2device": 0,
"find_extremes": 2564.49,
"find_corners": 3573.18,
"find_points_in_Q": 0,
"compaction": 3328.92,
"copy2host": 0,
"filter": 9466.62,
"delete": 0,
"preparation": 0.055296,
"cgal_convex_hull": 0.028576,
"total": 9466.65
}