{
"n": 771751936,
"size": 108,
"hull": 21,
"seed": 0,
"copy2device": 0,
"find_extremes": 2252.03,
"find_corners": 4775.31,
"find_points_in_Q": 0,
"compaction": 9011.53,
"copy2host": 0,
"filter": 16038.9,
"delete": 0,
"preparation": 0.014432,
"cgal_convex_hull": 0.021504,
"total": 16038.9
}