{
"n": 503316480,
"size": 213,
"hull": 20,
"seed": 0,
"copy2device": 0,
"find_extremes": 1311.16,
"find_corners": 2044.11,
"find_points_in_Q": 0,
"compaction": 6386.91,
"copy2host": 0,
"filter": 9742.21,
"delete": 0,
"preparation": 0.016512,
"cgal_convex_hull": 0.020704,
"total": 9742.24
}