{
"n": 402653184,
"size": 174,
"hull": 22,
"seed": 0,
"copy2device": 0,
"find_extremes": 1207.59,
"find_corners": 1420.38,
"find_points_in_Q": 0,
"compaction": 4575.41,
"copy2host": 0,
"filter": 7203.42,
"delete": 0,
"preparation": 0.088032,
"cgal_convex_hull": 0.018432,
"total": 7203.44
}