{
"n": 134217728,
"size": 160,
"hull": 20,
"seed": 0,
"copy2device": 0,
"find_extremes": 377.812,
"find_corners": 751.994,
"find_points_in_Q": 0,
"compaction": 1013.99,
"copy2host": 0,
"filter": 2143.83,
"delete": 0,
"preparation": 0.014496,
"cgal_convex_hull": 0.014336,
"total": 2143.85
}