{
"n": 1073741824,
"size": 240,
"hull": 18,
"seed": 0,
"copy2device": 0,
"find_extremes": 2745.87,
"find_corners": 3670.62,
"find_points_in_Q": 0,
"compaction": 11573.4,
"copy2host": 0,
"filter": 17990,
"delete": 0,
"preparation": 0.047104,
"cgal_convex_hull": 0.021504,
"total": 17990
}