{
"n": 503316480,
"size": 146,
"hull": 19,
"seed": 0,
"copy2device": 0,
"find_extremes": 1230.93,
"find_corners": 2995.57,
"find_points_in_Q": 0,
"compaction": 6844.69,
"copy2host": 0,
"filter": 11071.2,
"delete": 0,
"preparation": 0.041984,
"cgal_convex_hull": 0.016384,
"total": 11071.2
}