{
"n": 167772160,
"size": 148,
"hull": 19,
"seed": 0,
"copy2device": 0,
"find_extremes": 410.466,
"find_corners": 686.903,
"find_points_in_Q": 0,
"compaction": 2213.76,
"copy2host": 0,
"filter": 3311.17,
"delete": 0,
"preparation": 0.037888,
"cgal_convex_hull": 0.013536,
"total": 3311.18
}