{
"n": 201326592,
"size": 118,
"hull": 24,
"seed": 0,
"copy2device": 0,
"find_extremes": 492.244,
"find_corners": 687.241,
"find_points_in_Q": 0,
"compaction": 1970.02,
"copy2host": 0,
"filter": 3149.56,
"delete": 0,
"preparation": 0.060416,
"cgal_convex_hull": 0.017376,
"total": 3149.57
}