{
"n": 402653184,
"size": 277,
"hull": 24,
"seed": 0,
"copy2device": 0,
"find_extremes": 985.008,
"find_corners": 1418.05,
"find_points_in_Q": 0,
"compaction": 3780.72,
"copy2host": 0,
"filter": 6183.81,
"delete": 0,
"preparation": 0.106496,
"cgal_convex_hull": 0.023296,
"total": 6183.83
}