{
"n": 973078528,
"size": 175,
"hull": 22,
"seed": 0,
"copy2device": 0,
"find_extremes": 2379.42,
"find_corners": 5906.33,
"find_points_in_Q": 0,
"compaction": 5992.37,
"copy2host": 0,
"filter": 14278.2,
"delete": 0,
"preparation": 0.037888,
"cgal_convex_hull": 0.017408,
"total": 14278.2
}