{
"n": 805306368,
"size": 103,
"hull": 22,
"seed": 0,
"copy2device": 0,
"find_extremes": 1969.47,
"find_corners": 2838.22,
"find_points_in_Q": 0,
"compaction": 6740.11,
"copy2host": 0,
"filter": 11547.8,
"delete": 0,
"preparation": 0.036864,
"cgal_convex_hull": 0.013312,
"total": 11547.8
}