{
"n": 570425344,
"size": 115,
"hull": 21,
"seed": 0,
"copy2device": 0,
"find_extremes": 1450.39,
"find_corners": 3407.97,
"find_points_in_Q": 0,
"compaction": 7819.73,
"copy2host": 0,
"filter": 12678.1,
"delete": 0,
"preparation": 0.024544,
"cgal_convex_hull": 0.013472,
"total": 12678.1
}