{
"n": 234881024,
"size": 148,
"hull": 20,
"seed": 0,
"copy2device": 0,
"find_extremes": 683.154,
"find_corners": 1438.97,
"find_points_in_Q": 0,
"compaction": 2393.93,
"copy2host": 0,
"filter": 4516.09,
"delete": 0,
"preparation": 0.082944,
"cgal_convex_hull": 0.016416,
"total": 4516.11
}