{
"n": 536870912,
"size": 161,
"hull": 22,
"seed": 0,
"copy2device": 0,
"find_extremes": 1367.94,
"find_corners": 1966.69,
"find_points_in_Q": 0,
"compaction": 6957.42,
"copy2host": 0,
"filter": 10292.1,
"delete": 0,
"preparation": 0.018432,
"cgal_convex_hull": 0.019456,
"total": 10292.1
}