{
"n": 234881024,
"size": 161,
"hull": 22,
"seed": 0,
"copy2device": 0,
"find_extremes": 679.676,
"find_corners": 961.477,
"find_points_in_Q": 0,
"compaction": 1973.75,
"copy2host": 0,
"filter": 3614.95,
"delete": 0,
"preparation": 0.015392,
"cgal_convex_hull": 0.019456,
"total": 3614.97
}