{
"n": 1073741824,
"size": 242,
"hull": 15,
"seed": 0,
"copy2device": 0,
"find_extremes": 2627.03,
"find_corners": 5687.07,
"find_points_in_Q": 0,
"compaction": 10265.6,
"copy2host": 0,
"filter": 18579.7,
"delete": 0,
"preparation": 0.086016,
"cgal_convex_hull": 0.024576,
"total": 18579.7
}