{
"n": 771751936,
"size": 211,
"hull": 21,
"seed": 0,
"copy2device": 0,
"find_extremes": 2252.97,
"find_corners": 4771.64,
"find_points_in_Q": 0,
"compaction": 9495.77,
"copy2host": 0,
"filter": 16520.4,
"delete": 0,
"preparation": 0.021504,
"cgal_convex_hull": 0.021504,
"total": 16520.4
}