{
"n": 1040187392,
"size": 226,
"hull": 21,
"seed": 0,
"copy2device": 0,
"find_extremes": 2543.87,
"find_corners": 4026.38,
"find_points_in_Q": 0,
"compaction": 11586,
"copy2host": 0,
"filter": 18156.2,
"delete": 0,
"preparation": 0.077824,
"cgal_convex_hull": 0.022528,
"total": 18156.3
}