{
"n": 134217728,
"size": 118,
"hull": 17,
"seed": 0,
"copy2device": 0,
"find_extremes": 400.731,
"find_corners": 703.284,
"find_points_in_Q": 0,
"compaction": 1189.84,
"copy2host": 0,
"filter": 2293.89,
"delete": 0,
"preparation": 0.011296,
"cgal_convex_hull": 0.014496,
"total": 2293.91
}