{
"n": 905969664,
"size": 263,
"hull": 21,
"seed": 0,
"copy2device": 0,
"find_extremes": 2455.76,
"find_corners": 3702.26,
"find_points_in_Q": 0,
"compaction": 7780.52,
"copy2host": 0,
"filter": 13938.6,
"delete": 0,
"preparation": 0.024576,
"cgal_convex_hull": 0.023552,
"total": 13938.6
}