{
"n": 201326592,
"size": 140,
"hull": 19,
"seed": 0,
"copy2device": 0,
"find_extremes": 547.126,
"find_corners": 731.684,
"find_points_in_Q": 0,
"compaction": 1015.77,
"copy2host": 0,
"filter": 2294.62,
"delete": 0,
"preparation": 0.012288,
"cgal_convex_hull": 0.014336,
"total": 2294.63
}