{
"n": 134217728,
"size": 148,
"hull": 24,
"seed": 0,
"copy2device": 0,
"find_extremes": 328.261,
"find_corners": 698.083,
"find_points_in_Q": 0,
"compaction": 1476.27,
"copy2host": 0,
"filter": 2502.66,
"delete": 0,
"preparation": 0.073632,
"cgal_convex_hull": 0.015456,
"total": 2502.67
}