{
"n": 771751936,
"size": 121,
"hull": 21,
"seed": 0,
"copy2device": 0,
"find_extremes": 2338.45,
"find_corners": 3105.22,
"find_points_in_Q": 0,
"compaction": 8361.05,
"copy2host": 0,
"filter": 13804.8,
"delete": 0,
"preparation": 0.089088,
"cgal_convex_hull": 0.013216,
"total": 13804.8
}