{
"n": 1040187392,
"size": 138,
"hull": 23,
"seed": 0,
"copy2device": 0,
"find_extremes": 2830.91,
"find_corners": 6421.51,
"find_points_in_Q": 0,
"compaction": 6349.07,
"copy2host": 0,
"filter": 15601.5,
"delete": 0,
"preparation": 0.019296,
"cgal_convex_hull": 0.017408,
"total": 15601.5
}