{
"n": 201326592,
"size": 185,
"hull": 21,
"seed": 0,
"copy2device": 0,
"find_extremes": 599.796,
"find_corners": 1099.25,
"find_points_in_Q": 0,
"compaction": 1482.39,
"copy2host": 0,
"filter": 3181.47,
"delete": 0,
"preparation": 0.018528,
"cgal_convex_hull": 0.019456,
"total": 3181.49
}