{
"n": 1040187392,
"size": 162,
"hull": 16,
"seed": 0,
"copy2device": 0,
"find_extremes": 2947.18,
"find_corners": 6285.85,
"find_points_in_Q": 0,
"compaction": 6298.44,
"copy2host": 0,
"filter": 15531.5,
"delete": 0,
"preparation": 0.069632,
"cgal_convex_hull": 0.017408,
"total": 15531.5
}