{
"n": 503316480,
"size": 226,
"hull": 18,
"seed": 0,
"copy2device": 0,
"find_extremes": 1342.38,
"find_corners": 3053.73,
"find_points_in_Q": 0,
"compaction": 4001.89,
"copy2host": 0,
"filter": 8398.03,
"delete": 0,
"preparation": 0.027648,
"cgal_convex_hull": 0.022336,
"total": 8398.06
}