{
"n": 536870912,
"size": 150,
"hull": 22,
"seed": 0,
"copy2device": 0,
"find_extremes": 1423.42,
"find_corners": 2982.85,
"find_points_in_Q": 0,
"compaction": 6214.22,
"copy2host": 0,
"filter": 10620.5,
"delete": 0,
"preparation": 0.017376,
"cgal_convex_hull": 0.019456,
"total": 10620.5
}