{
"n": 436207616,
"size": 125,
"hull": 24,
"seed": 0,
"copy2device": 0,
"find_extremes": 1123.31,
"find_corners": 1766.97,
"find_points_in_Q": 0,
"compaction": 4382.84,
"copy2host": 0,
"filter": 7273.15,
"delete": 0,
"preparation": 0.022432,
"cgal_convex_hull": 0.014272,
"total": 7273.17
}