{
"n": 469762048,
"size": 167,
"hull": 26,
"seed": 0,
"copy2device": 0,
"find_extremes": 1148.99,
"find_corners": 1649.34,
"find_points_in_Q": 0,
"compaction": 4377.63,
"copy2host": 0,
"filter": 7175.99,
"delete": 0,
"preparation": 0.059392,
"cgal_convex_hull": 0.017408,
"total": 7176.01
}