{
"n": 973078528,
"size": 201,
"hull": 26,
"seed": 0,
"copy2device": 0,
"find_extremes": 2492.96,
"find_corners": 5856.67,
"find_points_in_Q": 0,
"compaction": 12988.5,
"copy2host": 0,
"filter": 21338.2,
"delete": 0,
"preparation": 0.036864,
"cgal_convex_hull": 0.018592,
"total": 21338.2
}