{
"n": 1040187392,
"size": 142,
"hull": 24,
"seed": 0,
"copy2device": 0,
"find_extremes": 2545.09,
"find_corners": 4025.24,
"find_points_in_Q": 0,
"compaction": 13179.4,
"copy2host": 0,
"filter": 19749.8,
"delete": 0,
"preparation": 0.077824,
"cgal_convex_hull": 0.016256,
"total": 19749.8
}