{
"n": 872415232,
"size": 477,
"hull": 19,
"seed": 0,
"copy2device": 0,
"find_extremes": 2301.81,
"find_corners": 4598.17,
"find_points_in_Q": 0,
"compaction": 7578.53,
"copy2host": 0,
"filter": 14478.6,
"delete": 0,
"preparation": 0.036032,
"cgal_convex_hull": 0.035872,
"total": 14478.6
}