{
"n": 838860800,
"size": 301,
"hull": 23,
"seed": 0,
"copy2device": 0,
"find_extremes": 2051.64,
"find_corners": 4942.09,
"find_points_in_Q": 0,
"compaction": 8631.31,
"copy2host": 0,
"filter": 15625.1,
"delete": 0,
"preparation": 0.080032,
"cgal_convex_hull": 0.024576,
"total": 15625.1
}