{
"n": 1040187392,
"size": 261,
"hull": 23,
"seed": 0,
"copy2device": 0,
"find_extremes": 2544.4,
"find_corners": 4021.36,
"find_points_in_Q": 0,
"compaction": 13281.5,
"copy2host": 0,
"filter": 19847.3,
"delete": 0,
"preparation": 0.133152,
"cgal_convex_hull": 0.021696,
"total": 19847.3
}