{
"n": 738197504,
"size": 209,
"hull": 24,
"seed": 0,
"copy2device": 0,
"find_extremes": 2087.19,
"find_corners": 2611.85,
"find_points_in_Q": 0,
"compaction": 7078.32,
"copy2host": 0,
"filter": 11777.4,
"delete": 0,
"preparation": 0.056352,
"cgal_convex_hull": 0.021568,
"total": 11777.4
}