{
"n": 301989888,
"size": 163,
"hull": 24,
"seed": 0,
"copy2device": 0,
"find_extremes": 748.888,
"find_corners": 1836.84,
"find_points_in_Q": 0,
"compaction": 2822.31,
"copy2host": 0,
"filter": 5408.06,
"delete": 0,
"preparation": 0.031648,
"cgal_convex_hull": 0.016384,
"total": 5408.08
}