{
"n": 335544320,
"size": 194,
"hull": 21,
"seed": 0,
"copy2device": 0,
"find_extremes": 820.641,
"find_corners": 1744.13,
"find_points_in_Q": 0,
"compaction": 2342.75,
"copy2host": 0,
"filter": 4907.55,
"delete": 0,
"preparation": 0.088192,
"cgal_convex_hull": 0.019456,
"total": 4907.57
}