{
"n": 1006632960,
"size": 236,
"hull": 22,
"seed": 0,
"copy2device": 0,
"find_extremes": 2461.99,
"find_corners": 3438.55,
"find_points_in_Q": 0,
"compaction": 6397.54,
"copy2host": 0,
"filter": 12298.1,
"delete": 0,
"preparation": 0.07264,
"cgal_convex_hull": 0.024736,
"total": 12298.1
}