{
"n": 704643072,
"size": 112,
"hull": 20,
"seed": 0,
"copy2device": 0,
"find_extremes": 2194.48,
"find_corners": 2828.08,
"find_points_in_Q": 0,
"compaction": 7670.18,
"copy2host": 0,
"filter": 12692.8,
"delete": 0,
"preparation": 0.079872,
"cgal_convex_hull": 0.013312,
"total": 12692.8
}