{
"n": 872415232,
"size": 135,
"hull": 21,
"seed": 0,
"copy2device": 0,
"find_extremes": 2205.19,
"find_corners": 3160.49,
"find_points_in_Q": 0,
"compaction": 11218.4,
"copy2host": 0,
"filter": 16584.1,
"delete": 0,
"preparation": 0.019456,
"cgal_convex_hull": 0.016416,
"total": 16584.2
}