{
"n": 134217728,
"size": 125,
"hull": 23,
"seed": 0,
"copy2device": 0,
"find_extremes": 356.584,
"find_corners": 466.537,
"find_points_in_Q": 0,
"compaction": 1523.23,
"copy2host": 0,
"filter": 2346.39,
"delete": 0,
"preparation": 0.014336,
"cgal_convex_hull": 0.016512,
"total": 2346.41
}