{
"n": 167772160,
"size": 106,
"hull": 20,
"seed": 0,
"copy2device": 0,
"find_extremes": 410.361,
"find_corners": 648.397,
"find_points_in_Q": 0,
"compaction": 1987.05,
"copy2host": 0,
"filter": 3045.86,
"delete": 0,
"preparation": 0.069664,
"cgal_convex_hull": 0.014528,
"total": 3045.88
}