{
"n": 402653184,
"size": 203,
"hull": 23,
"seed": 0,
"copy2device": 0,
"find_extremes": 1185.96,
"find_corners": 1436.65,
"find_points_in_Q": 0,
"compaction": 2693.66,
"copy2host": 0,
"filter": 5316.31,
"delete": 0,
"preparation": 0.019456,
"cgal_convex_hull": 0.019392,
"total": 5316.33
}