{
"n": 671088640,
"size": 130,
"hull": 26,
"seed": 0,
"copy2device": 0,
"find_extremes": 1922.46,
"find_corners": 3685.23,
"find_points_in_Q": 0,
"compaction": 7952.78,
"copy2host": 0,
"filter": 13560.5,
"delete": 0,
"preparation": 0.018432,
"cgal_convex_hull": 0.018592,
"total": 13560.5
}