{
"n": 1006632960,
"size": 129,
"hull": 16,
"seed": 0,
"copy2device": 0,
"find_extremes": 2706.44,
"find_corners": 3641.29,
"find_points_in_Q": 0,
"compaction": 8853.3,
"copy2host": 0,
"filter": 15201.1,
"delete": 0,
"preparation": 0.018656,
"cgal_convex_hull": 0.014336,
"total": 15201.1
}