{
"n": 167772160,
"size": 288,
"hull": 19,
"seed": 0,
"copy2device": 0,
"find_extremes": 419.425,
"find_corners": 989.269,
"find_points_in_Q": 0,
"compaction": 1368.32,
"copy2host": 0,
"filter": 2777.06,
"delete": 0,
"preparation": 0.106496,
"cgal_convex_hull": 0.022464,
"total": 2777.08
}