{
"n": 973078528,
"size": 118,
"hull": 19,
"seed": 0,
"copy2device": 0,
"find_extremes": 2933.29,
"find_corners": 5977.19,
"find_points_in_Q": 0,
"compaction": 11410.6,
"copy2host": 0,
"filter": 20321.2,
"delete": 0,
"preparation": 0.032768,
"cgal_convex_hull": 0.015584,
"total": 20321.2
}