{
"n": 402653184,
"size": 205,
"hull": 17,
"seed": 0,
"copy2device": 0,
"find_extremes": 1039.04,
"find_corners": 2157.09,
"find_points_in_Q": 0,
"compaction": 3502.11,
"copy2host": 0,
"filter": 6698.27,
"delete": 0,
"preparation": 0.014208,
"cgal_convex_hull": 0.023552,
"total": 6698.29
}