{
"n": 805306368,
"size": 158,
"hull": 25,
"seed": 0,
"copy2device": 0,
"find_extremes": 2082.99,
"find_corners": 2919.41,
"find_points_in_Q": 0,
"compaction": 10293.9,
"copy2host": 0,
"filter": 15296.3,
"delete": 0,
"preparation": 0.018432,
"cgal_convex_hull": 0.019488,
"total": 15296.3
}