{
"n": 872415232,
"size": 377,
"hull": 19,
"seed": 0,
"copy2device": 0,
"find_extremes": 2194.83,
"find_corners": 4737.39,
"find_points_in_Q": 0,
"compaction": 4992.15,
"copy2host": 0,
"filter": 11924.4,
"delete": 0,
"preparation": 0.065504,
"cgal_convex_hull": 0.029696,
"total": 11924.4
}