{
"n": 905969664,
"size": 279,
"hull": 20,
"seed": 0,
"copy2device": 0,
"find_extremes": 2388.04,
"find_corners": 5486.25,
"find_points_in_Q": 0,
"compaction": 6355.92,
"copy2host": 0,
"filter": 14230.2,
"delete": 0,
"preparation": 0.029888,
"cgal_convex_hull": 0.022528,
"total": 14230.3
}