{
"n": 603979776,
"size": 101,
"hull": 22,
"seed": 0,
"copy2device": 0,
"find_extremes": 1651.08,
"find_corners": 3293.89,
"find_points_in_Q": 0,
"compaction": 6830.79,
"copy2host": 0,
"filter": 11775.8,
"delete": 0,
"preparation": 0.013312,
"cgal_convex_hull": 0.013312,
"total": 11775.8
}