{
"n": 134217728,
"size": 107,
"hull": 20,
"seed": 0,
"copy2device": 0,
"find_extremes": 380.672,
"find_corners": 515.219,
"find_points_in_Q": 0,
"compaction": 1330.79,
"copy2host": 0,
"filter": 2226.73,
"delete": 0,
"preparation": 0.013312,
"cgal_convex_hull": 0.014336,
"total": 2226.74
}