{
"n": 905969664,
"size": 1089,
"hull": 18,
"seed": 0,
"copy2device": 0,
"find_extremes": 2215.87,
"find_corners": 3500.53,
"find_points_in_Q": 0,
"compaction": 10879.5,
"copy2host": 0,
"filter": 16596,
"delete": 0,
"preparation": 0.304128,
"cgal_convex_hull": 0.068544,
"total": 16596
}