{
"n": 134217728,
"size": 115,
"hull": 22,
"seed": 0,
"copy2device": 0,
"find_extremes": 424.507,
"find_corners": 465.307,
"find_points_in_Q": 0,
"compaction": 1403.78,
"copy2host": 0,
"filter": 2293.64,
"delete": 0,
"preparation": 0.012288,
"cgal_convex_hull": 0.016256,
"total": 2293.65
}