{
"n": 201326592,
"size": 206,
"hull": 20,
"seed": 0,
"copy2device": 0,
"find_extremes": 492.372,
"find_corners": 1046.51,
"find_points_in_Q": 0,
"compaction": 1774.93,
"copy2host": 0,
"filter": 3313.85,
"delete": 0,
"preparation": 0.108544,
"cgal_convex_hull": 0.020416,
"total": 3313.87
}