{
"n": 805306368,
"size": 128,
"hull": 24,
"seed": 0,
"copy2device": 0,
"find_extremes": 2305.67,
"find_corners": 4438.69,
"find_points_in_Q": 0,
"compaction": 9924.83,
"copy2host": 0,
"filter": 16669.2,
"delete": 0,
"preparation": 0.017408,
"cgal_convex_hull": 0.021504,
"total": 16669.2
}