{
"n": 637534208,
"size": 186,
"hull": 23,
"seed": 0,
"copy2device": 0,
"find_extremes": 1560.39,
"find_corners": 2464.52,
"find_points_in_Q": 0,
"compaction": 7699.22,
"copy2host": 0,
"filter": 11724.2,
"delete": 0,
"preparation": 0.070656,
"cgal_convex_hull": 0.021472,
"total": 11724.2
}