{
"n": 301989888,
"size": 203,
"hull": 24,
"seed": 0,
"copy2device": 0,
"find_extremes": 911.063,
"find_corners": 1236.92,
"find_points_in_Q": 0,
"compaction": 4321.39,
"copy2host": 0,
"filter": 6469.41,
"delete": 0,
"preparation": 0.019456,
"cgal_convex_hull": 0.018432,
"total": 6469.42
}