{
"n": 603979776,
"size": 151,
"hull": 25,
"seed": 0,
"copy2device": 0,
"find_extremes": 1812.38,
"find_corners": 3287.87,
"find_points_in_Q": 0,
"compaction": 7830.99,
"copy2host": 0,
"filter": 12931.3,
"delete": 0,
"preparation": 0.017408,
"cgal_convex_hull": 0.018432,
"total": 12931.3
}