{
"n": 905969664,
"size": 762,
"hull": 17,
"seed": 0,
"copy2device": 0,
"find_extremes": 2385.41,
"find_corners": 3621.71,
"find_points_in_Q": 0,
"compaction": 7917.43,
"copy2host": 0,
"filter": 13924.6,
"delete": 0,
"preparation": 0.067584,
"cgal_convex_hull": 0.052288,
"total": 13924.6
}