{
"n": 570425344,
"size": 105,
"hull": 19,
"seed": 0,
"copy2device": 0,
"find_extremes": 1701.56,
"find_corners": 3493.95,
"find_points_in_Q": 0,
"compaction": 7224.09,
"copy2host": 0,
"filter": 12419.6,
"delete": 0,
"preparation": 0.013312,
"cgal_convex_hull": 0.016512,
"total": 12419.7
}