{
"n": 570425344,
"size": 200,
"hull": 20,
"seed": 0,
"copy2device": 0,
"find_extremes": 1464.06,
"find_corners": 3510.24,
"find_points_in_Q": 0,
"compaction": 5656.97,
"copy2host": 0,
"filter": 10631.3,
"delete": 0,
"preparation": 0.018432,
"cgal_convex_hull": 0.019456,
"total": 10631.3
}