{
"n": 973078528,
"size": 658,
"hull": 23,
"seed": 0,
"copy2device": 0,
"find_extremes": 2755.03,
"find_corners": 4022.13,
"find_points_in_Q": 0,
"compaction": 12205.5,
"copy2host": 0,
"filter": 18982.7,
"delete": 0,
"preparation": 0.050176,
"cgal_convex_hull": 0.048128,
"total": 18982.8
}