{
"n": 1073741824,
"size": 103,
"hull": 21,
"seed": 0,
"copy2device": 0,
"find_extremes": 2626.61,
"find_corners": 3669.41,
"find_points_in_Q": 0,
"compaction": 12253.4,
"copy2host": 0,
"filter": 18549.5,
"delete": 0,
"preparation": 0.044032,
"cgal_convex_hull": 0.01536,
"total": 18549.5
}