{
"n": 234881024,
"size": 128,
"hull": 23,
"seed": 0,
"copy2device": 0,
"find_extremes": 736.332,
"find_corners": 949.851,
"find_points_in_Q": 0,
"compaction": 3182.63,
"copy2host": 0,
"filter": 4868.84,
"delete": 0,
"preparation": 0.075776,
"cgal_convex_hull": 0.014336,
"total": 4868.86
}