{
"n": 201326592,
"size": 327,
"hull": 21,
"seed": 0,
"copy2device": 0,
"find_extremes": 510.064,
"find_corners": 783.359,
"find_points_in_Q": 0,
"compaction": 1691.17,
"copy2host": 0,
"filter": 2984.63,
"delete": 0,
"preparation": 0.024416,
"cgal_convex_hull": 0.023552,
"total": 2984.65
}