{
"n": 1040187392,
"size": 127,
"hull": 26,
"seed": 0,
"copy2device": 0,
"find_extremes": 2544.34,
"find_corners": 4061.95,
"find_points_in_Q": 0,
"compaction": 13943.5,
"copy2host": 0,
"filter": 20549.8,
"delete": 0,
"preparation": 0.069632,
"cgal_convex_hull": 0.014336,
"total": 20549.8
}