{
"n": 905969664,
"size": 500,
"hull": 23,
"seed": 0,
"copy2device": 0,
"find_extremes": 2368.35,
"find_corners": 3723.77,
"find_points_in_Q": 0,
"compaction": 10594.3,
"copy2host": 0,
"filter": 16686.5,
"delete": 0,
"preparation": 0.031744,
"cgal_convex_hull": 0.037888,
"total": 16686.5
}