{
"n": 1040187392,
"size": 412,
"hull": 23,
"seed": 0,
"copy2device": 0,
"find_extremes": 2545.72,
"find_corners": 4071.04,
"find_points_in_Q": 0,
"compaction": 13487.7,
"copy2host": 0,
"filter": 20104.5,
"delete": 0,
"preparation": 0.172032,
"cgal_convex_hull": 0.034752,
"total": 20104.5
}