{
"n": 436207616,
"size": 195,
"hull": 25,
"seed": 0,
"copy2device": 0,
"find_extremes": 1121.33,
"find_corners": 2644.42,
"find_points_in_Q": 0,
"compaction": 3326.09,
"copy2host": 0,
"filter": 7091.87,
"delete": 0,
"preparation": 0.021376,
"cgal_convex_hull": 0.017408,
"total": 7091.89
}