{
"n": 469762048,
"size": 274,
"hull": 21,
"seed": 0,
"copy2device": 0,
"find_extremes": 1204.46,
"find_corners": 2592.14,
"find_points_in_Q": 0,
"compaction": 5574.05,
"copy2host": 0,
"filter": 9370.69,
"delete": 0,
"preparation": 0.033792,
"cgal_convex_hull": 0.022528,
"total": 9370.71
}