{
"n": 738197504,
"size": 180,
"hull": 20,
"seed": 0,
"copy2device": 0,
"find_extremes": 2207.46,
"find_corners": 2613.55,
"find_points_in_Q": 0,
"compaction": 8147.83,
"copy2host": 0,
"filter": 12968.9,
"delete": 0,
"preparation": 0.088064,
"cgal_convex_hull": 0.016384,
"total": 12968.9
}