{
"n": 1006632960,
"size": 251,
"hull": 22,
"seed": 0,
"copy2device": 0,
"find_extremes": 2461.72,
"find_corners": 5223.93,
"find_points_in_Q": 0,
"compaction": 11027.6,
"copy2host": 0,
"filter": 18713.3,
"delete": 0,
"preparation": 0.10752,
"cgal_convex_hull": 0.021504,
"total": 18713.3
}