{
"n": 503316480,
"size": 141,
"hull": 27,
"seed": 0,
"copy2device": 0,
"find_extremes": 1428.14,
"find_corners": 2056.45,
"find_points_in_Q": 0,
"compaction": 7099.66,
"copy2host": 0,
"filter": 10584.3,
"delete": 0,
"preparation": 0.018432,
"cgal_convex_hull": 0.018432,
"total": 10584.3
}