{
"n": 1006632960,
"size": 206,
"hull": 25,
"seed": 0,
"copy2device": 0,
"find_extremes": 2460.62,
"find_corners": 5234.94,
"find_points_in_Q": 0,
"compaction": 11909.8,
"copy2host": 0,
"filter": 19605.4,
"delete": 0,
"preparation": 0.089024,
"cgal_convex_hull": 0.020416,
"total": 19605.4
}