{
"n": 872415232,
"size": 192,
"hull": 21,
"seed": 0,
"copy2device": 0,
"find_extremes": 2133.63,
"find_corners": 4634.37,
"find_points_in_Q": 0,
"compaction": 5453.88,
"copy2host": 0,
"filter": 12221.9,
"delete": 0,
"preparation": 0.052096,
"cgal_convex_hull": 0.017216,
"total": 12221.9
}