{
"n": 402653184,
"size": 173,
"hull": 18,
"seed": 0,
"copy2device": 0,
"find_extremes": 1205.46,
"find_corners": 2157.26,
"find_points_in_Q": 0,
"compaction": 4384.49,
"copy2host": 0,
"filter": 7747.24,
"delete": 0,
"preparation": 0.083968,
"cgal_convex_hull": 0.018432,
"total": 7747.26
}