{
"n": 1006632960,
"size": 116,
"hull": 22,
"seed": 0,
"copy2device": 0,
"find_extremes": 2460.64,
"find_corners": 5231.03,
"find_points_in_Q": 0,
"compaction": 12822,
"copy2host": 0,
"filter": 20513.7,
"delete": 0,
"preparation": 0.054272,
"cgal_convex_hull": 0.015488,
"total": 20513.7
}