{
"n": 1006632960,
"size": 142,
"hull": 22,
"seed": 0,
"copy2device": 0,
"find_extremes": 2576.95,
"find_corners": 3673.34,
"find_points_in_Q": 0,
"compaction": 12156.9,
"copy2host": 0,
"filter": 18407.2,
"delete": 0,
"preparation": 0.01936,
"cgal_convex_hull": 0.016384,
"total": 18407.3
}