{
"n": 1040187392,
"size": 56,
"hull": 19,
"seed": 0,
"copy2device": 0,
"find_extremes": 2546.16,
"find_corners": 4100.53,
"find_points_in_Q": 0,
"compaction": 14174.1,
"copy2host": 0,
"filter": 20820.8,
"delete": 0,
"preparation": 0.045056,
"cgal_convex_hull": 0.011264,
"total": 20820.8
}