{
"n": 1040187392,
"size": 107,
"hull": 26,
"seed": 0,
"copy2device": 0,
"find_extremes": 3008.28,
"find_corners": 4115.32,
"find_points_in_Q": 0,
"compaction": 15351.4,
"copy2host": 0,
"filter": 22475,
"delete": 0,
"preparation": 0.039936,
"cgal_convex_hull": 0.014336,
"total": 22475.1
}