{
"n": 268435456,
"size": 113,
"hull": 19,
"seed": 0,
"copy2device": 0,
"find_extremes": 658.806,
"find_corners": 955.016,
"find_points_in_Q": 0,
"compaction": 2954.26,
"copy2host": 0,
"filter": 4568.11,
"delete": 0,
"preparation": 0.019296,
"cgal_convex_hull": 0.012416,
"total": 4568.13
}