{
"n": 905969664,
"size": 127,
"hull": 23,
"seed": 0,
"copy2device": 0,
"find_extremes": 2487.46,
"find_corners": 3651.23,
"find_points_in_Q": 0,
"compaction": 8183.13,
"copy2host": 0,
"filter": 14321.9,
"delete": 0,
"preparation": 0.052224,
"cgal_convex_hull": 0.013184,
"total": 14321.9
}