{
"n": 838860800,
"size": 116,
"hull": 25,
"seed": 0,
"copy2device": 0,
"find_extremes": 2447.95,
"find_corners": 5034.22,
"find_points_in_Q": 0,
"compaction": 11316.3,
"copy2host": 0,
"filter": 18798.5,
"delete": 0,
"preparation": 0.049152,
"cgal_convex_hull": 0.013312,
"total": 18798.5
}