{
"n": 1073741824,
"size": 208,
"hull": 23,
"seed": 0,
"copy2device": 0,
"find_extremes": 2743.26,
"find_corners": 3686.86,
"find_points_in_Q": 0,
"compaction": 11392.8,
"copy2host": 0,
"filter": 17822.9,
"delete": 0,
"preparation": 0.044224,
"cgal_convex_hull": 0.022528,
"total": 17823
}