{
"n": 905969664,
"size": 150,
"hull": 26,
"seed": 0,
"copy2device": 0,
"find_extremes": 2566.17,
"find_corners": 3703.08,
"find_points_in_Q": 0,
"compaction": 7979.94,
"copy2host": 0,
"filter": 14249.2,
"delete": 0,
"preparation": 0.019456,
"cgal_convex_hull": 0.020352,
"total": 14249.3
}