{
"n": 1006632960,
"size": 211,
"hull": 23,
"seed": 0,
"copy2device": 0,
"find_extremes": 2805.86,
"find_corners": 5484.69,
"find_points_in_Q": 0,
"compaction": 8221.92,
"copy2host": 0,
"filter": 16512.5,
"delete": 0,
"preparation": 0.02048,
"cgal_convex_hull": 0.021504,
"total": 16512.5
}