{
"n": 1040187392,
"size": 175,
"hull": 20,
"seed": 0,
"copy2device": 0,
"find_extremes": 2544.52,
"find_corners": 6173.02,
"find_points_in_Q": 0,
"compaction": 10800.6,
"copy2host": 0,
"filter": 19518.2,
"delete": 0,
"preparation": 0.08384,
"cgal_convex_hull": 0.019456,
"total": 19518.2
}