{
"n": 402653184,
"size": 496,
"hull": 20,
"seed": 0,
"copy2device": 0,
"find_extremes": 1153.27,
"find_corners": 1436.72,
"find_points_in_Q": 0,
"compaction": 1523.39,
"copy2host": 0,
"filter": 4113.42,
"delete": 0,
"preparation": 0.090112,
"cgal_convex_hull": 0.032896,
"total": 4113.45
}