{
"n": 738197504,
"size": 232,
"hull": 26,
"seed": 0,
"copy2device": 0,
"find_extremes": 2152.21,
"find_corners": 3973.93,
"find_points_in_Q": 0,
"compaction": 5609.27,
"copy2host": 0,
"filter": 11735.4,
"delete": 0,
"preparation": 0.090112,
"cgal_convex_hull": 0.023552,
"total": 11735.5
}