{
"n": 469762048,
"size": 529,
"hull": 24,
"seed": 0,
"copy2device": 0,
"find_extremes": 1258.41,
"find_corners": 1693.06,
"find_points_in_Q": 0,
"compaction": 5230.67,
"copy2host": 0,
"filter": 8182.18,
"delete": 0,
"preparation": 0.143168,
"cgal_convex_hull": 0.036928,
"total": 8182.22
}