{
"n": 1073741824,
"size": 247,
"hull": 25,
"seed": 0,
"copy2device": 0,
"find_extremes": 2895.14,
"find_corners": 3899.49,
"find_points_in_Q": 0,
"compaction": 11613.8,
"copy2host": 0,
"filter": 18408.4,
"delete": 0,
"preparation": 0.043776,
"cgal_convex_hull": 0.022528,
"total": 18408.5
}