{
"n": 771751936,
"size": 111,
"hull": 24,
"seed": 0,
"copy2device": 0,
"find_extremes": 2058.12,
"find_corners": 4746.07,
"find_points_in_Q": 0,
"compaction": 6589.16,
"copy2host": 0,
"filter": 13393.4,
"delete": 0,
"preparation": 0.018432,
"cgal_convex_hull": 0.013312,
"total": 13393.4
}