{
"n": 100663296,
"size": 219,
"hull": 22,
"seed": 0,
"copy2device": 0,
"find_extremes": 289.326,
"find_corners": 602.393,
"find_points_in_Q": 0,
"compaction": 1114.98,
"copy2host": 0,
"filter": 2006.74,
"delete": 0,
"preparation": 0.116704,
"cgal_convex_hull": 0.021408,
"total": 2006.76
}