{
"n": 838860800,
"size": 446,
"hull": 19,
"seed": 0,
"copy2device": 0,
"find_extremes": 2443.45,
"find_corners": 3362.06,
"find_points_in_Q": 0,
"compaction": 8302.13,
"copy2host": 0,
"filter": 14107.7,
"delete": 0,
"preparation": 0.176128,
"cgal_convex_hull": 0.032768,
"total": 14107.7
}