{
"n": 671088640,
"size": 112,
"hull": 17,
"seed": 0,
"copy2device": 0,
"find_extremes": 1924.66,
"find_corners": 2384.61,
"find_points_in_Q": 0,
"compaction": 6372.25,
"copy2host": 0,
"filter": 10681.5,
"delete": 0,
"preparation": 0.038912,
"cgal_convex_hull": 0.014336,
"total": 10681.6
}