{
"n": 637534208,
"size": 125,
"hull": 22,
"seed": 0,
"copy2device": 0,
"find_extremes": 1601.89,
"find_corners": 2619.69,
"find_points_in_Q": 0,
"compaction": 8068.74,
"copy2host": 0,
"filter": 12290.3,
"delete": 0,
"preparation": 0.017408,
"cgal_convex_hull": 0.016384,
"total": 12290.4
}