{
"n": 234881024,
"size": 106,
"hull": 19,
"seed": 0,
"copy2device": 0,
"find_extremes": 685.681,
"find_corners": 1414.72,
"find_points_in_Q": 0,
"compaction": 2339.71,
"copy2host": 0,
"filter": 4440.15,
"delete": 0,
"preparation": 0.048128,
"cgal_convex_hull": 0.014176,
"total": 4440.16
}