{
"n": 738197504,
"size": 152,
"hull": 24,
"seed": 0,
"copy2device": 0,
"find_extremes": 1898.21,
"find_corners": 3850.45,
"find_points_in_Q": 0,
"compaction": 7056.55,
"copy2host": 0,
"filter": 12805.3,
"delete": 0,
"preparation": 0.037664,
"cgal_convex_hull": 0.017408,
"total": 12805.3
}