{
"n": 1040187392,
"size": 145,
"hull": 19,
"seed": 0,
"copy2device": 0,
"find_extremes": 3024.64,
"find_corners": 4142.44,
"find_points_in_Q": 0,
"compaction": 9341.21,
"copy2host": 0,
"filter": 16508.3,
"delete": 0,
"preparation": 0.075776,
"cgal_convex_hull": 0.016384,
"total": 16508.3
}