{
"n": 503316480,
"size": 231,
"hull": 21,
"seed": 0,
"copy2device": 0,
"find_extremes": 1539.72,
"find_corners": 3076.59,
"find_points_in_Q": 0,
"compaction": 6071.09,
"copy2host": 0,
"filter": 10687.4,
"delete": 0,
"preparation": 0.019456,
"cgal_convex_hull": 0.022528,
"total": 10687.5
}