{
"n": 100663296,
"size": 234,
"hull": 19,
"seed": 0,
"copy2device": 0,
"find_extremes": 296.453,
"find_corners": 389.552,
"find_points_in_Q": 0,
"compaction": 893.672,
"copy2host": 0,
"filter": 1579.71,
"delete": 0,
"preparation": 0.027552,
"cgal_convex_hull": 0.017376,
"total": 1579.73
}