{
"n": 134217728,
"size": 227,
"hull": 24,
"seed": 0,
"copy2device": 0,
"find_extremes": 345.081,
"find_corners": 703.815,
"find_points_in_Q": 0,
"compaction": 1285.09,
"copy2host": 0,
"filter": 2334.02,
"delete": 0,
"preparation": 0.019552,
"cgal_convex_hull": 0.022528,
"total": 2334.04
}