{
"n": 1006632960,
"size": 109,
"hull": 19,
"seed": 0,
"copy2device": 0,
"find_extremes": 2564.07,
"find_corners": 5497.15,
"find_points_in_Q": 0,
"compaction": 5958.49,
"copy2host": 0,
"filter": 14019.7,
"delete": 0,
"preparation": 0.024544,
"cgal_convex_hull": 0.013312,
"total": 14019.8
}