{
"n": 1073741824,
"size": 334,
"hull": 22,
"seed": 0,
"copy2device": 0,
"find_extremes": 2910.91,
"find_corners": 5760.03,
"find_points_in_Q": 0,
"compaction": 5789.93,
"copy2host": 0,
"filter": 14460.9,
"delete": 0,
"preparation": 0.028672,
"cgal_convex_hull": 0.027488,
"total": 14460.9
}