{
"n": 1040187392,
"size": 259,
"hull": 20,
"seed": 0,
"copy2device": 0,
"find_extremes": 2543.89,
"find_corners": 4024.6,
"find_points_in_Q": 0,
"compaction": 13030.9,
"copy2host": 0,
"filter": 19599.4,
"delete": 0,
"preparation": 0.115776,
"cgal_convex_hull": 0.021504,
"total": 19599.4
}