{
"n": 469762048,
"size": 130,
"hull": 23,
"seed": 0,
"copy2device": 0,
"find_extremes": 1208.47,
"find_corners": 2590.09,
"find_points_in_Q": 0,
"compaction": 5661.97,
"copy2host": 0,
"filter": 9460.57,
"delete": 0,
"preparation": 0.016384,
"cgal_convex_hull": 0.016544,
"total": 9460.59
}