{
"n": 134217728,
"size": 205,
"hull": 23,
"seed": 0,
"copy2device": 0,
"find_extremes": 362.195,
"find_corners": 704.662,
"find_points_in_Q": 0,
"compaction": 1224.21,
"copy2host": 0,
"filter": 2291.11,
"delete": 0,
"preparation": 0.017408,
"cgal_convex_hull": 0.022528,
"total": 2291.13
}