{
"n": 1040187392,
"size": 215,
"hull": 24,
"seed": 0,
"copy2device": 0,
"find_extremes": 2747.52,
"find_corners": 4279.81,
"find_points_in_Q": 0,
"compaction": 12439.1,
"copy2host": 0,
"filter": 19466.5,
"delete": 0,
"preparation": 0.023552,
"cgal_convex_hull": 0.022688,
"total": 19466.5
}