{
"n": 436207616,
"size": 196,
"hull": 27,
"seed": 0,
"copy2device": 0,
"find_extremes": 1367.38,
"find_corners": 2616.72,
"find_points_in_Q": 0,
"compaction": 5875.09,
"copy2host": 0,
"filter": 9859.22,
"delete": 0,
"preparation": 0.018432,
"cgal_convex_hull": 0.022496,
"total": 9859.25
}