{
"n": 838860800,
"size": 304,
"hull": 21,
"seed": 0,
"copy2device": 0,
"find_extremes": 2314.93,
"find_corners": 5099.97,
"find_points_in_Q": 0,
"compaction": 5927.82,
"copy2host": 0,
"filter": 13342.8,
"delete": 0,
"preparation": 0.070656,
"cgal_convex_hull": 0.026624,
"total": 13342.8
}