{
"n": 637534208,
"size": 147,
"hull": 20,
"seed": 0,
"copy2device": 0,
"find_extremes": 1799.94,
"find_corners": 2574.71,
"find_points_in_Q": 0,
"compaction": 5772.14,
"copy2host": 0,
"filter": 10146.8,
"delete": 0,
"preparation": 0.019456,
"cgal_convex_hull": 0.017408,
"total": 10146.8
}