{
"n": 771751936,
"size": 175,
"hull": 27,
"seed": 0,
"copy2device": 0,
"find_extremes": 1888.16,
"find_corners": 3028.18,
"find_points_in_Q": 0,
"compaction": 4204.99,
"copy2host": 0,
"filter": 9121.36,
"delete": 0,
"preparation": 0.057504,
"cgal_convex_hull": 0.017408,
"total": 9121.38
}