{
"n": 805306368,
"size": 148,
"hull": 19,
"seed": 0,
"copy2device": 0,
"find_extremes": 2114.61,
"find_corners": 4287.12,
"find_points_in_Q": 0,
"compaction": 3262.14,
"copy2host": 0,
"filter": 9663.91,
"delete": 0,
"preparation": 0.028672,
"cgal_convex_hull": 0.017344,
"total": 9663.92
}