{
"n": 1006632960,
"size": 173,
"hull": 17,
"seed": 0,
"copy2device": 0,
"find_extremes": 2633.07,
"find_corners": 5536.85,
"find_points_in_Q": 0,
"compaction": 9741.25,
"copy2host": 0,
"filter": 17911.2,
"delete": 0,
"preparation": 0.019456,
"cgal_convex_hull": 0.01968,
"total": 17911.2
}