{
"n": 805306368,
"size": 741,
"hull": 24,
"seed": 0,
"copy2device": 0,
"find_extremes": 1969.72,
"find_corners": 2748.65,
"find_points_in_Q": 0,
"compaction": 9838.41,
"copy2host": 0,
"filter": 14556.8,
"delete": 0,
"preparation": 0.219104,
"cgal_convex_hull": 0.055104,
"total": 14556.9
}