{
"n": 973078528,
"size": 184,
"hull": 20,
"seed": 0,
"copy2device": 0,
"find_extremes": 2793.78,
"find_corners": 5825.06,
"find_points_in_Q": 0,
"compaction": 10200.6,
"copy2host": 0,
"filter": 18819.5,
"delete": 0,
"preparation": 0.052224,
"cgal_convex_hull": 0.018432,
"total": 18819.5
}