{
"n": 570425344,
"size": 2203,
"hull": 21,
"seed": 0,
"copy2device": 0,
"find_extremes": 1508.62,
"find_corners": 2289.52,
"find_points_in_Q": 0,
"compaction": 5445.65,
"copy2host": 0,
"filter": 9243.83,
"delete": 0,
"preparation": 0.202976,
"cgal_convex_hull": 0.151456,
"total": 9243.98
}