{
"n": 268435456,
"size": 386,
"hull": 26,
"seed": 0,
"copy2device": 0,
"find_extremes": 656.582,
"find_corners": 945.483,
"find_points_in_Q": 0,
"compaction": 2914.48,
"copy2host": 0,
"filter": 4516.58,
"delete": 0,
"preparation": 0.103552,
"cgal_convex_hull": 0.033792,
"total": 4516.62
}