{
"n": 671088640,
"size": 400,
"hull": 21,
"seed": 0,
"copy2device": 0,
"find_extremes": 1979.92,
"find_corners": 3588.22,
"find_points_in_Q": 0,
"compaction": 5021.54,
"copy2host": 0,
"filter": 10589.7,
"delete": 0,
"preparation": 0.134144,
"cgal_convex_hull": 0.031744,
"total": 10589.7
}