{
"n": 1073741824,
"size": 157,
"hull": 18,
"seed": 0,
"copy2device": 0,
"find_extremes": 2859.22,
"find_corners": 5944.69,
"find_points_in_Q": 0,
"compaction": 7537.81,
"copy2host": 0,
"filter": 16341.8,
"delete": 0,
"preparation": 0.02048,
"cgal_convex_hull": 0.018432,
"total": 16341.8
}