{
"n": 671088640,
"size": 346,
"hull": 21,
"seed": 0,
"copy2device": 0,
"find_extremes": 1862.93,
"find_corners": 2412.95,
"find_points_in_Q": 0,
"compaction": 8410.65,
"copy2host": 0,
"filter": 12686.6,
"delete": 0,
"preparation": 0.021728,
"cgal_convex_hull": 0.029696,
"total": 12686.6
}