{
"n": 738197504,
"size": 167,
"hull": 23,
"seed": 0,
"copy2device": 0,
"find_extremes": 2233.04,
"find_corners": 3974.25,
"find_points_in_Q": 0,
"compaction": 7750.81,
"copy2host": 0,
"filter": 13958.1,
"delete": 0,
"preparation": 0.047296,
"cgal_convex_hull": 0.017408,
"total": 13958.1
}