{
"n": 1006632960,
"size": 188,
"hull": 19,
"seed": 0,
"copy2device": 0,
"find_extremes": 2460.8,
"find_corners": 3444.29,
"find_points_in_Q": 0,
"compaction": 7115.97,
"copy2host": 0,
"filter": 13021.1,
"delete": 0,
"preparation": 0.090144,
"cgal_convex_hull": 0.017408,
"total": 13021.1
}