{
"n": 805306368,
"size": 152,
"hull": 24,
"seed": 0,
"copy2device": 611.395,
"find_extremes": 18.2484,
"find_corners": 80.0974,
"find_points_in_Q": 16.0811,
"compaction": 11.2752,
"copy2host": 0.012672,
"filter": 125.738,
"delete": 0,
"preparation": 0.021792,
"cgal_convex_hull": 0.016736,
"total": 125.755
}