{
"n": 771751936,
"size": 89,
"hull": 20,
"seed": 0,
"copy2device": 536.716,
"find_extremes": 17.4681,
"find_corners": 75.0641,
"find_points_in_Q": 15.1929,
"compaction": 10.7987,
"copy2host": 0.011744,
"filter": 118.558,
"delete": 0,
"preparation": 0.010496,
"cgal_convex_hull": 0.01168,
"total": 118.57
}