{
"n": 805306368,
"size": 172,
"hull": 15,
"seed": 0,
"copy2device": 560.461,
"find_extremes": 18.2408,
"find_corners": 79.9201,
"find_points_in_Q": 16.0988,
"compaction": 11.3166,
"copy2host": 0.012064,
"filter": 125.614,
"delete": 0,
"preparation": 0.01568,
"cgal_convex_hull": 0.016736,
"total": 125.631
}