{
"n": 637534208,
"size": 242,
"hull": 26,
"seed": 0,
"copy2device": 447.573,
"find_extremes": 14.3747,
"find_corners": 63.1348,
"find_points_in_Q": 12.5582,
"compaction": 8.90723,
"copy2host": 0.010528,
"filter": 99.0106,
"delete": 0,
"preparation": 0.045408,
"cgal_convex_hull": 0.020384,
"total": 99.0309
}