{
"n": 905969664,
"size": 149,
"hull": 21,
"seed": 0,
"copy2device": 664.555,
"find_extremes": 20.5766,
"find_corners": 88.4041,
"find_points_in_Q": 17.6019,
"compaction": 12.7124,
"copy2host": 0.011968,
"filter": 139.332,
"delete": 0,
"preparation": 0.027328,
"cgal_convex_hull": 0.016384,
"total": 139.348
}