{
"n": 134217728,
"size": 157,
"hull": 20,
"seed": 0,
"copy2device": 85.0667,
"find_extremes": 3.00506,
"find_corners": 13.3023,
"find_points_in_Q": 2.80291,
"compaction": 1.90886,
"copy2host": 0.010688,
"filter": 21.0494,
"delete": 0,
"preparation": 0.01104,
"cgal_convex_hull": 0.015104,
"total": 21.0645
}