{
"n": 738197504,
"size": 86,
"hull": 25,
"seed": 0,
"copy2device": 512.411,
"find_extremes": 16.6729,
"find_corners": 71.97,
"find_points_in_Q": 14.5194,
"compaction": 10.3441,
"copy2host": 0.012288,
"filter": 113.541,
"delete": 0,
"preparation": 0.0096,
"cgal_convex_hull": 0.012736,
"total": 113.554
}