{
"n": 234881024,
"size": 88,
"hull": 19,
"seed": 0,
"copy2device": 156.856,
"find_extremes": 5.23914,
"find_corners": 23.2559,
"find_points_in_Q": 4.89808,
"compaction": 3.29085,
"copy2host": 0.009504,
"filter": 36.7164,
"delete": 0,
"preparation": 0.008448,
"cgal_convex_hull": 0.012704,
"total": 36.7291
}