{
"n": 100663296,
"size": 164,
"hull": 24,
"seed": 0,
"copy2device": 64.4465,
"find_extremes": 2.26589,
"find_corners": 10.0529,
"find_points_in_Q": 2.08147,
"compaction": 1.39126,
"copy2host": 0.010016,
"filter": 15.8203,
"delete": 0,
"preparation": 0.012064,
"cgal_convex_hull": 0.016832,
"total": 15.8371
}