{
"n": 536870912,
"size": 86,
"hull": 20,
"seed": 0,
"copy2device": 372.542,
"find_extremes": 12.0628,
"find_corners": 52.9636,
"find_points_in_Q": 10.6896,
"compaction": 7.51875,
"copy2host": 0.01104,
"filter": 83.2678,
"delete": 0,
"preparation": 0.00944,
"cgal_convex_hull": 0.012576,
"total": 83.2803
}