{
"n": 167772160,
"size": 116,
"hull": 20,
"seed": 0,
"copy2device": 166.427,
"find_extremes": 3.7512,
"find_corners": 16.912,
"find_points_in_Q": 3.48294,
"compaction": 2.37933,
"copy2host": 0.00976,
"filter": 26.5556,
"delete": 0,
"preparation": 0.00992,
"cgal_convex_hull": 0.013888,
"total": 26.5695
}