{
"n": 637534208,
"size": 400,
"hull": 22,
"seed": 0,
"copy2device": 478.631,
"find_extremes": 14.3893,
"find_corners": 62.9558,
"find_points_in_Q": 12.5815,
"compaction": 8.93421,
"copy2host": 0.01312,
"filter": 98.8958,
"delete": 0,
"preparation": 0.033088,
"cgal_convex_hull": 0.030816,
"total": 98.9266
}