{
"n": 268435456,
"size": 209,
"hull": 22,
"seed": 0,
"copy2device": 182.065,
"find_extremes": 5.97776,
"find_corners": 26.2122,
"find_points_in_Q": 5.43837,
"compaction": 3.812,
"copy2host": 0.010944,
"filter": 41.4741,
"delete": 0,
"preparation": 0.015424,
"cgal_convex_hull": 0.018976,
"total": 41.4931
}