{
"n": 905969664,
"size": 242,
"hull": 19,
"seed": 0,
"copy2device": 686.12,
"find_extremes": 20.5609,
"find_corners": 88.6195,
"find_points_in_Q": 17.5623,
"compaction": 12.7219,
"copy2host": 0.011968,
"filter": 139.5,
"delete": 0,
"preparation": 0.020128,
"cgal_convex_hull": 0.01984,
"total": 139.52
}