{
"n": 335544320,
"size": 218,
"hull": 23,
"seed": 0,
"copy2device": 228.808,
"find_extremes": 7.48512,
"find_corners": 33.1653,
"find_points_in_Q": 6.8072,
"compaction": 4.73251,
"copy2host": 0.009952,
"filter": 52.222,
"delete": 0,
"preparation": 0.01616,
"cgal_convex_hull": 0.018464,
"total": 52.2405
}