{
"n": 671088640,
"size": 156,
"hull": 20,
"seed": 0,
"copy2device": 500.594,
"find_extremes": 15.131,
"find_corners": 65.3981,
"find_points_in_Q": 13.1863,
"compaction": 9.42752,
"copy2host": 0.012128,
"filter": 103.177,
"delete": 0,
"preparation": 0.02656,
"cgal_convex_hull": 0.016672,
"total": 103.194
}