{
"n": 771751936,
"size": 77,
"hull": 20,
"seed": 0,
"copy2device": 536.23,
"find_extremes": 17.4563,
"find_corners": 76.6965,
"find_points_in_Q": 15.3217,
"compaction": 10.8366,
"copy2host": 0.011232,
"filter": 120.352,
"delete": 0,
"preparation": 0.009856,
"cgal_convex_hull": 0.01312,
"total": 120.365
}