{
"n": 67108864,
"size": 65,
"hull": 16,
"seed": 0,
"copy2device": 41.5424,
"find_extremes": 1.54096,
"find_corners": 6.68301,
"find_points_in_Q": 1.43856,
"compaction": 0.97648,
"copy2host": 0.009504,
"filter": 10.6669,
"delete": 0,
"preparation": 0.006848,
"cgal_convex_hull": 0.011008,
"total": 10.6779
}