{
"n": 201326592,
"size": 235,
"hull": 22,
"seed": 0,
"copy2device": 134.169,
"find_extremes": 4.48643,
"find_corners": 20.1075,
"find_points_in_Q": 4.13008,
"compaction": 2.83699,
"copy2host": 0.011008,
"filter": 31.5913,
"delete": 0,
"preparation": 0.016864,
"cgal_convex_hull": 0.020736,
"total": 31.612
}