{
"n": 805306368,
"size": 492,
"hull": 21,
"seed": 0,
"copy2device": 560.755,
"find_extremes": 18.2332,
"find_corners": 80.0104,
"find_points_in_Q": 15.9803,
"compaction": 11.2956,
"copy2host": 0.011584,
"filter": 125.556,
"delete": 0,
"preparation": 0.032064,
"cgal_convex_hull": 0.033664,
"total": 125.589
}