{
"n": 402653184,
"size": 233,
"hull": 19,
"seed": 0,
"copy2device": 289.274,
"find_extremes": 8.99373,
"find_corners": 39.8187,
"find_points_in_Q": 8.3127,
"compaction": 5.67056,
"copy2host": 0.017504,
"filter": 62.8285,
"delete": 0,
"preparation": 0.017632,
"cgal_convex_hull": 0.01952,
"total": 62.848
}