{
"n": 469762048,
"size": 361,
"hull": 21,
"seed": 0,
"copy2device": 333.789,
"find_extremes": 10.527,
"find_corners": 46.2206,
"find_points_in_Q": 9.38752,
"compaction": 6.63978,
"copy2host": 0.020992,
"filter": 72.8081,
"delete": 0,
"preparation": 0.024896,
"cgal_convex_hull": 0.025824,
"total": 72.8339
}