{
"n": 469762048,
"size": 107,
"hull": 18,
"seed": 0,
"copy2device": 336.404,
"find_extremes": 10.5188,
"find_corners": 46.4251,
"find_points_in_Q": 9.63971,
"compaction": 6.57354,
"copy2host": 0.022208,
"filter": 73.1927,
"delete": 0,
"preparation": 0.010464,
"cgal_convex_hull": 0.014368,
"total": 73.2071
}