{
"n": 671088640,
"size": 159,
"hull": 21,
"seed": 0,
"copy2device": 476.126,
"find_extremes": 15.1473,
"find_corners": 65.4234,
"find_points_in_Q": 13.2584,
"compaction": 9.44272,
"copy2host": 0.01232,
"filter": 103.307,
"delete": 0,
"preparation": 0.014528,
"cgal_convex_hull": 0.01712,
"total": 103.324
}