{
"n": 67108864,
"size": 105,
"hull": 23,
"seed": 0,
"copy2device": 39.4608,
"find_extremes": 1.53878,
"find_corners": 6.68768,
"find_points_in_Q": 1.41158,
"compaction": 0.986112,
"copy2host": 0.009632,
"filter": 10.6551,
"delete": 0,
"preparation": 0.008032,
"cgal_convex_hull": 0.012896,
"total": 10.668
}