{
"n": 671088640,
"size": 161,
"hull": 20,
"seed": 0,
"copy2device": 466.952,
"find_extremes": 15.1481,
"find_corners": 65.5229,
"find_points_in_Q": 13.3906,
"compaction": 9.42115,
"copy2host": 0.011072,
"filter": 103.519,
"delete": 0,
"preparation": 0.01776,
"cgal_convex_hull": 0.015456,
"total": 103.535
}