{
"n": 872415232,
"size": 74,
"hull": 21,
"seed": 0,
"copy2device": 622.757,
"find_extremes": 19.7999,
"find_corners": 84.9395,
"find_points_in_Q": 17.006,
"compaction": 12.219,
"copy2host": 0.013088,
"filter": 134.005,
"delete": 0,
"preparation": 0.01344,
"cgal_convex_hull": 0.01232,
"total": 134.018
}