{
"n": 872415232,
"size": 195,
"hull": 22,
"seed": 0,
"copy2device": 608.619,
"find_extremes": 19.7996,
"find_corners": 84.7832,
"find_points_in_Q": 17.0896,
"compaction": 12.2546,
"copy2host": 0.012704,
"filter": 133.964,
"delete": 0,
"preparation": 0.016768,
"cgal_convex_hull": 0.018304,
"total": 133.982
}