{
"n": 671088640,
"size": 152,
"hull": 17,
"seed": 0,
"copy2device": 465.745,
"find_extremes": 15.1357,
"find_corners": 66.6007,
"find_points_in_Q": 13.1928,
"compaction": 9.4008,
"copy2host": 0.010336,
"filter": 104.364,
"delete": 0,
"preparation": 0.031008,
"cgal_convex_hull": 0.01584,
"total": 104.38
}