{
"n": 939524096,
"size": 119,
"hull": 20,
"seed": 0,
"copy2device": 709.949,
"find_extremes": 21.3472,
"find_corners": 91.5033,
"find_points_in_Q": 18.277,
"compaction": 13.1688,
"copy2host": 0.013792,
"filter": 144.332,
"delete": 0,
"preparation": 0.01248,
"cgal_convex_hull": 0.015552,
"total": 144.348
}