{
"n": 33554432,
"size": 33,
"hull": 15,
"seed": 0,
"copy2device": 45.9587,
"find_extremes": 0.822528,
"find_corners": 3.31299,
"find_points_in_Q": 0.734848,
"compaction": 0.473216,
"copy2host": 0.0088,
"filter": 5.37469,
"delete": 0,
"preparation": 0.009856,
"cgal_convex_hull": 0.00736,
"total": 5.38205
}