{
"n": 268435456,
"size": 83,
"hull": 20,
"seed": 0,
"copy2device": 191.164,
"find_extremes": 5.98058,
"find_corners": 26.1545,
"find_points_in_Q": 5.47389,
"compaction": 3.83542,
"copy2host": 0.0104,
"filter": 41.4759,
"delete": 0,
"preparation": 0.00848,
"cgal_convex_hull": 0.01168,
"total": 41.4876
}