{
"n": 570425344,
"size": 172,
"hull": 22,
"seed": 0,
"copy2device": 396.388,
"find_extremes": 12.8318,
"find_corners": 56.7064,
"find_points_in_Q": 11.2476,
"compaction": 8.04051,
"copy2host": 0.012736,
"filter": 88.8628,
"delete": 0,
"preparation": 0.02432,
"cgal_convex_hull": 0.016576,
"total": 88.8793
}