{
"n": 134217728,
"size": 143,
"hull": 17,
"seed": 0,
"copy2device": 85.1185,
"find_extremes": 2.99955,
"find_corners": 13.3567,
"find_points_in_Q": 2.78851,
"compaction": 1.91562,
"copy2host": 0.009248,
"filter": 21.0892,
"delete": 0,
"preparation": 0.012032,
"cgal_convex_hull": 0.014912,
"total": 21.1042
}