{
"n": 671088640,
"size": 163,
"hull": 23,
"seed": 0,
"copy2device": 511.328,
"find_extremes": 15.1281,
"find_corners": 65.4066,
"find_points_in_Q": 13.1554,
"compaction": 9.38317,
"copy2host": 0.011072,
"filter": 103.109,
"delete": 0,
"preparation": 0.020064,
"cgal_convex_hull": 0.016768,
"total": 103.125
}