{
"n": 268435456,
"size": 112,
"hull": 19,
"seed": 0,
"copy2device": 181.888,
"find_extremes": 5.97584,
"find_corners": 26.2726,
"find_points_in_Q": 5.46058,
"compaction": 3.81206,
"copy2host": 0.010592,
"filter": 41.5534,
"delete": 0,
"preparation": 0.010272,
"cgal_convex_hull": 0.014688,
"total": 41.5681
}