{
"n": 234881024,
"size": 248,
"hull": 21,
"seed": 0,
"copy2device": 158.178,
"find_extremes": 5.23482,
"find_corners": 23.2841,
"find_points_in_Q": 4.76909,
"compaction": 3.36822,
"copy2host": 0.012128,
"filter": 36.6882,
"delete": 0,
"preparation": 0.01616,
"cgal_convex_hull": 0.019968,
"total": 36.7082
}