{
"n": 536870912,
"size": 101,
"hull": 18,
"seed": 0,
"copy2device": 406.946,
"find_extremes": 12.0767,
"find_corners": 52.8792,
"find_points_in_Q": 10.6594,
"compaction": 7.56819,
"copy2host": 0.013248,
"filter": 83.2181,
"delete": 0,
"preparation": 0.012768,
"cgal_convex_hull": 0.015744,
"total": 83.2339
}