{
"n": 201326592,
"size": 70,
"hull": 20,
"seed": 0,
"copy2device": 134.302,
"find_extremes": 4.48237,
"find_corners": 20.0838,
"find_points_in_Q": 4.16698,
"compaction": 2.84502,
"copy2host": 0.009728,
"filter": 31.61,
"delete": 0,
"preparation": 0.007776,
"cgal_convex_hull": 0.011008,
"total": 31.621
}