{
"n": 939524096,
"size": 130,
"hull": 19,
"seed": 0,
"copy2device": 710.9,
"find_extremes": 21.3481,
"find_corners": 92.79,
"find_points_in_Q": 18.2515,
"compaction": 13.1871,
"copy2host": 0.01264,
"filter": 145.612,
"delete": 0,
"preparation": 0.013888,
"cgal_convex_hull": 0.014368,
"total": 145.626
}