{
"n": 536870912,
"size": 32,
"hull": 18,
"seed": 0,
"copy2device": 372.252,
"find_extremes": 12.0538,
"find_corners": 52.7588,
"find_points_in_Q": 10.6747,
"compaction": 7.56195,
"copy2host": 0.01088,
"filter": 83.0861,
"delete": 0,
"preparation": 0.004864,
"cgal_convex_hull": 0.008896,
"total": 83.095
}