{
"n": 771751936,
"size": 147,
"hull": 21,
"seed": 0,
"copy2device": 539.765,
"find_extremes": 17.4585,
"find_corners": 75.0435,
"find_points_in_Q": 15.1528,
"compaction": 10.7915,
"copy2host": 0.011424,
"filter": 118.483,
"delete": 0,
"preparation": 0.035232,
"cgal_convex_hull": 0.016352,
"total": 118.5
}