{
"n": 67108864,
"size": 41,
"hull": 20,
"seed": 0,
"copy2device": 41.5093,
"find_extremes": 1.53542,
"find_corners": 6.69469,
"find_points_in_Q": 1.39773,
"compaction": 0.981248,
"copy2host": 0.009664,
"filter": 10.6367,
"delete": 0,
"preparation": 0.004736,
"cgal_convex_hull": 0.00944,
"total": 10.6461
}