{
"n": 1006632960,
"size": 166,
"hull": 19,
"seed": 0,
"copy2device": 758.448,
"find_extremes": 22.89,
"find_corners": 99.4371,
"find_points_in_Q": 19.6613,
"compaction": 14.1393,
"copy2host": 0.013056,
"filter": 156.167,
"delete": 0,
"preparation": 0.028832,
"cgal_convex_hull": 0.017024,
"total": 156.184
}