{
"n": 201326592,
"size": 185,
"hull": 21,
"seed": 0,
"copy2device": 134.346,
"find_extremes": 4.48445,
"find_corners": 20.1193,
"find_points_in_Q": 4.16333,
"compaction": 2.8439,
"copy2host": 0.014176,
"filter": 31.6452,
"delete": 0,
"preparation": 0.023808,
"cgal_convex_hull": 0.019072,
"total": 31.6643
}