{
"n": 134217728,
"size": 187,
"hull": 23,
"seed": 0,
"copy2device": 86.2746,
"find_extremes": 3.02186,
"find_corners": 13.309,
"find_points_in_Q": 2.8288,
"compaction": 1.90714,
"copy2host": 0.010112,
"filter": 21.0963,
"delete": 0,
"preparation": 0.013792,
"cgal_convex_hull": 0.01776,
"total": 21.114
}