{
"n": 1073741824,
"size": 126,
"hull": 23,
"seed": 0,
"copy2device": 809.94,
"find_extremes": 24.4951,
"find_corners": 105.178,
"find_points_in_Q": 21.0379,
"compaction": 15.0433,
"copy2host": 0.011456,
"filter": 165.792,
"delete": 0,
"preparation": 0.014336,
"cgal_convex_hull": 0.015712,
"total": 165.808
}