{
"n": 603979776,
"size": 226,
"hull": 25,
"seed": 0,
"copy2device": 454.409,
"find_extremes": 13.6099,
"find_corners": 58.9543,
"find_points_in_Q": 12.136,
"compaction": 8.48826,
"copy2host": 0.01216,
"filter": 93.2235,
"delete": 0,
"preparation": 0.020064,
"cgal_convex_hull": 0.02032,
"total": 93.2438
}