{
"n": 234881024,
"size": 209,
"hull": 21,
"seed": 0,
"copy2device": 157.124,
"find_extremes": 5.22656,
"find_corners": 23.2377,
"find_points_in_Q": 4.87382,
"compaction": 3.30701,
"copy2host": 0.010624,
"filter": 36.6759,
"delete": 0,
"preparation": 0.015584,
"cgal_convex_hull": 0.01824,
"total": 36.6941
}