{
"n": 335544320,
"size": 140,
"hull": 20,
"seed": 0,
"copy2device": 229.937,
"find_extremes": 7.49056,
"find_corners": 33.4319,
"find_points_in_Q": 6.75027,
"compaction": 4.73075,
"copy2host": 0.009888,
"filter": 52.4366,
"delete": 0,
"preparation": 0.012256,
"cgal_convex_hull": 0.014784,
"total": 52.4514
}