{
"n": 167772160,
"size": 119,
"hull": 22,
"seed": 0,
"copy2device": 109.251,
"find_extremes": 3.74784,
"find_corners": 16.5882,
"find_points_in_Q": 3.47878,
"compaction": 2.40733,
"copy2host": 0.009952,
"filter": 26.2532,
"delete": 0,
"preparation": 0.0104,
"cgal_convex_hull": 0.014432,
"total": 26.2677
}