{
"n": 301989888,
"size": 348,
"hull": 20,
"seed": 0,
"copy2device": 204.959,
"find_extremes": 6.74314,
"find_corners": 30.1327,
"find_points_in_Q": 6.27718,
"compaction": 4.21978,
"copy2host": 0.011264,
"filter": 47.4048,
"delete": 0,
"preparation": 0.022592,
"cgal_convex_hull": 0.026464,
"total": 47.4313
}