{
"n": 301989888,
"size": 136,
"hull": 21,
"seed": 0,
"copy2device": 217.613,
"find_extremes": 6.72672,
"find_corners": 29.9688,
"find_points_in_Q": 6.2128,
"compaction": 4.22144,
"copy2host": 0.014976,
"filter": 47.1609,
"delete": 0,
"preparation": 0.012224,
"cgal_convex_hull": 0.014944,
"total": 47.1759
}