{
"n": 268435456,
"size": 132,
"hull": 22,
"seed": 0,
"copy2device": 182.045,
"find_extremes": 5.96995,
"find_corners": 26.1475,
"find_points_in_Q": 5.36131,
"compaction": 3.78669,
"copy2host": 0.010336,
"filter": 41.2967,
"delete": 0,
"preparation": 0.012032,
"cgal_convex_hull": 0.014848,
"total": 41.3115
}