{
"n": 1040187392,
"size": 149,
"hull": 22,
"seed": 0,
"copy2device": 732.174,
"find_extremes": 23.6999,
"find_corners": 102.228,
"find_points_in_Q": 20.134,
"compaction": 14.572,
"copy2host": 0.013184,
"filter": 160.672,
"delete": 0,
"preparation": 0.030944,
"cgal_convex_hull": 0.016064,
"total": 160.688
}