{
"n": 905969664,
"size": 44,
"hull": 15,
"seed": 0,
"copy2device": 686.511,
"find_extremes": 20.59,
"find_corners": 88.4688,
"find_points_in_Q": 17.5988,
"compaction": 12.6771,
"copy2host": 0.012736,
"filter": 139.37,
"delete": 0,
"preparation": 0.006752,
"cgal_convex_hull": 0.010112,
"total": 139.38
}