{
"n": 1006632960,
"size": 75,
"hull": 25,
"seed": 0,
"copy2device": 704.34,
"find_extremes": 22.904,
"find_corners": 99.4586,
"find_points_in_Q": 19.6029,
"compaction": 14.104,
"copy2host": 0.011648,
"filter": 156.105,
"delete": 0,
"preparation": 0.010272,
"cgal_convex_hull": 0.012256,
"total": 156.117
}