{
"n": 67108864,
"size": 130,
"hull": 22,
"seed": 0,
"copy2device": 41.4929,
"find_extremes": 1.53274,
"find_corners": 6.69078,
"find_points_in_Q": 1.41248,
"compaction": 0.985888,
"copy2host": 0.010144,
"filter": 10.6509,
"delete": 0,
"preparation": 0.010144,
"cgal_convex_hull": 0.014208,
"total": 10.6651
}