{
"n": 805306368,
"size": 122,
"hull": 22,
"seed": 0,
"copy2device": 645.328,
"find_extremes": 18.2275,
"find_corners": 79.8881,
"find_points_in_Q": 16.1058,
"compaction": 11.2921,
"copy2host": 0.012704,
"filter": 125.554,
"delete": 0,
"preparation": 0.018752,
"cgal_convex_hull": 0.015328,
"total": 125.57
}