{
"n": 234881024,
"size": 205,
"hull": 30,
"seed": 0,
"copy2device": 157.017,
"find_extremes": 5.2399,
"find_corners": 23.3478,
"find_points_in_Q": 4.78858,
"compaction": 3.34938,
"copy2host": 0.015616,
"filter": 36.7565,
"delete": 0,
"preparation": 0.023392,
"cgal_convex_hull": 0.018528,
"total": 36.775
}