{
"n": 167772160,
"size": 141,
"hull": 21,
"seed": 0,
"copy2device": 121.372,
"find_extremes": 3.76346,
"find_corners": 16.7418,
"find_points_in_Q": 3.46336,
"compaction": 2.3855,
"copy2host": 0.013696,
"filter": 26.3865,
"delete": 0,
"preparation": 0.012544,
"cgal_convex_hull": 0.016832,
"total": 26.4034
}