{
"n": 100663296,
"size": 66,
"hull": 22,
"seed": 0,
"copy2device": 63.2863,
"find_extremes": 2.27002,
"find_corners": 10.0062,
"find_points_in_Q": 2.09587,
"compaction": 1.39456,
"copy2host": 0.010016,
"filter": 15.7969,
"delete": 0,
"preparation": 0.006496,
"cgal_convex_hull": 0.011264,
"total": 15.8082
}