{
"n": 402653184,
"size": 375,
"hull": 19,
"seed": 0,
"copy2device": 276.854,
"find_extremes": 9.01251,
"find_corners": 39.732,
"find_points_in_Q": 8.3215,
"compaction": 5.68995,
"copy2host": 0.011456,
"filter": 62.7885,
"delete": 0,
"preparation": 0.024832,
"cgal_convex_hull": 0.02576,
"total": 62.8142
}