{
"n": 671088640,
"size": 112,
"hull": 23,
"seed": 0,
"copy2device": 466.016,
"find_extremes": 15.1384,
"find_corners": 65.3818,
"find_points_in_Q": 13.278,
"compaction": 9.41802,
"copy2host": 0.011872,
"filter": 103.256,
"delete": 0,
"preparation": 0.01168,
"cgal_convex_hull": 0.014688,
"total": 103.27
}