{
"n": 838860800,
"size": 52,
"hull": 21,
"seed": 0,
"copy2device": 638.956,
"find_extremes": 19.0075,
"find_corners": 81.4171,
"find_points_in_Q": 16.4129,
"compaction": 11.7651,
"copy2host": 0.011904,
"filter": 128.637,
"delete": 0,
"preparation": 0.00784,
"cgal_convex_hull": 0.015136,
"total": 128.652
}