{
"n": 570425344,
"size": 102,
"hull": 21,
"seed": 0,
"copy2device": 396.184,
"find_extremes": 12.8689,
"find_corners": 56.8023,
"find_points_in_Q": 11.2923,
"compaction": 8.04339,
"copy2host": 0.01168,
"filter": 89.046,
"delete": 0,
"preparation": 0.017312,
"cgal_convex_hull": 0.014752,
"total": 89.0607
}