{
"n": 872415232,
"size": 351,
"hull": 25,
"seed": 0,
"copy2device": 662.418,
"find_extremes": 19.7956,
"find_corners": 84.8254,
"find_points_in_Q": 17.0644,
"compaction": 12.2261,
"copy2host": 0.012896,
"filter": 133.947,
"delete": 0,
"preparation": 0.047712,
"cgal_convex_hull": 0.026624,
"total": 133.974
}