{
"n": 234881024,
"size": 171,
"hull": 25,
"seed": 0,
"copy2device": 156.811,
"find_extremes": 5.23901,
"find_corners": 23.2871,
"find_points_in_Q": 4.86518,
"compaction": 3.38282,
"copy2host": 0.011872,
"filter": 36.8051,
"delete": 0,
"preparation": 0.013312,
"cgal_convex_hull": 0.016704,
"total": 36.8218
}