{
"n": 335544320,
"size": 306,
"hull": 22,
"seed": 0,
"copy2device": 229.984,
"find_extremes": 7.48627,
"find_corners": 33.3021,
"find_points_in_Q": 6.72013,
"compaction": 4.74125,
"copy2host": 0.0128,
"filter": 52.2817,
"delete": 0,
"preparation": 0.020288,
"cgal_convex_hull": 0.025344,
"total": 52.3071
}