{
"n": 301989888,
"size": 144,
"hull": 23,
"seed": 0,
"copy2device": 216.072,
"find_extremes": 6.74451,
"find_corners": 30.0252,
"find_points_in_Q": 6.24352,
"compaction": 4.27555,
"copy2host": 0.014784,
"filter": 47.3205,
"delete": 0,
"preparation": 0.01264,
"cgal_convex_hull": 0.015488,
"total": 47.336
}