{
"n": 704643072,
"size": 178,
"hull": 20,
"seed": 0,
"copy2device": 489.198,
"find_extremes": 15.8964,
"find_corners": 68.4858,
"find_points_in_Q": 13.6465,
"compaction": 9.9191,
"copy2host": 0.012416,
"filter": 107.983,
"delete": 0,
"preparation": 0.014944,
"cgal_convex_hull": 0.015616,
"total": 107.998
}