{
"n": 1006632960,
"size": 116,
"hull": 21,
"seed": 0,
"copy2device": 758.062,
"find_extremes": 22.8724,
"find_corners": 99.4613,
"find_points_in_Q": 19.6209,
"compaction": 14.0973,
"copy2host": 0.011648,
"filter": 156.086,
"delete": 0,
"preparation": 0.012736,
"cgal_convex_hull": 0.014432,
"total": 156.1
}