{
"n": 100663296,
"size": 156,
"hull": 22,
"seed": 0,
"copy2device": 62.3961,
"find_extremes": 2.26925,
"find_corners": 10.0313,
"find_points_in_Q": 2.1039,
"compaction": 1.39584,
"copy2host": 0.009632,
"filter": 15.8292,
"delete": 0,
"preparation": 0.01152,
"cgal_convex_hull": 0.015456,
"total": 15.8447
}