{
"n": 201326592,
"size": 268,
"hull": 19,
"seed": 0,
"copy2device": 133.119,
"find_extremes": 4.48717,
"find_corners": 20.059,
"find_points_in_Q": 4.17466,
"compaction": 2.82819,
"copy2host": 0.01024,
"filter": 31.5793,
"delete": 0,
"preparation": 0.018336,
"cgal_convex_hull": 0.02064,
"total": 31.5999
}