{
"n": 436207616,
"size": 90,
"hull": 18,
"seed": 0,
"copy2device": 300.528,
"find_extremes": 9.75747,
"find_corners": 43.0464,
"find_points_in_Q": 8.89875,
"compaction": 6.16198,
"copy2host": 0.011712,
"filter": 67.898,
"delete": 0,
"preparation": 0.009856,
"cgal_convex_hull": 0.012704,
"total": 67.9107
}