{
"n": 1073741824,
"size": 122,
"hull": 23,
"seed": 0,
"copy2device": 809.523,
"find_extremes": 24.4654,
"find_corners": 105.166,
"find_points_in_Q": 20.9465,
"compaction": 15.0273,
"copy2host": 0.01312,
"filter": 165.644,
"delete": 0,
"preparation": 0.02672,
"cgal_convex_hull": 0.014816,
"total": 165.658
}