{
"n": 738197504,
"size": 332,
"hull": 17,
"seed": 0,
"copy2device": 567.137,
"find_extremes": 16.7185,
"find_corners": 71.9804,
"find_points_in_Q": 14.4934,
"compaction": 10.3771,
"copy2host": 0.012992,
"filter": 113.605,
"delete": 0,
"preparation": 0.025536,
"cgal_convex_hull": 0.024096,
"total": 113.629
}