{
"n": 436207616,
"size": 129,
"hull": 23,
"seed": 0,
"copy2device": 300.676,
"find_extremes": 9.75293,
"find_corners": 42.9721,
"find_points_in_Q": 8.73072,
"compaction": 6.13325,
"copy2host": 0.01168,
"filter": 67.6217,
"delete": 0,
"preparation": 0.012864,
"cgal_convex_hull": 0.014368,
"total": 67.6361
}