{
"n": 201326592,
"size": 49,
"hull": 18,
"seed": 0,
"copy2device": 134.193,
"find_extremes": 4.48278,
"find_corners": 20.0468,
"find_points_in_Q": 4.21315,
"compaction": 2.86653,
"copy2host": 0.0144,
"filter": 31.6407,
"delete": 0,
"preparation": 0.010784,
"cgal_convex_hull": 0.0104,
"total": 31.6511
}