{
"n": 738197504,
"size": 34,
"hull": 16,
"seed": 0,
"copy2device": 513.26,
"find_extremes": 16.6717,
"find_corners": 72.4549,
"find_points_in_Q": 14.5041,
"compaction": 10.3577,
"copy2host": 0.012512,
"filter": 114.026,
"delete": 0,
"preparation": 0.005792,
"cgal_convex_hull": 0.009728,
"total": 114.035
}