{
"n": 805306368,
"size": 588,
"hull": 19,
"seed": 0,
"copy2device": 614.752,
"find_extremes": 18.2256,
"find_corners": 79.4629,
"find_points_in_Q": 16.0472,
"compaction": 11.278,
"copy2host": 0.013888,
"filter": 125.048,
"delete": 0,
"preparation": 0.049696,
"cgal_convex_hull": 0.038592,
"total": 125.086
}