{
"n": 603979776,
"size": 118,
"hull": 21,
"seed": 0,
"copy2device": 476.59,
"find_extremes": 13.607,
"find_corners": 59.6844,
"find_points_in_Q": 12.2122,
"compaction": 8.47606,
"copy2host": 0.010464,
"filter": 94.0136,
"delete": 0,
"preparation": 0.01168,
"cgal_convex_hull": 0.0152,
"total": 94.0288
}