{
"n": 1006632960,
"size": 70,
"hull": 19,
"seed": 0,
"copy2device": 758.685,
"find_extremes": 22.904,
"find_corners": 99.437,
"find_points_in_Q": 19.6238,
"compaction": 14.1175,
"copy2host": 0.01504,
"filter": 156.12,
"delete": 0,
"preparation": 0.009216,
"cgal_convex_hull": 0.01232,
"total": 156.133
}