{
"n": 67108864,
"size": 148,
"hull": 21,
"seed": 0,
"copy2device": 39.3959,
"find_extremes": 1.54,
"find_corners": 6.66131,
"find_points_in_Q": 1.41277,
"compaction": 0.982528,
"copy2host": 0.009952,
"filter": 10.6251,
"delete": 0,
"preparation": 0.010112,
"cgal_convex_hull": 0.015808,
"total": 10.6409
}