{
"n": 603979776,
"size": 519,
"hull": 25,
"seed": 0,
"copy2device": 472.695,
"find_extremes": 13.5948,
"find_corners": 58.9476,
"find_points_in_Q": 12.0163,
"compaction": 8.52042,
"copy2host": 0.01328,
"filter": 93.1153,
"delete": 0,
"preparation": 0.034048,
"cgal_convex_hull": 0.03264,
"total": 93.148
}