{
"n": 805306368,
"size": 415,
"hull": 25,
"seed": 0,
"copy2device": 560.556,
"find_extremes": 18.2453,
"find_corners": 80.0337,
"find_points_in_Q": 16.0156,
"compaction": 11.2618,
"copy2host": 0.012768,
"filter": 125.592,
"delete": 0,
"preparation": 0.02832,
"cgal_convex_hull": 0.02688,
"total": 125.618
}