{
"n": 738197504,
"size": 326,
"hull": 24,
"seed": 0,
"copy2device": 513.195,
"find_extremes": 16.6696,
"find_corners": 72.4962,
"find_points_in_Q": 14.4656,
"compaction": 10.3737,
"copy2host": 0.013984,
"filter": 114.042,
"delete": 0,
"preparation": 0.022752,
"cgal_convex_hull": 0.024576,
"total": 114.066
}