{
"n": 402653184,
"size": 294,
"hull": 22,
"seed": 0,
"copy2device": 276.673,
"find_extremes": 9.00221,
"find_corners": 39.7027,
"find_points_in_Q": 8.35008,
"compaction": 5.696,
"copy2host": 0.01136,
"filter": 62.7848,
"delete": 0,
"preparation": 0.020128,
"cgal_convex_hull": 0.025568,
"total": 62.8104
}