{
"n": 33554432,
"size": 69,
"hull": 22,
"seed": 0,
"copy2device": 34.5212,
"find_extremes": 0.800224,
"find_corners": 3.25254,
"find_points_in_Q": 0.749184,
"compaction": 0.472224,
"copy2host": 0.009792,
"filter": 5.30538,
"delete": 0,
"preparation": 0.00736,
"cgal_convex_hull": 0.010496,
"total": 5.31587
}