{
"n": 369098752,
"size": 118,
"hull": 23,
"seed": 0,
"copy2device": 307.68,
"find_extremes": 8.23488,
"find_corners": 36.7043,
"find_points_in_Q": 7.54131,
"compaction": 5.20758,
"copy2host": 0.010656,
"filter": 57.7198,
"delete": 0,
"preparation": 0.010784,
"cgal_convex_hull": 0.01456,
"total": 57.7344
}