{
"n": 33554432,
"size": 328,
"hull": 16,
"seed": 0,
"copy2device": 46.0548,
"find_extremes": 0.81824,
"find_corners": 3.25501,
"find_points_in_Q": 0.759232,
"compaction": 0.478848,
"copy2host": 0.009152,
"filter": 5.33997,
"delete": 0,
"preparation": 0.019616,
"cgal_convex_hull": 0.022176,
"total": 5.36214
}