{
"n": 1006632960,
"size": 280,
"hull": 24,
"seed": 0,
"copy2device": 759.024,
"find_extremes": 22.9096,
"find_corners": 99.3698,
"find_points_in_Q": 19.6319,
"compaction": 14.1196,
"copy2host": 0.012704,
"filter": 156.07,
"delete": 0,
"preparation": 0.02176,
"cgal_convex_hull": 0.024064,
"total": 156.094
}