{
"n": 234881024,
"size": 113,
"hull": 22,
"seed": 0,
"copy2device": 157.109,
"find_extremes": 5.22742,
"find_corners": 23.304,
"find_points_in_Q": 4.90067,
"compaction": 3.30477,
"copy2host": 0.010912,
"filter": 36.7689,
"delete": 0,
"preparation": 0.010112,
"cgal_convex_hull": 0.013728,
"total": 36.7826
}