{
"n": 805306368,
"size": 237,
"hull": 21,
"seed": 0,
"copy2device": 618.253,
"find_extremes": 18.2389,
"find_corners": 80.1974,
"find_points_in_Q": 16.0727,
"compaction": 11.3377,
"copy2host": 0.012032,
"filter": 125.884,
"delete": 0,
"preparation": 0.021088,
"cgal_convex_hull": 0.020704,
"total": 125.904
}