{
"n": 738197504,
"size": 95,
"hull": 23,
"seed": 0,
"copy2device": 566.392,
"find_extremes": 16.678,
"find_corners": 71.8953,
"find_points_in_Q": 14.4222,
"compaction": 10.3329,
"copy2host": 0.012064,
"filter": 113.365,
"delete": 0,
"preparation": 0.010816,
"cgal_convex_hull": 0.013728,
"total": 113.379
}