{
"n": 33554432,
"size": 36,
"hull": 17,
"seed": 0,
"copy2device": 43.7854,
"find_extremes": 0.819648,
"find_corners": 3.27069,
"find_points_in_Q": 0.766048,
"compaction": 0.479104,
"copy2host": 0.009056,
"filter": 5.36682,
"delete": 0,
"preparation": 0.005376,
"cgal_convex_hull": 0.009696,
"total": 5.37651
}