{
"n": 536870912,
"size": 136,
"hull": 23,
"seed": 0,
"copy2device": 382.715,
"find_extremes": 12.0446,
"find_corners": 52.7872,
"find_points_in_Q": 10.6888,
"compaction": 7.54986,
"copy2host": 0.0168,
"filter": 83.1034,
"delete": 0,
"preparation": 0.012512,
"cgal_convex_hull": 0.01632,
"total": 83.1197
}