{
"n": 671088640,
"size": 194,
"hull": 25,
"seed": 0,
"copy2device": 521.12,
"find_extremes": 15.1511,
"find_corners": 65.3924,
"find_points_in_Q": 13.1672,
"compaction": 9.43971,
"copy2host": 0.013152,
"filter": 103.186,
"delete": 0,
"preparation": 0.041024,
"cgal_convex_hull": 0.019456,
"total": 103.205
}