{
"n": 637534208,
"size": 212,
"hull": 22,
"seed": 0,
"copy2device": 444.227,
"find_extremes": 14.3597,
"find_corners": 63.3359,
"find_points_in_Q": 12.7045,
"compaction": 8.9633,
"copy2host": 0.010528,
"filter": 99.402,
"delete": 0,
"preparation": 0.018752,
"cgal_convex_hull": 0.020288,
"total": 99.4223
}