{
"n": 167772160,
"size": 216,
"hull": 21,
"seed": 0,
"copy2device": 109.137,
"find_extremes": 3.74173,
"find_corners": 16.5754,
"find_points_in_Q": 3.50506,
"compaction": 2.3785,
"copy2host": 0.009696,
"filter": 26.2328,
"delete": 0,
"preparation": 0.016128,
"cgal_convex_hull": 0.019616,
"total": 26.2524
}