{
"n": 771751936,
"size": 136,
"hull": 20,
"seed": 0,
"copy2device": 590.695,
"find_extremes": 17.4325,
"find_corners": 75.126,
"find_points_in_Q": 15.2158,
"compaction": 10.8531,
"copy2host": 0.012384,
"filter": 118.662,
"delete": 0,
"preparation": 0.025504,
"cgal_convex_hull": 0.01616,
"total": 118.678
}