{
"n": 201326592,
"size": 444,
"hull": 24,
"seed": 0,
"copy2device": 133.789,
"find_extremes": 4.4817,
"find_corners": 20.0452,
"find_points_in_Q": 4.17008,
"compaction": 2.82662,
"copy2host": 0.013088,
"filter": 31.5546,
"delete": 0,
"preparation": 0.048224,
"cgal_convex_hull": 0.0296,
"total": 31.5842
}