{
"n": 805306368,
"size": 46,
"hull": 20,
"seed": 0,
"copy2device": 615.345,
"find_extremes": 18.214,
"find_corners": 80.235,
"find_points_in_Q": 16.1208,
"compaction": 11.2967,
"copy2host": 0.012544,
"filter": 125.905,
"delete": 0,
"preparation": 0.006976,
"cgal_convex_hull": 0.01056,
"total": 125.915
}