{
"n": 436207616,
"size": 129,
"hull": 23,
"seed": 0,
"copy2device": 300.858,
"find_extremes": 9.75526,
"find_corners": 42.9156,
"find_points_in_Q": 8.77866,
"compaction": 6.13258,
"copy2host": 0.011104,
"filter": 67.6152,
"delete": 0,
"preparation": 0.012,
"cgal_convex_hull": 0.015072,
"total": 67.6303
}