{
"n": 402653184,
"size": 453,
"hull": 23,
"seed": 0,
"copy2device": 276.523,
"find_extremes": 9.00198,
"find_corners": 39.8139,
"find_points_in_Q": 8.32288,
"compaction": 5.62406,
"copy2host": 0.010752,
"filter": 62.7957,
"delete": 0,
"preparation": 0.026944,
"cgal_convex_hull": 0.03024,
"total": 62.8259
}