{
"n": 469762048,
"size": 203,
"hull": 22,
"seed": 0,
"copy2device": 324.256,
"find_extremes": 10.5222,
"find_corners": 46.4992,
"find_points_in_Q": 9.32205,
"compaction": 6.61338,
"copy2host": 0.011456,
"filter": 72.9903,
"delete": 0,
"preparation": 0.01552,
"cgal_convex_hull": 0.017536,
"total": 73.0078
}