{
"n": 771751936,
"size": 97,
"hull": 24,
"seed": 0,
"copy2device": 592.187,
"find_extremes": 17.4605,
"find_corners": 75.176,
"find_points_in_Q": 15.2689,
"compaction": 10.8478,
"copy2host": 0.012064,
"filter": 118.788,
"delete": 0,
"preparation": 0.014048,
"cgal_convex_hull": 0.0128,
"total": 118.8
}