{
"n": 603979776,
"size": 133,
"hull": 22,
"seed": 0,
"copy2device": 419.732,
"find_extremes": 13.5918,
"find_corners": 58.8133,
"find_points_in_Q": 12.1033,
"compaction": 8.52656,
"copy2host": 0.011008,
"filter": 93.0694,
"delete": 0,
"preparation": 0.012256,
"cgal_convex_hull": 0.016704,
"total": 93.0861
}