{
"n": 738197504,
"size": 71,
"hull": 18,
"seed": 0,
"copy2device": 513.146,
"find_extremes": 16.6837,
"find_corners": 72.9753,
"find_points_in_Q": 14.6173,
"compaction": 10.4268,
"copy2host": 0.011776,
"filter": 114.738,
"delete": 0,
"preparation": 0.0088,
"cgal_convex_hull": 0.012064,
"total": 114.751
}