{
"n": 33554432,
"size": 131,
"hull": 24,
"seed": 0,
"copy2device": 47.5173,
"find_extremes": 0.800128,
"find_corners": 3.27501,
"find_points_in_Q": 0.742336,
"compaction": 0.475104,
"copy2host": 0.0088,
"filter": 5.31955,
"delete": 0,
"preparation": 0.01104,
"cgal_convex_hull": 0.013792,
"total": 5.33334
}