{
"n": 469762048,
"size": 46,
"hull": 16,
"seed": 0,
"copy2device": 325.495,
"find_extremes": 10.5273,
"find_corners": 46.2237,
"find_points_in_Q": 9.4303,
"compaction": 6.6153,
"copy2host": 0.010944,
"filter": 72.8284,
"delete": 0,
"preparation": 0.00608,
"cgal_convex_hull": 0.010272,
"total": 72.8386
}