{
"n": 637534208,
"size": 133,
"hull": 30,
"seed": 0,
"copy2device": 474.535,
"find_extremes": 14.3665,
"find_corners": 62.7472,
"find_points_in_Q": 12.6212,
"compaction": 8.96349,
"copy2host": 0.01152,
"filter": 98.7364,
"delete": 0,
"preparation": 0.016608,
"cgal_convex_hull": 0.016896,
"total": 98.7533
}