{
"n": 335544320,
"size": 71,
"hull": 23,
"seed": 0,
"copy2device": 229.428,
"find_extremes": 7.48384,
"find_corners": 33.2222,
"find_points_in_Q": 6.7936,
"compaction": 4.7409,
"copy2host": 0.016864,
"filter": 52.2738,
"delete": 0,
"preparation": 0.0112,
"cgal_convex_hull": 0.012576,
"total": 52.2863
}