{
"n": 872415232,
"size": 220,
"hull": 24,
"seed": 0,
"copy2device": 608.323,
"find_extremes": 19.783,
"find_corners": 86.265,
"find_points_in_Q": 17.219,
"compaction": 12.198,
"copy2host": 0.011328,
"filter": 135.503,
"delete": 0,
"preparation": 0.017984,
"cgal_convex_hull": 0.020192,
"total": 135.523
}