{
"n": 805306368,
"size": 79,
"hull": 18,
"seed": 0,
"copy2device": 561.046,
"find_extremes": 18.2168,
"find_corners": 80.1175,
"find_points_in_Q": 16.0312,
"compaction": 11.2745,
"copy2host": 0.010688,
"filter": 125.676,
"delete": 0,
"preparation": 0.010912,
"cgal_convex_hull": 0.012416,
"total": 125.688
}