{
"n": 402653184,
"size": 91,
"hull": 20,
"seed": 0,
"copy2device": 276.953,
"find_extremes": 8.99104,
"find_corners": 39.7765,
"find_points_in_Q": 8.11795,
"compaction": 5.68624,
"copy2host": 0.011936,
"filter": 62.6037,
"delete": 0,
"preparation": 0.00992,
"cgal_convex_hull": 0.013248,
"total": 62.617
}