{
"n": 201326592,
"size": 72,
"hull": 19,
"seed": 0,
"copy2device": 134.83,
"find_extremes": 4.4823,
"find_corners": 20.1102,
"find_points_in_Q": 4.1247,
"compaction": 2.83558,
"copy2host": 0.011808,
"filter": 31.5846,
"delete": 0,
"preparation": 0.013728,
"cgal_convex_hull": 0.012,
"total": 31.5966
}