{
"n": 738197504,
"size": 93,
"hull": 22,
"seed": 0,
"copy2device": 512.938,
"find_extremes": 16.6838,
"find_corners": 71.9243,
"find_points_in_Q": 14.4408,
"compaction": 10.3725,
"copy2host": 0.010688,
"filter": 113.457,
"delete": 0,
"preparation": 0.013024,
"cgal_convex_hull": 0.01344,
"total": 113.47
}