{
"n": 973078528,
"size": 108,
"hull": 18,
"seed": 0,
"copy2device": 734.814,
"find_extremes": 22.1148,
"find_corners": 94.8273,
"find_points_in_Q": 19.1436,
"compaction": 13.591,
"copy2host": 0.01408,
"filter": 149.712,
"delete": 0,
"preparation": 0.013152,
"cgal_convex_hull": 0.01328,
"total": 149.725
}