{
"n": 872415232,
"size": 367,
"hull": 22,
"seed": 0,
"copy2device": 661.805,
"find_extremes": 19.7882,
"find_corners": 84.8724,
"find_points_in_Q": 17.0588,
"compaction": 12.2062,
"copy2host": 0.012448,
"filter": 133.962,
"delete": 0,
"preparation": 0.0616,
"cgal_convex_hull": 0.025408,
"total": 133.987
}