{
"n": 503316480,
"size": 189,
"hull": 19,
"seed": 0,
"copy2device": 348.261,
"find_extremes": 11.2826,
"find_corners": 49.5044,
"find_points_in_Q": 9.95037,
"compaction": 7.09299,
"copy2host": 0.012416,
"filter": 77.8623,
"delete": 0,
"preparation": 0.015744,
"cgal_convex_hull": 0.017248,
"total": 77.8796
}