{
"n": 33554432,
"size": 375,
"hull": 17,
"seed": 0,
"copy2device": 45.7745,
"find_extremes": 0.826144,
"find_corners": 3.26397,
"find_points_in_Q": 0.75136,
"compaction": 0.476768,
"copy2host": 0.01232,
"filter": 5.34822,
"delete": 0,
"preparation": 0.023296,
"cgal_convex_hull": 0.028864,
"total": 5.37709
}