{
"n": 939524096,
"size": 161,
"hull": 18,
"seed": 0,
"copy2device": 710.232,
"find_extremes": 21.3643,
"find_corners": 92.7606,
"find_points_in_Q": 18.3121,
"compaction": 13.1143,
"copy2host": 0.01424,
"filter": 145.588,
"delete": 0,
"preparation": 0.031136,
"cgal_convex_hull": 0.017312,
"total": 145.605
}