{
"n": 436207616,
"size": 160,
"hull": 23,
"seed": 0,
"copy2device": 335.068,
"find_extremes": 9.77606,
"find_corners": 43.1578,
"find_points_in_Q": 8.82307,
"compaction": 6.16093,
"copy2host": 0.013056,
"filter": 67.9526,
"delete": 0,
"preparation": 0.016544,
"cgal_convex_hull": 0.018272,
"total": 67.9709
}