{
"n": 335544320,
"size": 165,
"hull": 20,
"seed": 0,
"copy2device": 241.319,
"find_extremes": 7.48765,
"find_corners": 33.2175,
"find_points_in_Q": 6.73789,
"compaction": 4.7455,
"copy2host": 0.018272,
"filter": 52.2216,
"delete": 0,
"preparation": 0.013952,
"cgal_convex_hull": 0.0168,
"total": 52.2384
}