{
"n": 67108864,
"size": 71,
"hull": 21,
"seed": 0,
"copy2device": 39.4788,
"find_extremes": 1.53827,
"find_corners": 6.64144,
"find_points_in_Q": 1.41309,
"compaction": 0.981856,
"copy2host": 0.010016,
"filter": 10.6043,
"delete": 0,
"preparation": 0.00672,
"cgal_convex_hull": 0.011072,
"total": 10.6154
}