{
"n": 771751936,
"size": 270,
"hull": 24,
"seed": 0,
"copy2device": 536.688,
"find_extremes": 17.4372,
"find_corners": 75.1604,
"find_points_in_Q": 15.2874,
"compaction": 10.8362,
"copy2host": 0.012352,
"filter": 118.757,
"delete": 0,
"preparation": 0.021312,
"cgal_convex_hull": 0.022688,
"total": 118.78
}