{
"n": 167772160,
"size": 395,
"hull": 23,
"seed": 0,
"copy2device": 121.286,
"find_extremes": 3.75085,
"find_corners": 16.5809,
"find_points_in_Q": 3.49286,
"compaction": 2.3832,
"copy2host": 0.014848,
"filter": 26.2393,
"delete": 0,
"preparation": 0.025312,
"cgal_convex_hull": 0.026496,
"total": 26.2658
}