{
"n": 805306368,
"size": 139,
"hull": 18,
"seed": 0,
"copy2device": 560.604,
"find_extremes": 18.2117,
"find_corners": 79.7033,
"find_points_in_Q": 16.1125,
"compaction": 11.2864,
"copy2host": 0.011616,
"filter": 125.347,
"delete": 0,
"preparation": 0.013664,
"cgal_convex_hull": 0.016032,
"total": 125.363
}