{
"n": 268435456,
"size": 571,
"hull": 21,
"seed": 0,
"copy2device": 191.227,
"find_extremes": 5.98218,
"find_corners": 26.322,
"find_points_in_Q": 5.5297,
"compaction": 3.80323,
"copy2host": 0.011232,
"filter": 41.6692,
"delete": 0,
"preparation": 0.036096,
"cgal_convex_hull": 0.036576,
"total": 41.7058
}