{
"n": 167772160,
"size": 68,
"hull": 18,
"seed": 0,
"copy2device": 120.214,
"find_extremes": 3.75155,
"find_corners": 16.6774,
"find_points_in_Q": 3.4911,
"compaction": 2.3623,
"copy2host": 0.009856,
"filter": 26.3154,
"delete": 0,
"preparation": 0.00736,
"cgal_convex_hull": 0.01104,
"total": 26.3264
}