{
"n": 973078528,
"size": 108,
"hull": 20,
"seed": 0,
"copy2device": 680.767,
"find_extremes": 22.1343,
"find_corners": 94.8056,
"find_points_in_Q": 18.9077,
"compaction": 13.6546,
"copy2host": 0.013184,
"filter": 149.539,
"delete": 0,
"preparation": 0.012288,
"cgal_convex_hull": 0.013568,
"total": 149.553
}