{
"n": 134217728,
"size": 66,
"hull": 21,
"seed": 0,
"copy2device": 86.3043,
"find_extremes": 2.99802,
"find_corners": 13.2645,
"find_points_in_Q": 2.79366,
"compaction": 1.90563,
"copy2host": 0.01056,
"filter": 20.9925,
"delete": 0,
"preparation": 0.007072,
"cgal_convex_hull": 0.012,
"total": 21.0045
}