{
"n": 67108864,
"size": 92,
"hull": 16,
"seed": 0,
"copy2device": 39.4944,
"find_extremes": 1.53638,
"find_corners": 6.64995,
"find_points_in_Q": 1.44109,
"compaction": 0.986112,
"copy2host": 0.009504,
"filter": 10.6455,
"delete": 0,
"preparation": 0.007232,
"cgal_convex_hull": 0.013216,
"total": 10.6588
}