{
"n": 1073741824,
"size": 315,
"hull": 26,
"seed": 0,
"copy2device": 809.462,
"find_extremes": 24.4349,
"find_corners": 105.324,
"find_points_in_Q": 20.8407,
"compaction": 15.0365,
"copy2host": 0.012992,
"filter": 165.673,
"delete": 0,
"preparation": 0.024128,
"cgal_convex_hull": 0.025248,
"total": 165.698
}