{
"n": 536870912,
"size": 290,
"hull": 20,
"seed": 0,
"copy2device": 428.694,
"find_extremes": 12.0596,
"find_corners": 52.7898,
"find_points_in_Q": 10.7582,
"compaction": 7.55869,
"copy2host": 0.011456,
"filter": 83.2021,
"delete": 0,
"preparation": 0.020512,
"cgal_convex_hull": 0.023072,
"total": 83.2252
}