{
"n": 872415232,
"size": 116,
"hull": 19,
"seed": 0,
"copy2device": 674.601,
"find_extremes": 19.7589,
"find_corners": 85.4384,
"find_points_in_Q": 17.4561,
"compaction": 12.2995,
"copy2host": 0.019232,
"filter": 134.991,
"delete": 0,
"preparation": 0.012416,
"cgal_convex_hull": 0.01472,
"total": 135.006
}