{
"n": 1006632960,
"size": 137,
"hull": 23,
"seed": 0,
"copy2device": 762.061,
"find_extremes": 22.8992,
"find_corners": 99.4017,
"find_points_in_Q": 19.6589,
"compaction": 14.0857,
"copy2host": 0.012224,
"filter": 156.083,
"delete": 0,
"preparation": 0.013952,
"cgal_convex_hull": 0.016288,
"total": 156.1
}