{
"n": 33554432,
"size": 133,
"hull": 21,
"seed": 0,
"copy2device": 48.0998,
"find_extremes": 0.813408,
"find_corners": 3.25626,
"find_points_in_Q": 0.756672,
"compaction": 0.47504,
"copy2host": 0.009472,
"filter": 5.33158,
"delete": 0,
"preparation": 0.011712,
"cgal_convex_hull": 0.014912,
"total": 5.3465
}