{
"n": 939524096,
"size": 72,
"hull": 19,
"seed": 0,
"copy2device": 655.825,
"find_extremes": 21.3642,
"find_corners": 92.7332,
"find_points_in_Q": 18.3034,
"compaction": 13.1573,
"copy2host": 0.011776,
"filter": 145.595,
"delete": 0,
"preparation": 0.009248,
"cgal_convex_hull": 0.01264,
"total": 145.607
}