{
"n": 738197504,
"size": 116,
"hull": 19,
"seed": 0,
"copy2device": 512.668,
"find_extremes": 16.6551,
"find_corners": 71.7357,
"find_points_in_Q": 14.5514,
"compaction": 10.3433,
"copy2host": 0.010592,
"filter": 113.324,
"delete": 0,
"preparation": 0.013024,
"cgal_convex_hull": 0.014976,
"total": 113.339
}