{
"n": 637534208,
"size": 283,
"hull": 24,
"seed": 0,
"copy2device": 443.715,
"find_extremes": 14.3745,
"find_corners": 62.9067,
"find_points_in_Q": 12.5624,
"compaction": 8.92186,
"copy2host": 0.010368,
"filter": 98.7975,
"delete": 0,
"preparation": 0.023904,
"cgal_convex_hull": 0.02384,
"total": 98.8214
}