{
"n": 536870912,
"size": 113,
"hull": 25,
"seed": 0,
"copy2device": 382.801,
"find_extremes": 12.0572,
"find_corners": 53.073,
"find_points_in_Q": 10.7765,
"compaction": 7.54384,
"copy2host": 0.017792,
"filter": 83.4853,
"delete": 0,
"preparation": 0.011008,
"cgal_convex_hull": 0.013824,
"total": 83.4991
}