{
"n": 603979776,
"size": 212,
"hull": 22,
"seed": 0,
"copy2device": 420.048,
"find_extremes": 13.5785,
"find_corners": 58.9416,
"find_points_in_Q": 12.2073,
"compaction": 8.4809,
"copy2host": 0.011104,
"filter": 93.2432,
"delete": 0,
"preparation": 0.020384,
"cgal_convex_hull": 0.020128,
"total": 93.2634
}