{
"n": 838860800,
"size": 301,
"hull": 19,
"seed": 0,
"copy2device": 638.362,
"find_extremes": 19.0204,
"find_corners": 82.2402,
"find_points_in_Q": 16.366,
"compaction": 11.7684,
"copy2host": 0.013536,
"filter": 129.433,
"delete": 0,
"preparation": 0.027072,
"cgal_convex_hull": 0.02256,
"total": 129.456
}