{
"n": 805306368,
"size": 465,
"hull": 23,
"seed": 0,
"copy2device": 615.674,
"find_extremes": 18.2256,
"find_corners": 80.1022,
"find_points_in_Q": 16.0799,
"compaction": 11.3395,
"copy2host": 0.013216,
"filter": 125.784,
"delete": 0,
"preparation": 0.030496,
"cgal_convex_hull": 0.032288,
"total": 125.816
}