{
"n": 67108864,
"size": 62,
"hull": 17,
"seed": 0,
"copy2device": 39.4124,
"find_extremes": 1.52544,
"find_corners": 6.62323,
"find_points_in_Q": 1.42278,
"compaction": 0.988832,
"copy2host": 0.009408,
"filter": 10.5896,
"delete": 0,
"preparation": 0.006144,
"cgal_convex_hull": 0.009664,
"total": 10.5992
}