{
"n": 1040187392,
"size": 84,
"hull": 18,
"seed": 0,
"copy2device": 782.588,
"find_extremes": 23.6605,
"find_corners": 102.789,
"find_points_in_Q": 20.2256,
"compaction": 14.5505,
"copy2host": 0.0128,
"filter": 161.262,
"delete": 0,
"preparation": 0.011264,
"cgal_convex_hull": 0.011552,
"total": 161.274
}