{
"n": 838860800,
"size": 69,
"hull": 17,
"seed": 0,
"copy2device": 639.041,
"find_extremes": 19.0118,
"find_corners": 81.6802,
"find_points_in_Q": 16.3815,
"compaction": 11.7473,
"copy2host": 0.011296,
"filter": 128.856,
"delete": 0,
"preparation": 0.00912,
"cgal_convex_hull": 0.01088,
"total": 128.867
}