{
"n": 973078528,
"size": 354,
"hull": 20,
"seed": 0,
"copy2device": 734.129,
"find_extremes": 22.1431,
"find_corners": 94.932,
"find_points_in_Q": 19.0041,
"compaction": 13.635,
"copy2host": 0.0136,
"filter": 149.752,
"delete": 0,
"preparation": 0.026528,
"cgal_convex_hull": 0.025696,
"total": 149.777
}