{
"n": 369098752,
"size": 122,
"hull": 25,
"seed": 0,
"copy2device": 252.592,
"find_extremes": 8.24051,
"find_corners": 36.7097,
"find_points_in_Q": 7.42592,
"compaction": 5.20797,
"copy2host": 0.010528,
"filter": 57.6164,
"delete": 0,
"preparation": 0.010752,
"cgal_convex_hull": 0.014656,
"total": 57.6311
}