{
"n": 503316480,
"size": 2486,
"hull": 23,
"seed": 0,
"copy2device": 349.501,
"find_extremes": 11.2914,
"find_corners": 49.5215,
"find_points_in_Q": 9.88627,
"compaction": 7.12682,
"copy2host": 0.013248,
"filter": 77.8594,
"delete": 0,
"preparation": 0.132768,
"cgal_convex_hull": 0.163072,
"total": 78.0224
}