{
"n": 369098752,
"size": 108,
"hull": 20,
"seed": 0,
"copy2device": 252.758,
"find_extremes": 8.23872,
"find_corners": 36.5979,
"find_points_in_Q": 7.43232,
"compaction": 5.23094,
"copy2host": 0.011712,
"filter": 57.5334,
"delete": 0,
"preparation": 0.010624,
"cgal_convex_hull": 0.015136,
"total": 57.5486
}