{
"n": 234881024,
"size": 159,
"hull": 21,
"seed": 0,
"copy2device": 157.194,
"find_extremes": 5.23549,
"find_corners": 23.186,
"find_points_in_Q": 4.86739,
"compaction": 3.28973,
"copy2host": 0.01104,
"filter": 36.6115,
"delete": 0,
"preparation": 0.013056,
"cgal_convex_hull": 0.015648,
"total": 36.6271
}