{
"n": 33554432,
"size": 73,
"hull": 17,
"seed": 0,
"copy2device": 47.9456,
"find_extremes": 0.816896,
"find_corners": 3.24003,
"find_points_in_Q": 0.762624,
"compaction": 0.470208,
"copy2host": 0.0088,
"filter": 5.31722,
"delete": 0,
"preparation": 0.00736,
"cgal_convex_hull": 0.011488,
"total": 5.3287
}