{
"n": 503316480,
"size": 143,
"hull": 17,
"seed": 0,
"copy2device": 348.478,
"find_extremes": 11.2992,
"find_corners": 49.5313,
"find_points_in_Q": 10.0442,
"compaction": 7.07597,
"copy2host": 0.01136,
"filter": 77.9852,
"delete": 0,
"preparation": 0.016704,
"cgal_convex_hull": 0.01488,
"total": 78
}