{
"n": 402653184,
"size": 155,
"hull": 21,
"seed": 0,
"copy2device": 277.596,
"find_extremes": 9.02659,
"find_corners": 39.7732,
"find_points_in_Q": 8.12451,
"compaction": 5.66886,
"copy2host": 0.011232,
"filter": 62.6264,
"delete": 0,
"preparation": 0.0128,
"cgal_convex_hull": 0.016032,
"total": 62.6424
}