{
"n": 637534208,
"size": 61,
"hull": 16,
"seed": 0,
"copy2device": 444.009,
"find_extremes": 14.3635,
"find_corners": 62.9045,
"find_points_in_Q": 12.5083,
"compaction": 8.96029,
"copy2host": 0.012128,
"filter": 98.7717,
"delete": 0,
"preparation": 0.008128,
"cgal_convex_hull": 0.011136,
"total": 98.7829
}