{
"n": 436207616,
"size": 184,
"hull": 20,
"seed": 0,
"copy2device": 356.524,
"find_extremes": 9.76803,
"find_corners": 42.983,
"find_points_in_Q": 8.80656,
"compaction": 6.16019,
"copy2host": 0.012704,
"filter": 67.752,
"delete": 0,
"preparation": 0.015776,
"cgal_convex_hull": 0.01568,
"total": 67.7677
}