{
"n": 1006632960,
"size": 288,
"hull": 23,
"seed": 0,
"copy2device": 814.916,
"find_extremes": 22.8802,
"find_corners": 99.3817,
"find_points_in_Q": 19.6955,
"compaction": 14.0964,
"copy2host": 0.016384,
"filter": 156.09,
"delete": 0,
"preparation": 0.024512,
"cgal_convex_hull": 0.025408,
"total": 156.116
}