{
"n": 570425344,
"size": 345,
"hull": 19,
"seed": 0,
"copy2device": 396.629,
"find_extremes": 12.8214,
"find_corners": 57.0521,
"find_points_in_Q": 11.2594,
"compaction": 8.00915,
"copy2host": 0.011744,
"filter": 89.1771,
"delete": 0,
"preparation": 0.023424,
"cgal_convex_hull": 0.024448,
"total": 89.2016
}