{
"n": 301989888,
"size": 69,
"hull": 21,
"seed": 0,
"copy2device": 217.305,
"find_extremes": 6.75162,
"find_corners": 30.0338,
"find_points_in_Q": 6.21363,
"compaction": 4.23238,
"copy2host": 0.010144,
"filter": 47.2642,
"delete": 0,
"preparation": 0.00752,
"cgal_convex_hull": 0.011136,
"total": 47.2753
}