{
"n": 469762048,
"size": 116,
"hull": 22,
"seed": 0,
"copy2device": 324.59,
"find_extremes": 10.5237,
"find_corners": 46.5192,
"find_points_in_Q": 9.24256,
"compaction": 6.64621,
"copy2host": 0.011712,
"filter": 72.966,
"delete": 0,
"preparation": 0.011264,
"cgal_convex_hull": 0.015328,
"total": 72.9813
}