{
"n": 301989888,
"size": 93,
"hull": 22,
"seed": 0,
"copy2device": 216.864,
"find_extremes": 6.74339,
"find_corners": 30.0789,
"find_points_in_Q": 6.2488,
"compaction": 4.24739,
"copy2host": 0.0184,
"filter": 47.3512,
"delete": 0,
"preparation": 0.009472,
"cgal_convex_hull": 0.01312,
"total": 47.3643
}