{
"n": 1006632960,
"size": 367,
"hull": 18,
"seed": 0,
"copy2device": 814.372,
"find_extremes": 22.8719,
"find_corners": 99.3013,
"find_points_in_Q": 19.6421,
"compaction": 14.1198,
"copy2host": 0.01376,
"filter": 155.971,
"delete": 0,
"preparation": 0.035232,
"cgal_convex_hull": 0.029888,
"total": 156.001
}