{
"n": 905969664,
"size": 81,
"hull": 24,
"seed": 0,
"copy2device": 632.077,
"find_extremes": 20.5823,
"find_corners": 88.4554,
"find_points_in_Q": 17.5819,
"compaction": 12.701,
"copy2host": 0.012384,
"filter": 139.357,
"delete": 0,
"preparation": 0.010368,
"cgal_convex_hull": 0.012384,
"total": 139.37
}