{
"n": 134217728,
"size": 54,
"hull": 19,
"seed": 0,
"copy2device": 120.11,
"find_extremes": 3.01478,
"find_corners": 13.3342,
"find_points_in_Q": 2.84346,
"compaction": 1.92134,
"copy2host": 0.012064,
"filter": 21.1442,
"delete": 0,
"preparation": 0.00624,
"cgal_convex_hull": 0.010208,
"total": 21.1544
}