{
"n": 603979776,
"size": 236,
"hull": 21,
"seed": 0,
"copy2device": 454.154,
"find_extremes": 13.6092,
"find_corners": 59.2208,
"find_points_in_Q": 12.0707,
"compaction": 8.48406,
"copy2host": 0.012768,
"filter": 93.4212,
"delete": 0,
"preparation": 0.020928,
"cgal_convex_hull": 0.020256,
"total": 93.4414
}