{
"n": 33554432,
"size": 173,
"hull": 22,
"seed": 0,
"copy2device": 49.674,
"find_extremes": 0.80464,
"find_corners": 3.26656,
"find_points_in_Q": 0.74288,
"compaction": 0.478752,
"copy2host": 0.009376,
"filter": 5.31984,
"delete": 0,
"preparation": 0.012224,
"cgal_convex_hull": 0.017984,
"total": 5.33782
}