{
"n": 973078528,
"size": 115,
"hull": 19,
"seed": 0,
"copy2device": 731.027,
"find_extremes": 22.1194,
"find_corners": 94.8128,
"find_points_in_Q": 18.881,
"compaction": 13.6096,
"copy2host": 0.012608,
"filter": 149.459,
"delete": 0,
"preparation": 0.012032,
"cgal_convex_hull": 0.015072,
"total": 149.474
}