{
"n": 1040187392,
"size": 221,
"hull": 23,
"seed": 0,
"copy2device": 835.88,
"find_extremes": 23.6966,
"find_corners": 102.186,
"find_points_in_Q": 20.4103,
"compaction": 14.572,
"copy2host": 0.013344,
"filter": 160.908,
"delete": 0,
"preparation": 0.020416,
"cgal_convex_hull": 0.020288,
"total": 160.928
}