{
"n": 167772160,
"size": 123,
"hull": 26,
"seed": 0,
"copy2device": 120.314,
"find_extremes": 3.74115,
"find_corners": 16.5617,
"find_points_in_Q": 3.51779,
"compaction": 2.40675,
"copy2host": 0.01536,
"filter": 26.259,
"delete": 0,
"preparation": 0.010528,
"cgal_convex_hull": 0.014176,
"total": 26.2732
}