{
"n": 234881024,
"size": 123,
"hull": 26,
"seed": 0,
"copy2device": 157.123,
"find_extremes": 5.24512,
"find_corners": 23.2969,
"find_points_in_Q": 4.84282,
"compaction": 3.29926,
"copy2host": 0.010656,
"filter": 36.7155,
"delete": 0,
"preparation": 0.010912,
"cgal_convex_hull": 0.014592,
"total": 36.73
}