{
"n": 973078528,
"size": 248,
"hull": 23,
"seed": 0,
"copy2device": 734.75,
"find_extremes": 22.1279,
"find_corners": 95.0323,
"find_points_in_Q": 18.905,
"compaction": 13.6545,
"copy2host": 0.010976,
"filter": 149.756,
"delete": 0,
"preparation": 0.021312,
"cgal_convex_hull": 0.02128,
"total": 149.777
}