{
"n": 905969664,
"size": 108,
"hull": 21,
"seed": 0,
"copy2device": 723.712,
"find_extremes": 20.5581,
"find_corners": 88.9198,
"find_points_in_Q": 17.5751,
"compaction": 12.7468,
"copy2host": 0.011744,
"filter": 139.837,
"delete": 0,
"preparation": 0.013408,
"cgal_convex_hull": 0.01424,
"total": 139.851
}