{
"n": 1040187392,
"size": 340,
"hull": 20,
"seed": 0,
"copy2device": 782.276,
"find_extremes": 23.6821,
"find_corners": 102.09,
"find_points_in_Q": 20.193,
"compaction": 14.5782,
"copy2host": 0.012448,
"filter": 160.58,
"delete": 0,
"preparation": 0.02704,
"cgal_convex_hull": 0.024224,
"total": 160.604
}