{
"n": 469762048,
"size": 76,
"hull": 19,
"seed": 0,
"copy2device": 324.482,
"find_extremes": 10.5293,
"find_corners": 46.2441,
"find_points_in_Q": 9.37069,
"compaction": 6.6201,
"copy2host": 0.011744,
"filter": 72.7985,
"delete": 0,
"preparation": 0.00944,
"cgal_convex_hull": 0.011904,
"total": 72.8104
}