{
"n": 637534208,
"size": 244,
"hull": 19,
"seed": 0,
"copy2device": 443.199,
"find_extremes": 14.3574,
"find_corners": 62.9754,
"find_points_in_Q": 12.7731,
"compaction": 8.95942,
"copy2host": 0.011328,
"filter": 99.0991,
"delete": 0,
"preparation": 0.020096,
"cgal_convex_hull": 0.022112,
"total": 99.1212
}