{
"n": 234881024,
"size": 98,
"hull": 25,
"seed": 0,
"copy2device": 157.147,
"find_extremes": 5.23946,
"find_corners": 23.2442,
"find_points_in_Q": 4.87491,
"compaction": 3.3383,
"copy2host": 0.010176,
"filter": 36.7284,
"delete": 0,
"preparation": 0.00912,
"cgal_convex_hull": 0.01312,
"total": 36.7415
}