{
"n": 167772160,
"size": 640,
"hull": 20,
"seed": 0,
"copy2device": 121.224,
"find_extremes": 3.74112,
"find_corners": 16.81,
"find_points_in_Q": 3.46064,
"compaction": 2.37962,
"copy2host": 0.014528,
"filter": 26.4231,
"delete": 0,
"preparation": 0.037312,
"cgal_convex_hull": 0.038112,
"total": 26.4612
}