{
"n": 704643072,
"size": 141,
"hull": 21,
"seed": 0,
"copy2device": 523.607,
"find_extremes": 15.9372,
"find_corners": 68.6684,
"find_points_in_Q": 13.6852,
"compaction": 9.91814,
"copy2host": 0.012544,
"filter": 108.245,
"delete": 0,
"preparation": 0.017024,
"cgal_convex_hull": 0.018368,
"total": 108.263
}