{
"n": 234881024,
"size": 165,
"hull": 21,
"seed": 0,
"copy2device": 157.19,
"find_extremes": 5.2337,
"find_corners": 23.3097,
"find_points_in_Q": 4.86189,
"compaction": 3.32134,
"copy2host": 0.010944,
"filter": 36.7591,
"delete": 0,
"preparation": 0.012992,
"cgal_convex_hull": 0.016448,
"total": 36.7756
}