{
"n": 838860800,
"size": 90,
"hull": 23,
"seed": 0,
"copy2device": 584.66,
"find_extremes": 19.0172,
"find_corners": 82.2737,
"find_points_in_Q": 16.4541,
"compaction": 11.7574,
"copy2host": 0.012,
"filter": 129.539,
"delete": 0,
"preparation": 0.011008,
"cgal_convex_hull": 0.013216,
"total": 129.552
}