{
"n": 201326592,
"size": 2374,
"hull": 21,
"seed": 0,
"copy2device": 145.638,
"find_extremes": 4.48602,
"find_corners": 20.0621,
"find_points_in_Q": 4.14906,
"compaction": 2.8441,
"copy2host": 0.017568,
"filter": 31.572,
"delete": 0,
"preparation": 0.11984,
"cgal_convex_hull": 0.147232,
"total": 31.7192
}