{
"n": 402653184,
"size": 40,
"hull": 21,
"seed": 0,
"copy2device": 276.723,
"find_extremes": 8.99834,
"find_corners": 39.7573,
"find_points_in_Q": 8.20966,
"compaction": 5.6705,
"copy2host": 0.009632,
"filter": 62.669,
"delete": 0,
"preparation": 0.005568,
"cgal_convex_hull": 0.009856,
"total": 62.6788
}