{
"n": 905969664,
"size": 544,
"hull": 20,
"seed": 0,
"copy2device": 689.43,
"find_extremes": 20.5708,
"find_corners": 88.6287,
"find_points_in_Q": 17.5682,
"compaction": 12.6972,
"copy2host": 0.012576,
"filter": 139.5,
"delete": 0,
"preparation": 0.04672,
"cgal_convex_hull": 0.036928,
"total": 139.537
}