{
"n": 369098752,
"size": 101,
"hull": 21,
"seed": 0,
"copy2device": 252.8,
"find_extremes": 8.24397,
"find_corners": 36.717,
"find_points_in_Q": 7.40192,
"compaction": 5.21821,
"copy2host": 0.010592,
"filter": 57.6146,
"delete": 0,
"preparation": 0.009248,
"cgal_convex_hull": 0.012704,
"total": 57.6273
}