{
"n": 1073741824,
"size": 279,
"hull": 22,
"seed": 0,
"copy2device": 810.414,
"find_extremes": 24.4812,
"find_corners": 105.236,
"find_points_in_Q": 20.8079,
"compaction": 15.0784,
"copy2host": 0.013408,
"filter": 165.642,
"delete": 0,
"preparation": 0.043136,
"cgal_convex_hull": 0.022176,
"total": 165.664
}