{
"n": 536870912,
"size": 215,
"hull": 26,
"seed": 0,
"copy2device": 372.554,
"find_extremes": 12.0621,
"find_corners": 53.0329,
"find_points_in_Q": 10.6737,
"compaction": 7.53814,
"copy2host": 0.011904,
"filter": 83.3403,
"delete": 0,
"preparation": 0.020256,
"cgal_convex_hull": 0.021568,
"total": 83.3619
}