{
"n": 872415232,
"size": 131,
"hull": 20,
"seed": 0,
"copy2device": 610.656,
"find_extremes": 19.8237,
"find_corners": 85.2586,
"find_points_in_Q": 17.0795,
"compaction": 12.2412,
"copy2host": 0.01152,
"filter": 134.441,
"delete": 0,
"preparation": 0.02144,
"cgal_convex_hull": 0.016448,
"total": 134.458
}