{
"n": 335544320,
"size": 429,
"hull": 24,
"seed": 0,
"copy2device": 241.429,
"find_extremes": 7.4864,
"find_corners": 33.2227,
"find_points_in_Q": 6.80954,
"compaction": 4.7504,
"copy2host": 0.021024,
"filter": 52.3018,
"delete": 0,
"preparation": 0.025312,
"cgal_convex_hull": 0.02912,
"total": 52.3309
}