{
"n": 905969664,
"size": 117,
"hull": 25,
"seed": 0,
"copy2device": 689.446,
"find_extremes": 20.5883,
"find_corners": 88.7916,
"find_points_in_Q": 17.6243,
"compaction": 12.647,
"copy2host": 0.01184,
"filter": 139.687,
"delete": 0,
"preparation": 0.012544,
"cgal_convex_hull": 0.014496,
"total": 139.701
}