{
"n": 335544320,
"size": 134,
"hull": 22,
"seed": 0,
"copy2device": 247.935,
"find_extremes": 6.91642,
"find_corners": 32.7579,
"find_points_in_Q": 7.2472,
"compaction": 3.99754,
"copy2host": 0.016256,
"filter": 50.9528,
"delete": 0,
"preparation": 0.011488,
"cgal_convex_hull": 0.01568,
"total": 50.9685
}