{
"n": 301989888,
"size": 121,
"hull": 21,
"seed": 0,
"copy2device": 222.161,
"find_extremes": 6.23507,
"find_corners": 29.2715,
"find_points_in_Q": 6.68797,
"compaction": 3.69136,
"copy2host": 0.016096,
"filter": 45.9187,
"delete": 0,
"preparation": 0.011456,
"cgal_convex_hull": 0.01488,
"total": 45.9335
}