{
"n": 301989888,
"size": 95,
"hull": 25,
"seed": 0,
"copy2device": 221.71,
"find_extremes": 6.23088,
"find_corners": 28.9238,
"find_points_in_Q": 6.65712,
"compaction": 3.69606,
"copy2host": 0.009312,
"filter": 45.5399,
"delete": 0,
"preparation": 0.009056,
"cgal_convex_hull": 0.012224,
"total": 45.5522
}