{
"n": 1073741824,
"size": 147,
"hull": 22,
"seed": 0,
"copy2device": 825.212,
"find_extremes": 21.944,
"find_corners": 102.864,
"find_points_in_Q": 22.4695,
"compaction": 12.2568,
"copy2host": 0.010848,
"filter": 159.572,
"delete": 0,
"preparation": 0.030208,
"cgal_convex_hull": 0.016608,
"total": 159.589
}