{
"n": 1073741824,
"size": 117,
"hull": 26,
"seed": 0,
"copy2device": 830.281,
"find_extremes": 21.9476,
"find_corners": 102.805,
"find_points_in_Q": 22.5068,
"compaction": 12.2351,
"copy2host": 0.010048,
"filter": 159.532,
"delete": 0,
"preparation": 0.012384,
"cgal_convex_hull": 0.0144,
"total": 159.546
}