{
"n": 335544320,
"size": 370,
"hull": 17,
"seed": 0,
"copy2device": 236.83,
"find_extremes": 6.92195,
"find_corners": 32.8252,
"find_points_in_Q": 7.18934,
"compaction": 3.97722,
"copy2host": 0.013408,
"filter": 50.9459,
"delete": 0,
"preparation": 0.038016,
"cgal_convex_hull": 0.026144,
"total": 50.972
}