{
"n": 603979776,
"size": 95,
"hull": 20,
"seed": 0,
"copy2device": 430.995,
"find_extremes": 12.3804,
"find_corners": 58.5178,
"find_points_in_Q": 12.8755,
"compaction": 7.00832,
"copy2host": 0.010784,
"filter": 90.8168,
"delete": 0,
"preparation": 0.010624,
"cgal_convex_hull": 0.013472,
"total": 90.8302
}