{
"n": 671088640,
"size": 103,
"hull": 17,
"seed": 0,
"copy2device": 479.134,
"find_extremes": 13.7469,
"find_corners": 64.5955,
"find_points_in_Q": 14.2053,
"compaction": 7.72784,
"copy2host": 0.010624,
"filter": 100.312,
"delete": 0,
"preparation": 0.02272,
"cgal_convex_hull": 0.014208,
"total": 100.327
}