{
"n": 1040187392,
"size": 92,
"hull": 19,
"seed": 0,
"copy2device": 802.176,
"find_extremes": 21.2566,
"find_corners": 99.4133,
"find_points_in_Q": 21.8545,
"compaction": 11.8665,
"copy2host": 0.010336,
"filter": 154.429,
"delete": 0,
"preparation": 0.011104,
"cgal_convex_hull": 0.012608,
"total": 154.441
}