{
"n": 100663296,
"size": 190,
"hull": 23,
"seed": 0,
"copy2device": 66.3913,
"find_extremes": 2.14083,
"find_corners": 9.86643,
"find_points_in_Q": 2.28528,
"compaction": 1.36989,
"copy2host": 0.009824,
"filter": 15.6926,
"delete": 0,
"preparation": 0.012032,
"cgal_convex_hull": 0.01632,
"total": 15.7089
}