{
"n": 905969664,
"size": 63,
"hull": 19,
"seed": 0,
"copy2device": 695.742,
"find_extremes": 18.5244,
"find_corners": 87.2436,
"find_points_in_Q": 18.9788,
"compaction": 10.3403,
"copy2host": 0.01056,
"filter": 135.123,
"delete": 0,
"preparation": 0.009152,
"cgal_convex_hull": 0.011936,
"total": 135.134
}