{
"n": 301989888,
"size": 61,
"hull": 19,
"seed": 0,
"copy2device": 222.7,
"find_extremes": 6.23504,
"find_corners": 29.1181,
"find_points_in_Q": 6.63507,
"compaction": 3.64285,
"copy2host": 0.010656,
"filter": 45.6637,
"delete": 0,
"preparation": 0.007424,
"cgal_convex_hull": 0.010688,
"total": 45.6744
}