{
"n": 637534208,
"size": 153,
"hull": 23,
"seed": 0,
"copy2device": 510.41,
"find_extremes": 13.0747,
"find_corners": 61.7077,
"find_points_in_Q": 13.4601,
"compaction": 7.3247,
"copy2host": 0.017344,
"filter": 95.6023,
"delete": 0,
"preparation": 0.017856,
"cgal_convex_hull": 0.017632,
"total": 95.6199
}