{
"n": 738197504,
"size": 197,
"hull": 22,
"seed": 0,
"copy2device": 583.296,
"find_extremes": 15.1093,
"find_corners": 70.8782,
"find_points_in_Q": 15.6451,
"compaction": 8.48755,
"copy2host": 0.010784,
"filter": 110.154,
"delete": 0,
"preparation": 0.018304,
"cgal_convex_hull": 0.019008,
"total": 110.173
}