{
"n": 503316480,
"size": 254,
"hull": 20,
"seed": 0,
"copy2device": 369.783,
"find_extremes": 10.3309,
"find_corners": 48.2809,
"find_points_in_Q": 10.7758,
"compaction": 5.86294,
"copy2host": 0.01072,
"filter": 75.2853,
"delete": 0,
"preparation": 0.019488,
"cgal_convex_hull": 0.021472,
"total": 75.3067
}