{
"n": 738197504,
"size": 258,
"hull": 26,
"seed": 0,
"copy2device": 538.163,
"find_extremes": 15.1133,
"find_corners": 70.7753,
"find_points_in_Q": 15.7343,
"compaction": 8.50627,
"copy2host": 0.010496,
"filter": 110.166,
"delete": 0,
"preparation": 0.02016,
"cgal_convex_hull": 0.022688,
"total": 110.189
}