{
"n": 1006632960,
"size": 166,
"hull": 23,
"seed": 0,
"copy2device": 776.411,
"find_extremes": 20.5748,
"find_corners": 96.2607,
"find_points_in_Q": 21.2765,
"compaction": 11.5067,
"copy2host": 0.010464,
"filter": 149.656,
"delete": 0,
"preparation": 0.023168,
"cgal_convex_hull": 0.018112,
"total": 149.675
}