{
"n": 1006632960,
"size": 41,
"hull": 20,
"seed": 0,
"copy2device": 776.991,
"find_extremes": 20.5757,
"find_corners": 96.3202,
"find_points_in_Q": 21.2252,
"compaction": 11.4698,
"copy2host": 0.010016,
"filter": 149.627,
"delete": 0,
"preparation": 0.014784,
"cgal_convex_hull": 0.014816,
"total": 149.642
}