{
"n": 1040187392,
"size": 250,
"hull": 18,
"seed": 0,
"copy2device": 801.001,
"find_extremes": 21.2586,
"find_corners": 99.1514,
"find_points_in_Q": 21.9257,
"compaction": 11.8271,
"copy2host": 0.010976,
"filter": 154.198,
"delete": 0,
"preparation": 0.035072,
"cgal_convex_hull": 0.022304,
"total": 154.22
}