{
"n": 704643072,
"size": 335,
"hull": 18,
"seed": 0,
"copy2device": 568.232,
"find_extremes": 14.4291,
"find_corners": 68.2544,
"find_points_in_Q": 14.9828,
"compaction": 8.09658,
"copy2host": 0.018048,
"filter": 105.798,
"delete": 0,
"preparation": 0.024544,
"cgal_convex_hull": 0.023712,
"total": 105.822
}