{
"n": 1040187392,
"size": 124,
"hull": 24,
"seed": 0,
"copy2device": 858.255,
"find_extremes": 21.2549,
"find_corners": 99.244,
"find_points_in_Q": 21.7815,
"compaction": 11.8462,
"copy2host": 0.009888,
"filter": 154.162,
"delete": 0,
"preparation": 0.015264,
"cgal_convex_hull": 0.015456,
"total": 154.177
}