{
"n": 872415232,
"size": 150,
"hull": 23,
"seed": 0,
"copy2device": 661.862,
"find_extremes": 17.8527,
"find_corners": 82.34,
"find_points_in_Q": 18.424,
"compaction": 9.99894,
"copy2host": 0.010496,
"filter": 128.657,
"delete": 0,
"preparation": 0.029504,
"cgal_convex_hull": 0.01632,
"total": 128.674
}