{
"n": 805306368,
"size": 357,
"hull": 33,
"seed": 0,
"copy2device": 575.773,
"find_extremes": 16.4759,
"find_corners": 78.528,
"find_points_in_Q": 17.5027,
"compaction": 9.32378,
"copy2host": 0.011136,
"filter": 121.867,
"delete": 0,
"preparation": 0.024448,
"cgal_convex_hull": 0.028736,
"total": 121.896
}