{
"n": 402653184,
"size": 66,
"hull": 18,
"seed": 0,
"copy2device": 285.001,
"find_extremes": 8.28253,
"find_corners": 39.0698,
"find_points_in_Q": 8.60582,
"compaction": 4.73357,
"copy2host": 0.010592,
"filter": 60.7259,
"delete": 0,
"preparation": 0.007584,
"cgal_convex_hull": 0.011264,
"total": 60.7372
}