{
"n": 603979776,
"size": 100,
"hull": 23,
"seed": 0,
"copy2device": 431.704,
"find_extremes": 12.3825,
"find_corners": 58.6759,
"find_points_in_Q": 13.09,
"compaction": 7.00992,
"copy2host": 0.009984,
"filter": 91.1933,
"delete": 0,
"preparation": 0.01072,
"cgal_convex_hull": 0.01328,
"total": 91.2066
}