{
"n": 100663296,
"size": 34,
"hull": 15,
"seed": 0,
"copy2device": 65.209,
"find_extremes": 2.13725,
"find_corners": 9.89754,
"find_points_in_Q": 2.3065,
"compaction": 1.39654,
"copy2host": 0.009824,
"filter": 15.7683,
"delete": 0,
"preparation": 0.004704,
"cgal_convex_hull": 0.009024,
"total": 15.7773
}