{
"n": 335544320,
"size": 387,
"hull": 22,
"seed": 0,
"copy2device": 236.859,
"find_extremes": 6.91821,
"find_corners": 32.4699,
"find_points_in_Q": 7.22707,
"compaction": 3.98218,
"copy2host": 0.016256,
"filter": 50.6301,
"delete": 0,
"preparation": 0.038752,
"cgal_convex_hull": 0.025856,
"total": 50.656
}