{
"n": 671088640,
"size": 51,
"hull": 19,
"seed": 0,
"copy2device": 478.194,
"find_extremes": 13.745,
"find_corners": 64.3431,
"find_points_in_Q": 14.1905,
"compaction": 7.75782,
"copy2host": 0.01056,
"filter": 100.073,
"delete": 0,
"preparation": 0.007296,
"cgal_convex_hull": 0.011456,
"total": 100.084
}