{
"n": 738197504,
"size": 429,
"hull": 19,
"seed": 0,
"copy2device": 580.727,
"find_extremes": 15.1094,
"find_corners": 70.9031,
"find_points_in_Q": 15.6124,
"compaction": 8.46781,
"copy2host": 0.01008,
"filter": 110.129,
"delete": 0,
"preparation": 0.028896,
"cgal_convex_hull": 0.030336,
"total": 110.16
}