{
"n": 704643072,
"size": 148,
"hull": 27,
"seed": 0,
"copy2device": 555.456,
"find_extremes": 14.4263,
"find_corners": 68.0106,
"find_points_in_Q": 14.8852,
"compaction": 8.09494,
"copy2host": 0.00992,
"filter": 105.452,
"delete": 0,
"preparation": 0.014656,
"cgal_convex_hull": 0.01744,
"total": 105.47
}