{
"n": 134217728,
"size": 122,
"hull": 19,
"seed": 0,
"copy2device": 89.9357,
"find_extremes": 2.81869,
"find_corners": 13.0727,
"find_points_in_Q": 3.02448,
"compaction": 1.7488,
"copy2host": 0.008992,
"filter": 20.6931,
"delete": 0,
"preparation": 0.010368,
"cgal_convex_hull": 0.013792,
"total": 20.7069
}