{
"n": 67108864,
"size": 279,
"hull": 23,
"seed": 0,
"copy2device": 41.8358,
"find_extremes": 1.45184,
"find_corners": 6.62819,
"find_points_in_Q": 1.53939,
"compaction": 1.00694,
"copy2host": 0.010432,
"filter": 10.6557,
"delete": 0,
"preparation": 0.016384,
"cgal_convex_hull": 0.019456,
"total": 10.6752
}