{
"n": 234881024,
"size": 107,
"hull": 20,
"seed": 0,
"copy2device": 162.416,
"find_extremes": 4.86886,
"find_corners": 23.2141,
"find_points_in_Q": 5.0969,
"compaction": 2.87443,
"copy2host": 0.009152,
"filter": 36.0858,
"delete": 0,
"preparation": 0.00944,
"cgal_convex_hull": 0.013216,
"total": 36.099
}