{
"n": 134217728,
"size": 177,
"hull": 19,
"seed": 0,
"copy2device": 88.8579,
"find_extremes": 2.8199,
"find_corners": 13.078,
"find_points_in_Q": 3.0263,
"compaction": 1.75677,
"copy2host": 0.009344,
"filter": 20.7115,
"delete": 0,
"preparation": 0.01312,
"cgal_convex_hull": 0.0168,
"total": 20.7283
}