{
"n": 738197504,
"size": 217,
"hull": 28,
"seed": 0,
"copy2device": 574.662,
"find_extremes": 15.1141,
"find_corners": 71.4518,
"find_points_in_Q": 15.7135,
"compaction": 8.4961,
"copy2host": 0.01072,
"filter": 110.812,
"delete": 0,
"preparation": 0.034208,
"cgal_convex_hull": 0.021408,
"total": 110.833
}