{
"n": 973078528,
"size": 340,
"hull": 23,
"seed": 0,
"copy2device": 753.022,
"find_extremes": 19.8935,
"find_corners": 93.3153,
"find_points_in_Q": 20.5708,
"compaction": 11.1145,
"copy2host": 0.010784,
"filter": 144.933,
"delete": 0,
"preparation": 0.025568,
"cgal_convex_hull": 0.025856,
"total": 144.959
}