{
"n": 905969664,
"size": 64,
"hull": 17,
"seed": 0,
"copy2device": 649.742,
"find_extremes": 18.5344,
"find_corners": 86.2996,
"find_points_in_Q": 19.0047,
"compaction": 10.3325,
"copy2host": 0.009728,
"filter": 134.209,
"delete": 0,
"preparation": 0.00896,
"cgal_convex_hull": 0.010784,
"total": 134.22
}