{
"n": 939524096,
"size": 163,
"hull": 24,
"seed": 0,
"copy2device": 673.466,
"find_extremes": 19.2116,
"find_corners": 89.5995,
"find_points_in_Q": 19.8143,
"compaction": 10.7321,
"copy2host": 0.009568,
"filter": 139.395,
"delete": 0,
"preparation": 0.01632,
"cgal_convex_hull": 0.01808,
"total": 139.413
}