{
"n": 100663296,
"size": 186,
"hull": 24,
"seed": 0,
"copy2device": 66.3642,
"find_extremes": 2.13581,
"find_corners": 9.87197,
"find_points_in_Q": 2.29328,
"compaction": 1.3775,
"copy2host": 0.009696,
"filter": 15.708,
"delete": 0,
"preparation": 0.01264,
"cgal_convex_hull": 0.017568,
"total": 15.7256
}