{
"n": 469762048,
"size": 184,
"hull": 19,
"seed": 0,
"copy2device": 363.45,
"find_extremes": 9.66464,
"find_corners": 45.9772,
"find_points_in_Q": 10.1317,
"compaction": 5.53702,
"copy2host": 0.011008,
"filter": 71.3452,
"delete": 0,
"preparation": 0.016,
"cgal_convex_hull": 0.018688,
"total": 71.3639
}