{
"n": 603979776,
"size": 173,
"hull": 24,
"seed": 0,
"copy2device": 442.766,
"find_extremes": 12.3805,
"find_corners": 58.593,
"find_points_in_Q": 12.8734,
"compaction": 6.97136,
"copy2host": 0.01648,
"filter": 90.8533,
"delete": 0,
"preparation": 0.014816,
"cgal_convex_hull": 0.017312,
"total": 90.8707
}