{
"n": 335544320,
"size": 91,
"hull": 21,
"seed": 0,
"copy2device": 248.304,
"find_extremes": 6.91366,
"find_corners": 32.3789,
"find_points_in_Q": 7.2815,
"compaction": 3.98976,
"copy2host": 0.017696,
"filter": 50.5975,
"delete": 0,
"preparation": 0.009344,
"cgal_convex_hull": 0.012736,
"total": 50.6102
}