{
"n": 67108864,
"size": 74,
"hull": 20,
"seed": 0,
"copy2device": 42.7993,
"find_extremes": 1.44006,
"find_corners": 7.20691,
"find_points_in_Q": 1.55341,
"compaction": 1.00339,
"copy2host": 0.013408,
"filter": 11.2326,
"delete": 0,
"preparation": 0.02048,
"cgal_convex_hull": 0.011936,
"total": 11.2445
}