{
"n": 637534208,
"size": 169,
"hull": 22,
"seed": 0,
"copy2device": 512.807,
"find_extremes": 13.068,
"find_corners": 61.632,
"find_points_in_Q": 13.4719,
"compaction": 7.328,
"copy2host": 0.010368,
"filter": 95.5362,
"delete": 0,
"preparation": 0.035296,
"cgal_convex_hull": 0.017152,
"total": 95.5533
}