{
"n": 872415232,
"size": 90,
"hull": 20,
"seed": 0,
"copy2device": 624.577,
"find_extremes": 17.8536,
"find_corners": 83.2492,
"find_points_in_Q": 18.3291,
"compaction": 9.97267,
"copy2host": 0.00944,
"filter": 129.442,
"delete": 0,
"preparation": 0.009888,
"cgal_convex_hull": 0.014336,
"total": 129.457
}