{
"n": 268435456,
"size": 105,
"hull": 21,
"seed": 0,
"copy2device": 198.015,
"find_extremes": 5.55482,
"find_corners": 25.9431,
"find_points_in_Q": 5.95373,
"compaction": 3.27075,
"copy2host": 0.013888,
"filter": 40.7553,
"delete": 0,
"preparation": 0.00928,
"cgal_convex_hull": 0.013344,
"total": 40.7686
}