{
"n": 704643072,
"size": 155,
"hull": 19,
"seed": 0,
"copy2device": 501.798,
"find_extremes": 14.4232,
"find_corners": 68.2345,
"find_points_in_Q": 14.8874,
"compaction": 8.0871,
"copy2host": 0.010464,
"filter": 105.666,
"delete": 0,
"preparation": 0.013312,
"cgal_convex_hull": 0.016,
"total": 105.682
}