{
"n": 503316480,
"size": 180,
"hull": 22,
"seed": 0,
"copy2device": 368.922,
"find_extremes": 10.3297,
"find_corners": 48.3424,
"find_points_in_Q": 10.6616,
"compaction": 5.86797,
"copy2host": 0.010048,
"filter": 75.2359,
"delete": 0,
"preparation": 0.015264,
"cgal_convex_hull": 0.017408,
"total": 75.2533
}