{
"n": 603979776,
"size": 131,
"hull": 17,
"seed": 0,
"copy2device": 442.408,
"find_extremes": 12.3868,
"find_corners": 58.885,
"find_points_in_Q": 12.8768,
"compaction": 7.01683,
"copy2host": 0.009984,
"filter": 91.202,
"delete": 0,
"preparation": 0.012608,
"cgal_convex_hull": 0.01616,
"total": 91.2182
}