{
"n": 704643072,
"size": 161,
"hull": 25,
"seed": 0,
"copy2device": 504.611,
"find_extremes": 14.4511,
"find_corners": 68.1508,
"find_points_in_Q": 14.9029,
"compaction": 8.12173,
"copy2host": 0.011712,
"filter": 105.664,
"delete": 0,
"preparation": 0.027008,
"cgal_convex_hull": 0.017888,
"total": 105.682
}