{
"n": 100663296,
"size": 97,
"hull": 26,
"seed": 0,
"copy2device": 66.4722,
"find_extremes": 2.13629,
"find_corners": 9.85472,
"find_points_in_Q": 2.28154,
"compaction": 1.37997,
"copy2host": 0.009792,
"filter": 15.6808,
"delete": 0,
"preparation": 0.00784,
"cgal_convex_hull": 0.013568,
"total": 15.6943
}