{
"n": 369098752,
"size": 139,
"hull": 22,
"seed": 0,
"copy2device": 260.892,
"find_extremes": 7.60221,
"find_corners": 35.3767,
"find_points_in_Q": 7.91482,
"compaction": 4.35818,
"copy2host": 0.010432,
"filter": 55.2851,
"delete": 0,
"preparation": 0.012256,
"cgal_convex_hull": 0.014816,
"total": 55.2999
}