{
"n": 67108864,
"size": 81,
"hull": 22,
"seed": 0,
"copy2device": 42.8443,
"find_extremes": 1.45258,
"find_corners": 6.64058,
"find_points_in_Q": 1.5409,
"compaction": 1.00534,
"copy2host": 0.01024,
"filter": 10.671,
"delete": 0,
"preparation": 0.006208,
"cgal_convex_hull": 0.012736,
"total": 10.6838
}