{
"n": 838860800,
"size": 305,
"hull": 19,
"seed": 0,
"copy2device": 600.25,
"find_extremes": 17.1641,
"find_corners": 80.0287,
"find_points_in_Q": 17.6135,
"compaction": 9.5784,
"copy2host": 0.010016,
"filter": 124.421,
"delete": 0,
"preparation": 0.0224,
"cgal_convex_hull": 0.02256,
"total": 124.444
}