{
"n": 1040187392,
"size": 236,
"hull": 20,
"seed": 0,
"copy2device": 836.278,
"find_extremes": 21.269,
"find_corners": 99.3625,
"find_points_in_Q": 21.8399,
"compaction": 11.8187,
"copy2host": 0.010368,
"filter": 154.336,
"delete": 0,
"preparation": 0.021504,
"cgal_convex_hull": 0.022304,
"total": 154.358
}