{
"n": 973078528,
"size": 319,
"hull": 27,
"seed": 0,
"copy2device": 752.716,
"find_extremes": 19.8887,
"find_corners": 92.9397,
"find_points_in_Q": 20.4358,
"compaction": 11.1071,
"copy2host": 0.011072,
"filter": 144.407,
"delete": 0,
"preparation": 0.022976,
"cgal_convex_hull": 0.025312,
"total": 144.433
}