{
"n": 33554432,
"size": 81,
"hull": 21,
"seed": 0,
"copy2device": 51.7331,
"find_extremes": 0.7768,
"find_corners": 3.28602,
"find_points_in_Q": 0.79888,
"compaction": 0.521536,
"copy2host": 0.008832,
"filter": 5.41114,
"delete": 0,
"preparation": 0.008704,
"cgal_convex_hull": 0.013728,
"total": 5.42486
}