{
"n": 939524096,
"size": 174,
"hull": 24,
"seed": 0,
"copy2device": 727.475,
"find_extremes": 19.2126,
"find_corners": 89.6358,
"find_points_in_Q": 19.6748,
"compaction": 10.7081,
"copy2host": 0.0104,
"filter": 139.268,
"delete": 0,
"preparation": 0.03232,
"cgal_convex_hull": 0.018464,
"total": 139.287
}