{
"n": 603979776,
"size": 100,
"hull": 25,
"seed": 0,
"copy2device": 487.396,
"find_extremes": 12.3878,
"find_corners": 58.6621,
"find_points_in_Q": 12.8748,
"compaction": 7.00573,
"copy2host": 0.010112,
"filter": 90.9644,
"delete": 0,
"preparation": 0.01136,
"cgal_convex_hull": 0.014304,
"total": 90.9787
}