{
"n": 704643072,
"size": 114,
"hull": 19,
"seed": 0,
"copy2device": 536.392,
"find_extremes": 14.4418,
"find_corners": 67.8916,
"find_points_in_Q": 14.902,
"compaction": 8.09981,
"copy2host": 0.010304,
"filter": 105.372,
"delete": 0,
"preparation": 0.014848,
"cgal_convex_hull": 0.01552,
"total": 105.388
}