{
"n": 536870912,
"size": 155,
"hull": 18,
"seed": 0,
"copy2device": 393.317,
"find_extremes": 11.0237,
"find_corners": 51.5109,
"find_points_in_Q": 11.4793,
"compaction": 6.2385,
"copy2host": 0.01664,
"filter": 80.2868,
"delete": 0,
"preparation": 0.014496,
"cgal_convex_hull": 0.016224,
"total": 80.3031
}