{
"n": 503316480,
"size": 210,
"hull": 23,
"seed": 0,
"copy2device": 368.753,
"find_extremes": 10.3378,
"find_corners": 48.328,
"find_points_in_Q": 10.9488,
"compaction": 5.8649,
"copy2host": 0.01664,
"filter": 75.5127,
"delete": 0,
"preparation": 0.01632,
"cgal_convex_hull": 0.02048,
"total": 75.5332
}