{
"n": 100663296,
"size": 92,
"hull": 19,
"seed": 0,
"copy2device": 65.2351,
"find_extremes": 2.1361,
"find_corners": 9.8905,
"find_points_in_Q": 2.31139,
"compaction": 1.3975,
"copy2host": 0.008896,
"filter": 15.764,
"delete": 0,
"preparation": 0.007264,
"cgal_convex_hull": 0.012576,
"total": 15.7766
}