{
"n": 201326592,
"size": 64,
"hull": 23,
"seed": 0,
"copy2device": 149.58,
"find_extremes": 4.18746,
"find_corners": 19.6948,
"find_points_in_Q": 4.54502,
"compaction": 2.52538,
"copy2host": 0.013984,
"filter": 30.9858,
"delete": 0,
"preparation": 0.007456,
"cgal_convex_hull": 0.01088,
"total": 30.9967
}