{
"n": 469762048,
"size": 136,
"hull": 19,
"seed": 0,
"copy2device": 333.206,
"find_extremes": 9.6489,
"find_corners": 45.4751,
"find_points_in_Q": 10.0023,
"compaction": 5.49174,
"copy2host": 0.009216,
"filter": 70.6515,
"delete": 0,
"preparation": 0.012,
"cgal_convex_hull": 0.016224,
"total": 70.6677
}