{
"n": 369098752,
"size": 86,
"hull": 19,
"seed": 0,
"copy2device": 260.635,
"find_extremes": 7.59888,
"find_corners": 35.3387,
"find_points_in_Q": 7.93773,
"compaction": 4.36547,
"copy2host": 0.010432,
"filter": 55.2714,
"delete": 0,
"preparation": 0.009568,
"cgal_convex_hull": 0.012768,
"total": 55.2842
}