{
"n": 872415232,
"size": 157,
"hull": 19,
"seed": 0,
"copy2device": 675.349,
"find_extremes": 17.8431,
"find_corners": 84.0411,
"find_points_in_Q": 18.361,
"compaction": 9.97686,
"copy2host": 0.010528,
"filter": 130.268,
"delete": 0,
"preparation": 0.01536,
"cgal_convex_hull": 0.016448,
"total": 130.284
}