{
"n": 738197504,
"size": 101,
"hull": 23,
"seed": 0,
"copy2device": 526.725,
"find_extremes": 15.114,
"find_corners": 70.8667,
"find_points_in_Q": 15.6088,
"compaction": 8.49546,
"copy2host": 0.01136,
"filter": 110.122,
"delete": 0,
"preparation": 0.011328,
"cgal_convex_hull": 0.015008,
"total": 110.137
}