{
"n": 301989888,
"size": 102,
"hull": 25,
"seed": 0,
"copy2device": 222.709,
"find_extremes": 6.23485,
"find_corners": 28.936,
"find_points_in_Q": 6.63632,
"compaction": 3.65667,
"copy2host": 0.010496,
"filter": 45.4972,
"delete": 0,
"preparation": 0.010688,
"cgal_convex_hull": 0.013344,
"total": 45.5105
}