{
"n": 335544320,
"size": 253,
"hull": 22,
"seed": 0,
"copy2device": 236.133,
"find_extremes": 6.91158,
"find_corners": 32.7822,
"find_points_in_Q": 7.33715,
"compaction": 3.98941,
"copy2host": 0.010656,
"filter": 51.0525,
"delete": 0,
"preparation": 0.017152,
"cgal_convex_hull": 0.021216,
"total": 51.0738
}