{
"n": 67108864,
"size": 69,
"hull": 20,
"seed": 0,
"copy2device": 42.8042,
"find_extremes": 1.44573,
"find_corners": 6.64547,
"find_points_in_Q": 1.53802,
"compaction": 0.99872,
"copy2host": 0.00912,
"filter": 10.6564,
"delete": 0,
"preparation": 0.00608,
"cgal_convex_hull": 0.009664,
"total": 10.666
}