{
"n": 100663296,
"size": 126,
"hull": 21,
"seed": 0,
"copy2device": 65.6236,
"find_extremes": 2.13568,
"find_corners": 9.88531,
"find_points_in_Q": 2.28038,
"compaction": 1.37738,
"copy2host": 0.009632,
"filter": 15.7064,
"delete": 0,
"preparation": 0.010272,
"cgal_convex_hull": 0.014176,
"total": 15.7206
}