{
"n": 100663296,
"size": 87,
"hull": 19,
"seed": 0,
"copy2device": 65.3285,
"find_extremes": 2.15133,
"find_corners": 9.88902,
"find_points_in_Q": 2.30042,
"compaction": 1.3792,
"copy2host": 0.0096,
"filter": 15.7492,
"delete": 0,
"preparation": 0.008384,
"cgal_convex_hull": 0.0128,
"total": 15.762
}