{
"n": 1040187392,
"size": 155,
"hull": 25,
"seed": 0,
"copy2device": 859.114,
"find_extremes": 21.2606,
"find_corners": 99.3516,
"find_points_in_Q": 21.8163,
"compaction": 11.8515,
"copy2host": 0.01104,
"filter": 154.322,
"delete": 0,
"preparation": 0.017856,
"cgal_convex_hull": 0.017824,
"total": 154.339
}