{
"n": 268435456,
"size": 129,
"hull": 22,
"seed": 0,
"copy2device": 198.557,
"find_extremes": 5.55024,
"find_corners": 25.9933,
"find_points_in_Q": 5.93037,
"compaction": 3.25418,
"copy2host": 0.009952,
"filter": 40.7609,
"delete": 0,
"preparation": 0.010976,
"cgal_convex_hull": 0.015072,
"total": 40.7759
}