{
"n": 134217728,
"size": 101,
"hull": 19,
"seed": 0,
"copy2device": 88.8659,
"find_extremes": 2.82147,
"find_corners": 13.1158,
"find_points_in_Q": 3.0151,
"compaction": 1.78819,
"copy2host": 0.00992,
"filter": 20.7708,
"delete": 0,
"preparation": 0.008544,
"cgal_convex_hull": 0.013376,
"total": 20.7841
}