{
"n": 973078528,
"size": 305,
"hull": 19,
"seed": 0,
"copy2device": 752.283,
"find_extremes": 19.8922,
"find_corners": 93.4321,
"find_points_in_Q": 20.4548,
"compaction": 11.0943,
"copy2host": 0.010176,
"filter": 144.911,
"delete": 0,
"preparation": 0.023424,
"cgal_convex_hull": 0.024896,
"total": 144.935
}