{
"n": 838860800,
"size": 179,
"hull": 22,
"seed": 0,
"copy2device": 652.702,
"find_extremes": 17.1614,
"find_corners": 80.5868,
"find_points_in_Q": 17.6036,
"compaction": 9.57658,
"copy2host": 0.010016,
"filter": 124.965,
"delete": 0,
"preparation": 0.026752,
"cgal_convex_hull": 0.01888,
"total": 124.984
}