{
"n": 402653184,
"size": 73,
"hull": 18,
"seed": 0,
"copy2device": 283.991,
"find_extremes": 8.2863,
"find_corners": 39.1693,
"find_points_in_Q": 8.62662,
"compaction": 4.73837,
"copy2host": 0.009568,
"filter": 60.8548,
"delete": 0,
"preparation": 0.00848,
"cgal_convex_hull": 0.011584,
"total": 60.8664
}