{
"n": 201326592,
"size": 80,
"hull": 21,
"seed": 0,
"copy2device": 149.803,
"find_extremes": 4.1887,
"find_corners": 19.6407,
"find_points_in_Q": 4.53869,
"compaction": 2.51955,
"copy2host": 0.014816,
"filter": 30.9184,
"delete": 0,
"preparation": 0.007776,
"cgal_convex_hull": 0.01184,
"total": 30.9303
}