{
"n": 671088640,
"size": 214,
"hull": 25,
"seed": 0,
"copy2device": 478.418,
"find_extremes": 13.7459,
"find_corners": 64.5976,
"find_points_in_Q": 14.1341,
"compaction": 7.7593,
"copy2host": 0.009984,
"filter": 100.281,
"delete": 0,
"preparation": 0.018656,
"cgal_convex_hull": 0.01936,
"total": 100.3
}