{
"n": 67108864,
"size": 96,
"hull": 15,
"seed": 0,
"copy2device": 42.8403,
"find_extremes": 1.44358,
"find_corners": 6.63776,
"find_points_in_Q": 1.53101,
"compaction": 0.996096,
"copy2host": 0.008864,
"filter": 10.6368,
"delete": 0,
"preparation": 0.007328,
"cgal_convex_hull": 0.010176,
"total": 10.647
}