{
"n": 402653184,
"size": 44,
"hull": 22,
"seed": 0,
"copy2device": 338.991,
"find_extremes": 8.28509,
"find_corners": 39.119,
"find_points_in_Q": 8.76499,
"compaction": 4.75437,
"copy2host": 0.009312,
"filter": 60.9581,
"delete": 0,
"preparation": 0.006432,
"cgal_convex_hull": 0.011008,
"total": 60.9692
}