{
"n": 201326592,
"size": 65,
"hull": 20,
"seed": 0,
"copy2device": 138.683,
"find_extremes": 4.18573,
"find_corners": 19.7804,
"find_points_in_Q": 4.51139,
"compaction": 2.5264,
"copy2host": 0.014336,
"filter": 31.0364,
"delete": 0,
"preparation": 0.009984,
"cgal_convex_hull": 0.011712,
"total": 31.0482
}