{
"n": 570425344,
"size": 91,
"hull": 20,
"seed": 0,
"copy2device": 418.279,
"find_extremes": 11.6959,
"find_corners": 54.6004,
"find_points_in_Q": 12.3571,
"compaction": 6.61331,
"copy2host": 0.01744,
"filter": 85.302,
"delete": 0,
"preparation": 0.010144,
"cgal_convex_hull": 0.012832,
"total": 85.3149
}