{
"n": 671088640,
"size": 61,
"hull": 16,
"seed": 0,
"copy2device": 539.239,
"find_extremes": 13.7471,
"find_corners": 64.5107,
"find_points_in_Q": 14.2268,
"compaction": 7.75501,
"copy2host": 0.010752,
"filter": 100.278,
"delete": 0,
"preparation": 0.009824,
"cgal_convex_hull": 0.01152,
"total": 100.289
}