{
"n": 1006632960,
"size": 251,
"hull": 20,
"seed": 0,
"copy2device": 723.653,
"find_extremes": 20.5736,
"find_corners": 96.2767,
"find_points_in_Q": 21.2384,
"compaction": 11.4964,
"copy2host": 0.011072,
"filter": 149.622,
"delete": 0,
"preparation": 0.020896,
"cgal_convex_hull": 0.020608,
"total": 149.643
}