{
"n": 805306368,
"size": 148,
"hull": 20,
"seed": 0,
"copy2device": 575.101,
"find_extremes": 16.476,
"find_corners": 78.4606,
"find_points_in_Q": 17.4998,
"compaction": 9.35517,
"copy2host": 0.009664,
"filter": 121.827,
"delete": 0,
"preparation": 0.0136,
"cgal_convex_hull": 0.016448,
"total": 121.844
}