{
"n": 234881024,
"size": 49,
"hull": 18,
"seed": 0,
"copy2device": 162.36,
"find_extremes": 4.86816,
"find_corners": 23.2101,
"find_points_in_Q": 5.2223,
"compaction": 2.91638,
"copy2host": 0.012704,
"filter": 36.2528,
"delete": 0,
"preparation": 0.010432,
"cgal_convex_hull": 0.010592,
"total": 36.2634
}