{
"n": 838860800,
"size": 103,
"hull": 22,
"seed": 0,
"copy2device": 652.411,
"find_extremes": 17.1659,
"find_corners": 79.8089,
"find_points_in_Q": 17.6244,
"compaction": 9.58602,
"copy2host": 0.010848,
"filter": 124.221,
"delete": 0,
"preparation": 0.012064,
"cgal_convex_hull": 0.014208,
"total": 124.235
}