{
"n": 905969664,
"size": 25,
"hull": 14,
"seed": 0,
"copy2device": 675.804,
"find_extremes": 18.5287,
"find_corners": 86.0167,
"find_points_in_Q": 18.9781,
"compaction": 10.3383,
"copy2host": 0.010272,
"filter": 133.902,
"delete": 0,
"preparation": 0.004864,
"cgal_convex_hull": 0.009184,
"total": 133.911
}