{
"n": 1073741824,
"size": 203,
"hull": 25,
"seed": 0,
"copy2device": 826.542,
"find_extremes": 21.939,
"find_corners": 102.772,
"find_points_in_Q": 22.5988,
"compaction": 12.251,
"copy2host": 0.01088,
"filter": 159.6,
"delete": 0,
"preparation": 0.033664,
"cgal_convex_hull": 0.018816,
"total": 159.618
}