{
"n": 369098752,
"size": 108,
"hull": 23,
"seed": 0,
"copy2device": 271.811,
"find_extremes": 7.60506,
"find_corners": 35.2401,
"find_points_in_Q": 7.93722,
"compaction": 4.34976,
"copy2host": 0.01424,
"filter": 55.1658,
"delete": 0,
"preparation": 0.010272,
"cgal_convex_hull": 0.014336,
"total": 55.1801
}