{
"n": 167772160,
"size": 1420,
"hull": 20,
"seed": 0,
"copy2device": 124.657,
"find_extremes": 3.4991,
"find_corners": 16.5772,
"find_points_in_Q": 3.74115,
"compaction": 2.12064,
"copy2host": 0.010624,
"filter": 25.9693,
"delete": 0,
"preparation": 0.071872,
"cgal_convex_hull": 0.073536,
"total": 26.0428
}