{
"n": 704643072,
"size": 149,
"hull": 26,
"seed": 0,
"copy2device": 501.822,
"find_extremes": 14.4343,
"find_corners": 67.8623,
"find_points_in_Q": 14.9206,
"compaction": 8.11101,
"copy2host": 0.010464,
"filter": 105.37,
"delete": 0,
"preparation": 0.016832,
"cgal_convex_hull": 0.01648,
"total": 105.386
}