{
"n": 637534208,
"size": 158,
"hull": 20,
"seed": 0,
"copy2device": 509.791,
"find_extremes": 13.0605,
"find_corners": 61.6194,
"find_points_in_Q": 13.4434,
"compaction": 7.32979,
"copy2host": 0.010304,
"filter": 95.4876,
"delete": 0,
"preparation": 0.015168,
"cgal_convex_hull": 0.016864,
"total": 95.5044
}