{
"n": 805306368,
"size": 98,
"hull": 25,
"seed": 0,
"copy2device": 575.208,
"find_extremes": 16.4866,
"find_corners": 78.4773,
"find_points_in_Q": 17.4397,
"compaction": 9.23674,
"copy2host": 0.010688,
"filter": 121.678,
"delete": 0,
"preparation": 0.010368,
"cgal_convex_hull": 0.014944,
"total": 121.693
}