{
"n": 805306368,
"size": 91,
"hull": 25,
"seed": 0,
"copy2device": 575.167,
"find_extremes": 16.4832,
"find_corners": 78.3447,
"find_points_in_Q": 17.4983,
"compaction": 9.36362,
"copy2host": 0.011136,
"filter": 121.727,
"delete": 0,
"preparation": 0.010432,
"cgal_convex_hull": 0.014208,
"total": 121.741
}