{
"n": 1073741824,
"size": 152,
"hull": 22,
"seed": 0,
"copy2device": 884.908,
"find_extremes": 21.9403,
"find_corners": 102.791,
"find_points_in_Q": 22.4605,
"compaction": 12.2492,
"copy2host": 0.010624,
"filter": 159.477,
"delete": 0,
"preparation": 0.016608,
"cgal_convex_hull": 0.017664,
"total": 159.495
}