{
"n": 1006632960,
"size": 49,
"hull": 19,
"seed": 0,
"copy2device": 780.741,
"find_extremes": 20.5836,
"find_corners": 96.2758,
"find_points_in_Q": 21.1522,
"compaction": 11.4617,
"copy2host": 0.01024,
"filter": 149.511,
"delete": 0,
"preparation": 0.007168,
"cgal_convex_hull": 0.010688,
"total": 149.521
}