{
"n": 939524096,
"size": 135,
"hull": 26,
"seed": 0,
"copy2device": 727.563,
"find_extremes": 19.2098,
"find_corners": 89.6866,
"find_points_in_Q": 19.7263,
"compaction": 10.7543,
"copy2host": 0.010848,
"filter": 139.415,
"delete": 0,
"preparation": 0.015296,
"cgal_convex_hull": 0.017152,
"total": 139.432
}