{
"n": 973078528,
"size": 281,
"hull": 20,
"seed": 0,
"copy2device": 752.03,
"find_extremes": 19.8928,
"find_corners": 92.7717,
"find_points_in_Q": 20.4955,
"compaction": 11.0895,
"copy2host": 0.011136,
"filter": 144.288,
"delete": 0,
"preparation": 0.022496,
"cgal_convex_hull": 0.02352,
"total": 144.311
}