{
"n": 973078528,
"size": 323,
"hull": 21,
"seed": 0,
"copy2device": 752.551,
"find_extremes": 19.8958,
"find_corners": 92.679,
"find_points_in_Q": 20.433,
"compaction": 11.0924,
"copy2host": 0.01104,
"filter": 144.137,
"delete": 0,
"preparation": 0.024736,
"cgal_convex_hull": 0.025536,
"total": 144.163
}