{
"n": 570425344,
"size": 592,
"hull": 23,
"seed": 0,
"copy2device": 406.965,
"find_extremes": 11.7008,
"find_corners": 54.7072,
"find_points_in_Q": 12.2211,
"compaction": 6.59894,
"copy2host": 0.010784,
"filter": 85.2628,
"delete": 0,
"preparation": 0.04544,
"cgal_convex_hull": 0.038208,
"total": 85.301
}