{
"n": 838860800,
"size": 189,
"hull": 19,
"seed": 0,
"copy2device": 600.25,
"find_extremes": 17.1577,
"find_corners": 83.1101,
"find_points_in_Q": 17.7129,
"compaction": 9.59709,
"copy2host": 0.010656,
"filter": 127.614,
"delete": 0,
"preparation": 0.030304,
"cgal_convex_hull": 0.019968,
"total": 127.634
}