{
"n": 872415232,
"size": 205,
"hull": 20,
"seed": 0,
"copy2device": 627.781,
"find_extremes": 17.8516,
"find_corners": 83.2945,
"find_points_in_Q": 18.3999,
"compaction": 10.0216,
"copy2host": 0.010944,
"filter": 129.605,
"delete": 0,
"preparation": 0.035776,
"cgal_convex_hull": 0.018976,
"total": 129.624
}