{
"n": 805306368,
"size": 301,
"hull": 21,
"seed": 0,
"copy2device": 629.536,
"find_extremes": 16.4734,
"find_corners": 78.5362,
"find_points_in_Q": 17.4897,
"compaction": 9.22496,
"copy2host": 0.010912,
"filter": 121.759,
"delete": 0,
"preparation": 0.022848,
"cgal_convex_hull": 0.02384,
"total": 121.783
}