{
"n": 603979776,
"size": 121,
"hull": 26,
"seed": 0,
"copy2device": 465.635,
"find_extremes": 12.4007,
"find_corners": 58.6076,
"find_points_in_Q": 12.9807,
"compaction": 6.99718,
"copy2host": 0.013248,
"filter": 91.0216,
"delete": 0,
"preparation": 0.014592,
"cgal_convex_hull": 0.017536,
"total": 91.0391
}