{
"n": 603979776,
"size": 173,
"hull": 19,
"seed": 0,
"copy2device": 431.272,
"find_extremes": 12.38,
"find_corners": 58.9633,
"find_points_in_Q": 12.9478,
"compaction": 7.00365,
"copy2host": 0.010624,
"filter": 91.3297,
"delete": 0,
"preparation": 0.014976,
"cgal_convex_hull": 0.017344,
"total": 91.3471
}