{
"n": 134217728,
"size": 201,
"hull": 20,
"seed": 0,
"copy2device": 89.9441,
"find_extremes": 2.82045,
"find_corners": 13.0843,
"find_points_in_Q": 2.99894,
"compaction": 1.74109,
"copy2host": 0.009664,
"filter": 20.6752,
"delete": 0,
"preparation": 0.014688,
"cgal_convex_hull": 0.019296,
"total": 20.6945
}