{
"n": 1006632960,
"size": 295,
"hull": 17,
"seed": 0,
"copy2device": 780.32,
"find_extremes": 20.5801,
"find_corners": 96.111,
"find_points_in_Q": 21.1965,
"compaction": 11.466,
"copy2host": 0.011648,
"filter": 149.391,
"delete": 0,
"preparation": 0.022848,
"cgal_convex_hull": 0.023392,
"total": 149.414
}