{
"n": 469762048,
"size": 127,
"hull": 20,
"seed": 0,
"copy2device": 332.717,
"find_extremes": 9.64774,
"find_corners": 45.854,
"find_points_in_Q": 10.0349,
"compaction": 5.48947,
"copy2host": 0.010208,
"filter": 71.06,
"delete": 0,
"preparation": 0.012,
"cgal_convex_hull": 0.016064,
"total": 71.0761
}