{
"n": 939524096,
"size": 293,
"hull": 25,
"seed": 0,
"copy2device": 689.241,
"find_extremes": 19.236,
"find_corners": 89.6491,
"find_points_in_Q": 19.6897,
"compaction": 10.763,
"copy2host": 0.010912,
"filter": 139.377,
"delete": 0,
"preparation": 0.032096,
"cgal_convex_hull": 0.025024,
"total": 139.402
}