{
"n": 234881024,
"size": 59,
"hull": 22,
"seed": 0,
"copy2device": 162.519,
"find_extremes": 4.86659,
"find_corners": 23.0714,
"find_points_in_Q": 5.18992,
"compaction": 2.89853,
"copy2host": 0.010272,
"filter": 36.0581,
"delete": 0,
"preparation": 0.00736,
"cgal_convex_hull": 0.011552,
"total": 36.0696
}