{
"n": 167772160,
"size": 212,
"hull": 28,
"seed": 0,
"copy2device": 126.143,
"find_extremes": 3.50995,
"find_corners": 16.5176,
"find_points_in_Q": 3.73491,
"compaction": 2.13453,
"copy2host": 0.013184,
"filter": 25.925,
"delete": 0,
"preparation": 0.016128,
"cgal_convex_hull": 0.019936,
"total": 25.9449
}