{
"n": 671088640,
"size": 191,
"hull": 23,
"seed": 0,
"copy2device": 535.167,
"find_extremes": 13.7527,
"find_corners": 64.4791,
"find_points_in_Q": 14.3093,
"compaction": 7.76166,
"copy2host": 0.010688,
"filter": 100.338,
"delete": 0,
"preparation": 0.018272,
"cgal_convex_hull": 0.019136,
"total": 100.357
}