{
"n": 369098752,
"size": 210,
"hull": 19,
"seed": 0,
"copy2device": 260.58,
"find_extremes": 7.59974,
"find_corners": 35.4115,
"find_points_in_Q": 7.9455,
"compaction": 4.33642,
"copy2host": 0.010432,
"filter": 55.3273,
"delete": 0,
"preparation": 0.01648,
"cgal_convex_hull": 0.01808,
"total": 55.3454
}