{
"n": 134217728,
"size": 149,
"hull": 20,
"seed": 0,
"copy2device": 88.7022,
"find_extremes": 2.81891,
"find_corners": 13.1628,
"find_points_in_Q": 3.01718,
"compaction": 1.7791,
"copy2host": 0.009344,
"filter": 20.8076,
"delete": 0,
"preparation": 0.012096,
"cgal_convex_hull": 0.016704,
"total": 20.8243
}