{
"n": 201326592,
"size": 444,
"hull": 22,
"seed": 0,
"copy2device": 138.795,
"find_extremes": 4.19683,
"find_corners": 19.8321,
"find_points_in_Q": 4.52787,
"compaction": 2.5457,
"copy2host": 0.015264,
"filter": 31.1358,
"delete": 0,
"preparation": 0.05008,
"cgal_convex_hull": 0.031744,
"total": 31.1676
}