{
"n": 201326592,
"size": 233,
"hull": 20,
"seed": 0,
"copy2device": 138.78,
"find_extremes": 4.18288,
"find_corners": 19.6445,
"find_points_in_Q": 4.50877,
"compaction": 2.51917,
"copy2host": 0.015424,
"filter": 30.8864,
"delete": 0,
"preparation": 0.034688,
"cgal_convex_hull": 0.017824,
"total": 30.9042
}