{
"n": 100663296,
"size": 118,
"hull": 25,
"seed": 0,
"copy2device": 66.3908,
"find_extremes": 2.13235,
"find_corners": 9.87437,
"find_points_in_Q": 2.28512,
"compaction": 1.37763,
"copy2host": 0.010016,
"filter": 15.6998,
"delete": 0,
"preparation": 0.00928,
"cgal_convex_hull": 0.015072,
"total": 15.7149
}