{
"n": 905969664,
"size": 244,
"hull": 23,
"seed": 0,
"copy2device": 649.477,
"find_extremes": 18.5231,
"find_corners": 86.2399,
"find_points_in_Q": 18.9648,
"compaction": 10.3599,
"copy2host": 0.01024,
"filter": 134.123,
"delete": 0,
"preparation": 0.019072,
"cgal_convex_hull": 0.02032,
"total": 134.144
}