{
"n": 603979776,
"size": 105,
"hull": 25,
"seed": 0,
"copy2device": 431.507,
"find_extremes": 12.3808,
"find_corners": 58.1321,
"find_points_in_Q": 12.9687,
"compaction": 6.97248,
"copy2host": 0.01056,
"filter": 90.4891,
"delete": 0,
"preparation": 0.01136,
"cgal_convex_hull": 0.014464,
"total": 90.5036
}