{
"n": 637534208,
"size": 62,
"hull": 19,
"seed": 0,
"copy2device": 490.467,
"find_extremes": 13.0852,
"find_corners": 61.5914,
"find_points_in_Q": 13.4701,
"compaction": 7.34541,
"copy2host": 0.010048,
"filter": 95.5286,
"delete": 0,
"preparation": 0.009984,
"cgal_convex_hull": 0.012,
"total": 95.5406
}