{
"n": 570425344,
"size": 87,
"hull": 23,
"seed": 0,
"copy2device": 406.74,
"find_extremes": 11.6977,
"find_corners": 54.8994,
"find_points_in_Q": 12.1701,
"compaction": 6.60342,
"copy2host": 0.01056,
"filter": 85.4053,
"delete": 0,
"preparation": 0.009696,
"cgal_convex_hull": 0.01248,
"total": 85.4178
}