{
"n": 973078528,
"size": 364,
"hull": 23,
"seed": 0,
"copy2device": 698.852,
"find_extremes": 19.8914,
"find_corners": 93.6004,
"find_points_in_Q": 20.4926,
"compaction": 11.0935,
"copy2host": 0.010912,
"filter": 145.114,
"delete": 0,
"preparation": 0.026304,
"cgal_convex_hull": 0.026944,
"total": 145.141
}