{
"n": 268435456,
"size": 148,
"hull": 24,
"seed": 0,
"copy2device": 186.898,
"find_extremes": 5.55456,
"find_corners": 26.0321,
"find_points_in_Q": 5.92982,
"compaction": 3.26282,
"copy2host": 0.010016,
"filter": 40.8104,
"delete": 0,
"preparation": 0.012,
"cgal_convex_hull": 0.016896,
"total": 40.8273
}