{
"n": 100663296,
"size": 152,
"hull": 22,
"seed": 0,
"copy2device": 67.4627,
"find_extremes": 2.13686,
"find_corners": 9.87357,
"find_points_in_Q": 2.27523,
"compaction": 1.37747,
"copy2host": 0.009312,
"filter": 15.6922,
"delete": 0,
"preparation": 0.010592,
"cgal_convex_hull": 0.0168,
"total": 15.709
}