{
"n": 637534208,
"size": 200,
"hull": 25,
"seed": 0,
"copy2device": 486.509,
"find_extremes": 13.0649,
"find_corners": 61.6794,
"find_points_in_Q": 13.4743,
"compaction": 7.34688,
"copy2host": 0.01024,
"filter": 95.6003,
"delete": 0,
"preparation": 0.031648,
"cgal_convex_hull": 0.01968,
"total": 95.62
}