{
"n": 67108864,
"size": 173,
"hull": 16,
"seed": 0,
"copy2device": 42.8452,
"find_extremes": 1.45514,
"find_corners": 6.66938,
"find_points_in_Q": 1.5367,
"compaction": 1.00566,
"copy2host": 0.009536,
"filter": 10.6942,
"delete": 0,
"preparation": 0.011936,
"cgal_convex_hull": 0.016672,
"total": 10.7109
}