{
"n": 536870912,
"size": 260,
"hull": 24,
"seed": 0,
"copy2device": 382.796,
"find_extremes": 11.0141,
"find_corners": 52.2555,
"find_points_in_Q": 11.5066,
"compaction": 6.22362,
"copy2host": 0.0104,
"filter": 81.0339,
"delete": 0,
"preparation": 0.02272,
"cgal_convex_hull": 0.021056,
"total": 81.055
}