{
"n": 201326592,
"size": 81,
"hull": 22,
"seed": 0,
"copy2device": 138.54,
"find_extremes": 4.18742,
"find_corners": 19.7172,
"find_points_in_Q": 4.50896,
"compaction": 2.53824,
"copy2host": 0.015584,
"filter": 30.9827,
"delete": 0,
"preparation": 0.010496,
"cgal_convex_hull": 0.01216,
"total": 30.9948
}