{
"n": 67108864,
"size": 103,
"hull": 21,
"seed": 0,
"copy2device": 41.8172,
"find_extremes": 1.45194,
"find_corners": 6.6568,
"find_points_in_Q": 1.53626,
"compaction": 0.997856,
"copy2host": 0.010208,
"filter": 10.6716,
"delete": 0,
"preparation": 0.007648,
"cgal_convex_hull": 0.013184,
"total": 10.6847
}