{
"n": 973078528,
"size": 78,
"hull": 21,
"seed": 0,
"copy2device": 697.877,
"find_extremes": 19.9002,
"find_corners": 92.4903,
"find_points_in_Q": 20.4425,
"compaction": 11.056,
"copy2host": 0.010656,
"filter": 143.927,
"delete": 0,
"preparation": 0.009824,
"cgal_convex_hull": 0.01344,
"total": 143.94
}