{
"n": 905969664,
"size": 169,
"hull": 22,
"seed": 0,
"copy2device": 650.136,
"find_extremes": 18.5235,
"find_corners": 86.0846,
"find_points_in_Q": 19.0133,
"compaction": 10.3575,
"copy2host": 0.010368,
"filter": 134.014,
"delete": 0,
"preparation": 0.016032,
"cgal_convex_hull": 0.016864,
"total": 134.031
}