{
"n": 1040187392,
"size": 159,
"hull": 23,
"seed": 0,
"copy2device": 798.958,
"find_extremes": 21.2565,
"find_corners": 99.2493,
"find_points_in_Q": 21.7974,
"compaction": 11.8535,
"copy2host": 0.010336,
"filter": 154.201,
"delete": 0,
"preparation": 0.02224,
"cgal_convex_hull": 0.017472,
"total": 154.218
}