{
"n": 905969664,
"size": 247,
"hull": 23,
"seed": 0,
"copy2device": 686.426,
"find_extremes": 18.5266,
"find_corners": 86.8069,
"find_points_in_Q": 18.9971,
"compaction": 10.3386,
"copy2host": 0.010432,
"filter": 134.712,
"delete": 0,
"preparation": 0.037568,
"cgal_convex_hull": 0.024032,
"total": 134.736
}