{
"n": 1073741824,
"size": 183,
"hull": 22,
"seed": 0,
"copy2device": 825.019,
"find_extremes": 21.9361,
"find_corners": 102.738,
"find_points_in_Q": 22.5199,
"compaction": 12.2381,
"copy2host": 0.01056,
"filter": 159.471,
"delete": 0,
"preparation": 0.016896,
"cgal_convex_hull": 0.018208,
"total": 159.489
}