{
"n": 234881024,
"size": 574,
"hull": 22,
"seed": 0,
"copy2device": 162.51,
"find_extremes": 4.86832,
"find_corners": 23.0862,
"find_points_in_Q": 5.24144,
"compaction": 2.91296,
"copy2host": 0.010208,
"filter": 36.1406,
"delete": 0,
"preparation": 0.034048,
"cgal_convex_hull": 0.033088,
"total": 36.1737
}