{
"n": 335544320,
"size": 224,
"hull": 22,
"seed": 0,
"copy2device": 235.98,
"find_extremes": 6.92022,
"find_corners": 32.6685,
"find_points_in_Q": 7.20032,
"compaction": 3.98813,
"copy2host": 0.0096,
"filter": 50.8099,
"delete": 0,
"preparation": 0.016704,
"cgal_convex_hull": 0.019744,
"total": 50.8297
}