{
"n": 805306368,
"size": 72,
"hull": 20,
"seed": 0,
"copy2device": 629.588,
"find_extremes": 16.4836,
"find_corners": 77.7515,
"find_points_in_Q": 17.502,
"compaction": 9.35312,
"copy2host": 0.010176,
"filter": 121.128,
"delete": 0,
"preparation": 0.009056,
"cgal_convex_hull": 0.011904,
"total": 121.14
}