{
"n": 905969664,
"size": 67,
"hull": 16,
"seed": 0,
"copy2device": 697.043,
"find_extremes": 18.526,
"find_corners": 87.4931,
"find_points_in_Q": 18.9863,
"compaction": 10.3712,
"copy2host": 0.010688,
"filter": 135.413,
"delete": 0,
"preparation": 0.020576,
"cgal_convex_hull": 0.01088,
"total": 135.424
}