{
"n": 268435456,
"size": 240,
"hull": 18,
"seed": 0,
"copy2device": 186.958,
"find_extremes": 5.5527,
"find_corners": 25.9296,
"find_points_in_Q": 5.93069,
"compaction": 3.27152,
"copy2host": 0.010336,
"filter": 40.7164,
"delete": 0,
"preparation": 0.016672,
"cgal_convex_hull": 0.01984,
"total": 40.7362
}