{
"n": 234881024,
"size": 199,
"hull": 22,
"seed": 0,
"copy2device": 162.452,
"find_extremes": 4.86752,
"find_corners": 23.0791,
"find_points_in_Q": 5.12358,
"compaction": 2.87651,
"copy2host": 0.010784,
"filter": 35.978,
"delete": 0,
"preparation": 0.013952,
"cgal_convex_hull": 0.017856,
"total": 35.9958
}