{
"n": 1040187392,
"size": 210,
"hull": 21,
"seed": 0,
"copy2device": 835.947,
"find_extremes": 21.2574,
"find_corners": 99.2824,
"find_points_in_Q": 21.7772,
"compaction": 11.8493,
"copy2host": 0.01056,
"filter": 154.202,
"delete": 0,
"preparation": 0.019424,
"cgal_convex_hull": 0.021696,
"total": 154.224
}