{
"n": 738197504,
"size": 154,
"hull": 22,
"seed": 0,
"copy2device": 580.356,
"find_extremes": 15.1119,
"find_corners": 70.7956,
"find_points_in_Q": 15.7426,
"compaction": 8.50736,
"copy2host": 0.010496,
"filter": 110.195,
"delete": 0,
"preparation": 0.01504,
"cgal_convex_hull": 0.016512,
"total": 110.212
}