{
"n": 838860800,
"size": 157,
"hull": 25,
"seed": 0,
"copy2device": 602.503,
"find_extremes": 17.1855,
"find_corners": 79.955,
"find_points_in_Q": 17.7718,
"compaction": 9.58678,
"copy2host": 0.010976,
"filter": 124.538,
"delete": 0,
"preparation": 0.02544,
"cgal_convex_hull": 0.017056,
"total": 124.555
}