{
"n": 973078528,
"size": 303,
"hull": 21,
"seed": 0,
"copy2device": 752.454,
"find_extremes": 19.8977,
"find_corners": 93.3761,
"find_points_in_Q": 20.5269,
"compaction": 11.1108,
"copy2host": 0.010944,
"filter": 144.949,
"delete": 0,
"preparation": 0.049504,
"cgal_convex_hull": 0.023616,
"total": 144.973
}