{
"n": 167772160,
"size": 105,
"hull": 20,
"seed": 0,
"copy2device": 124.596,
"find_extremes": 3.50666,
"find_corners": 16.5253,
"find_points_in_Q": 3.67267,
"compaction": 2.09754,
"copy2host": 0.012128,
"filter": 25.8318,
"delete": 0,
"preparation": 0.009312,
"cgal_convex_hull": 0.013504,
"total": 25.8453
}