{
"n": 603979776,
"size": 352,
"hull": 23,
"seed": 0,
"copy2device": 487.701,
"find_extremes": 12.3803,
"find_corners": 58.1146,
"find_points_in_Q": 12.9644,
"compaction": 7.00589,
"copy2host": 0.010656,
"filter": 90.5003,
"delete": 0,
"preparation": 0.024576,
"cgal_convex_hull": 0.02496,
"total": 90.5253
}