{
"n": 268435456,
"size": 116,
"hull": 18,
"seed": 0,
"copy2device": 187.715,
"find_extremes": 5.55178,
"find_corners": 25.9479,
"find_points_in_Q": 5.93024,
"compaction": 3.28218,
"copy2host": 0.009568,
"filter": 40.7438,
"delete": 0,
"preparation": 0.010368,
"cgal_convex_hull": 0.019648,
"total": 40.7635
}