{
"n": 738197504,
"size": 172,
"hull": 22,
"seed": 0,
"copy2device": 579.79,
"find_extremes": 15.1102,
"find_corners": 70.9179,
"find_points_in_Q": 15.5941,
"compaction": 8.52042,
"copy2host": 0.010304,
"filter": 110.186,
"delete": 0,
"preparation": 0.0168,
"cgal_convex_hull": 0.019968,
"total": 110.206
}