{
"n": 268435456,
"size": 98,
"hull": 24,
"seed": 0,
"copy2device": 198.731,
"find_extremes": 5.55101,
"find_corners": 26.0688,
"find_points_in_Q": 5.93107,
"compaction": 3.26963,
"copy2host": 0.00976,
"filter": 40.8543,
"delete": 0,
"preparation": 0.008512,
"cgal_convex_hull": 0.013728,
"total": 40.868
}