{
"n": 704643072,
"size": 144,
"hull": 20,
"seed": 0,
"copy2device": 555.945,
"find_extremes": 14.4306,
"find_corners": 68.1661,
"find_points_in_Q": 14.8771,
"compaction": 8.11171,
"copy2host": 0.01104,
"filter": 105.628,
"delete": 0,
"preparation": 0.029088,
"cgal_convex_hull": 0.015456,
"total": 105.643
}