{
"n": 503316480,
"size": 141,
"hull": 25,
"seed": 0,
"copy2device": 357.76,
"find_extremes": 10.3358,
"find_corners": 48.2372,
"find_points_in_Q": 10.6772,
"compaction": 5.88602,
"copy2host": 0.010432,
"filter": 75.1701,
"delete": 0,
"preparation": 0.015712,
"cgal_convex_hull": 0.015712,
"total": 75.1859
}