{
"n": 134217728,
"size": 273,
"hull": 20,
"seed": 0,
"copy2device": 89.7506,
"find_extremes": 2.81898,
"find_corners": 13.0292,
"find_points_in_Q": 3.00278,
"compaction": 1.75488,
"copy2host": 0.0104,
"filter": 20.6358,
"delete": 0,
"preparation": 0.01696,
"cgal_convex_hull": 0.021984,
"total": 20.6578
}