{
"n": 838860800,
"size": 131,
"hull": 23,
"seed": 0,
"copy2device": 604.051,
"find_extremes": 17.1611,
"find_corners": 80.7432,
"find_points_in_Q": 17.6236,
"compaction": 9.57808,
"copy2host": 0.00976,
"filter": 125.144,
"delete": 0,
"preparation": 0.028064,
"cgal_convex_hull": 0.016672,
"total": 125.16
}