{
"n": 100663296,
"size": 171,
"hull": 20,
"seed": 0,
"copy2device": 65.2122,
"find_extremes": 2.13776,
"find_corners": 9.89776,
"find_points_in_Q": 2.29952,
"compaction": 1.38262,
"copy2host": 0.009344,
"filter": 15.7459,
"delete": 0,
"preparation": 0.012448,
"cgal_convex_hull": 0.025344,
"total": 15.7713
}