{
"n": 603979776,
"size": 48,
"hull": 16,
"seed": 0,
"copy2device": 466.24,
"find_extremes": 12.4002,
"find_corners": 57.9935,
"find_points_in_Q": 12.9447,
"compaction": 7.00237,
"copy2host": 0.010208,
"filter": 90.3766,
"delete": 0,
"preparation": 0.007904,
"cgal_convex_hull": 0.01024,
"total": 90.3868
}