{
"n": 704643072,
"size": 126,
"hull": 19,
"seed": 0,
"copy2device": 538.96,
"find_extremes": 14.4306,
"find_corners": 68.0407,
"find_points_in_Q": 14.8858,
"compaction": 8.12176,
"copy2host": 0.010784,
"filter": 105.513,
"delete": 0,
"preparation": 0.0216,
"cgal_convex_hull": 0.015776,
"total": 105.529
}