{
"n": 1073741824,
"size": 267,
"hull": 30,
"seed": 0,
"copy2device": 775.398,
"find_extremes": 21.9418,
"find_corners": 102.812,
"find_points_in_Q": 22.506,
"compaction": 12.2458,
"copy2host": 0.011264,
"filter": 159.543,
"delete": 0,
"preparation": 0.038272,
"cgal_convex_hull": 0.024992,
"total": 159.568
}