{
"n": 838860800,
"size": 209,
"hull": 24,
"seed": 0,
"copy2device": 600.3,
"find_extremes": 17.1615,
"find_corners": 80.5864,
"find_points_in_Q": 17.6381,
"compaction": 9.60704,
"copy2host": 0.01072,
"filter": 125.031,
"delete": 0,
"preparation": 0.017888,
"cgal_convex_hull": 0.020256,
"total": 125.051
}