{
"n": 369098752,
"size": 65,
"hull": 18,
"seed": 0,
"copy2device": 271.897,
"find_extremes": 7.59814,
"find_corners": 35.932,
"find_points_in_Q": 7.99818,
"compaction": 4.3545,
"copy2host": 0.009952,
"filter": 55.9167,
"delete": 0,
"preparation": 0.007776,
"cgal_convex_hull": 0.011296,
"total": 55.928
}