{
"n": 1040187392,
"size": 192,
"hull": 24,
"seed": 0,
"copy2device": 801.219,
"find_extremes": 21.2558,
"find_corners": 99.1873,
"find_points_in_Q": 21.8678,
"compaction": 11.862,
"copy2host": 0.010304,
"filter": 154.212,
"delete": 0,
"preparation": 0.018816,
"cgal_convex_hull": 0.021536,
"total": 154.233
}