{
"n": 234881024,
"size": 126,
"hull": 20,
"seed": 0,
"copy2device": 162.57,
"find_extremes": 4.86925,
"find_corners": 22.9753,
"find_points_in_Q": 5.12195,
"compaction": 2.85539,
"copy2host": 0.0104,
"filter": 35.8533,
"delete": 0,
"preparation": 0.01088,
"cgal_convex_hull": 0.014976,
"total": 35.8683
}