{
"n": 905969664,
"size": 119,
"hull": 23,
"seed": 0,
"copy2device": 760.304,
"find_extremes": 18.5268,
"find_corners": 86.2402,
"find_points_in_Q": 18.9749,
"compaction": 10.3485,
"copy2host": 0.010144,
"filter": 134.126,
"delete": 0,
"preparation": 0.012288,
"cgal_convex_hull": 0.015488,
"total": 134.141
}