{
"n": 1040187392,
"size": 92,
"hull": 21,
"seed": 0,
"copy2device": 801.859,
"find_extremes": 21.2581,
"find_corners": 98.8388,
"find_points_in_Q": 21.8201,
"compaction": 11.8732,
"copy2host": 0.00992,
"filter": 153.828,
"delete": 0,
"preparation": 0.010944,
"cgal_convex_hull": 0.012192,
"total": 153.841
}