{
"n": 1073741824,
"size": 157,
"hull": 22,
"seed": 0,
"copy2device": 873.843,
"find_extremes": 21.9412,
"find_corners": 102.84,
"find_points_in_Q": 22.6346,
"compaction": 12.211,
"copy2host": 0.010336,
"filter": 159.664,
"delete": 0,
"preparation": 0.016256,
"cgal_convex_hull": 0.01696,
"total": 159.681
}