{
"n": 1040187392,
"size": 341,
"hull": 23,
"seed": 0,
"copy2device": 800.929,
"find_extremes": 21.2626,
"find_corners": 99.0783,
"find_points_in_Q": 21.8604,
"compaction": 11.8234,
"copy2host": 0.011424,
"filter": 154.06,
"delete": 0,
"preparation": 0.025952,
"cgal_convex_hull": 0.026496,
"total": 154.087
}