{
"n": 570425344,
"size": 94,
"hull": 24,
"seed": 0,
"copy2device": 406.743,
"find_extremes": 11.696,
"find_corners": 55.0151,
"find_points_in_Q": 12.2498,
"compaction": 6.61104,
"copy2host": 0.009504,
"filter": 85.6064,
"delete": 0,
"preparation": 0.009856,
"cgal_convex_hull": 0.01232,
"total": 85.6187
}