{
"n": 939524096,
"size": 535,
"hull": 19,
"seed": 0,
"copy2device": 673.692,
"find_extremes": 19.211,
"find_corners": 89.5891,
"find_points_in_Q": 19.7314,
"compaction": 10.7207,
"copy2host": 0.010656,
"filter": 139.288,
"delete": 0,
"preparation": 0.03888,
"cgal_convex_hull": 0.035552,
"total": 139.324
}