{
"n": 570425344,
"size": 511,
"hull": 23,
"seed": 0,
"copy2device": 406.866,
"find_extremes": 11.6993,
"find_corners": 54.8016,
"find_points_in_Q": 12.1674,
"compaction": 6.5993,
"copy2host": 0.01184,
"filter": 85.3017,
"delete": 0,
"preparation": 0.03408,
"cgal_convex_hull": 0.033632,
"total": 85.3353
}