{
"n": 1006632960,
"size": 227,
"hull": 24,
"seed": 0,
"copy2device": 776.876,
"find_extremes": 20.5821,
"find_corners": 96.1991,
"find_points_in_Q": 21.2366,
"compaction": 11.4593,
"copy2host": 0.01088,
"filter": 149.513,
"delete": 0,
"preparation": 0.019808,
"cgal_convex_hull": 0.020768,
"total": 149.534
}