{
"n": 301989888,
"size": 83,
"hull": 23,
"seed": 0,
"copy2device": 222.586,
"find_extremes": 6.23821,
"find_corners": 29.0031,
"find_points_in_Q": 6.68739,
"compaction": 3.68675,
"copy2host": 0.016992,
"filter": 45.6464,
"delete": 0,
"preparation": 0.008256,
"cgal_convex_hull": 0.012544,
"total": 45.6589
}