{
"n": 939524096,
"size": 197,
"hull": 26,
"seed": 0,
"copy2device": 674.18,
"find_extremes": 19.2175,
"find_corners": 89.5303,
"find_points_in_Q": 19.6713,
"compaction": 10.6933,
"copy2host": 0.010464,
"filter": 139.15,
"delete": 0,
"preparation": 0.016896,
"cgal_convex_hull": 0.019328,
"total": 139.169
}