{
"n": 872415232,
"size": 140,
"hull": 20,
"seed": 0,
"copy2device": 675.41,
"find_extremes": 17.8476,
"find_corners": 83.2679,
"find_points_in_Q": 18.4201,
"compaction": 10.0007,
"copy2host": 0.010048,
"filter": 129.573,
"delete": 0,
"preparation": 0.014624,
"cgal_convex_hull": 0.015616,
"total": 129.589
}