{
"n": 704643072,
"size": 163,
"hull": 22,
"seed": 0,
"copy2device": 555.379,
"find_extremes": 14.4295,
"find_corners": 68.1439,
"find_points_in_Q": 14.9354,
"compaction": 8.12922,
"copy2host": 0.010048,
"filter": 105.674,
"delete": 0,
"preparation": 0.016544,
"cgal_convex_hull": 0.016832,
"total": 105.691
}