{
"n": 33554432,
"size": 121,
"hull": 18,
"seed": 0,
"copy2device": 47.3601,
"find_extremes": 0.774304,
"find_corners": 3.25027,
"find_points_in_Q": 0.799008,
"compaction": 0.52928,
"copy2host": 0.00864,
"filter": 5.37978,
"delete": 0,
"preparation": 0.0112,
"cgal_convex_hull": 0.014752,
"total": 5.39453
}