{
"n": 201326592,
"size": 194,
"hull": 24,
"seed": 0,
"copy2device": 138.494,
"find_extremes": 4.19274,
"find_corners": 19.6628,
"find_points_in_Q": 4.47363,
"compaction": 2.51754,
"copy2host": 0.013664,
"filter": 30.8783,
"delete": 0,
"preparation": 0.032128,
"cgal_convex_hull": 0.01808,
"total": 30.8964
}