{
"n": 805306368,
"size": 195,
"hull": 20,
"seed": 0,
"copy2device": 628.07,
"find_extremes": 16.4785,
"find_corners": 78.5638,
"find_points_in_Q": 17.4857,
"compaction": 9.32976,
"copy2host": 0.010464,
"filter": 121.893,
"delete": 0,
"preparation": 0.016768,
"cgal_convex_hull": 0.019456,
"total": 121.912
}