{
"n": 268435456,
"size": 228,
"hull": 24,
"seed": 0,
"copy2device": 186.822,
"find_extremes": 5.55482,
"find_corners": 26.035,
"find_points_in_Q": 5.86976,
"compaction": 3.22797,
"copy2host": 0.010272,
"filter": 40.7202,
"delete": 0,
"preparation": 0.01504,
"cgal_convex_hull": 0.019872,
"total": 40.7401
}