{
"n": 100663296,
"size": 467,
"hull": 26,
"seed": 0,
"copy2device": 65.2429,
"find_extremes": 2.13606,
"find_corners": 9.8712,
"find_points_in_Q": 2.26029,
"compaction": 1.37642,
"copy2host": 0.00992,
"filter": 15.6734,
"delete": 0,
"preparation": 0.024672,
"cgal_convex_hull": 0.031104,
"total": 15.7045
}