{
"n": 268435456,
"size": 59,
"hull": 19,
"seed": 0,
"copy2device": 186.996,
"find_extremes": 5.55238,
"find_corners": 26.0109,
"find_points_in_Q": 5.96451,
"compaction": 3.27261,
"copy2host": 0.009856,
"filter": 40.8344,
"delete": 0,
"preparation": 0.007648,
"cgal_convex_hull": 0.011296,
"total": 40.8457
}