{
"n": 570425344,
"size": 319,
"hull": 25,
"seed": 0,
"copy2device": 406.811,
"find_extremes": 11.6923,
"find_corners": 55.092,
"find_points_in_Q": 12.0826,
"compaction": 6.59488,
"copy2host": 0.010304,
"filter": 85.5033,
"delete": 0,
"preparation": 0.022464,
"cgal_convex_hull": 0.026688,
"total": 85.53
}