{
"n": 536870912,
"size": 225,
"hull": 24,
"seed": 0,
"copy2device": 394.421,
"find_extremes": 11.012,
"find_corners": 51.4209,
"find_points_in_Q": 11.4339,
"compaction": 6.23459,
"copy2host": 0.016608,
"filter": 80.1354,
"delete": 0,
"preparation": 0.017312,
"cgal_convex_hull": 0.021056,
"total": 80.1564
}