{
"n": 1006632960,
"size": 245,
"hull": 23,
"seed": 0,
"copy2device": 774.155,
"find_extremes": 20.5791,
"find_corners": 96.1995,
"find_points_in_Q": 21.2172,
"compaction": 11.4556,
"copy2host": 0.01056,
"filter": 149.488,
"delete": 0,
"preparation": 0.020224,
"cgal_convex_hull": 0.022048,
"total": 149.51
}