{
"n": 1006632960,
"size": 111,
"hull": 22,
"seed": 0,
"copy2device": 777.265,
"find_extremes": 20.5692,
"find_corners": 96.0434,
"find_points_in_Q": 21.314,
"compaction": 11.5248,
"copy2host": 0.010368,
"filter": 149.49,
"delete": 0,
"preparation": 0.023392,
"cgal_convex_hull": 0.014304,
"total": 149.504
}