{
"n": 100663296,
"size": 213,
"hull": 18,
"seed": 0,
"copy2device": 65.2278,
"find_extremes": 2.13955,
"find_corners": 9.8545,
"find_points_in_Q": 2.28589,
"compaction": 1.3824,
"copy2host": 0.009376,
"filter": 15.6927,
"delete": 0,
"preparation": 0.013728,
"cgal_convex_hull": 0.018304,
"total": 15.711
}