{
"n": 201326592,
"size": 95,
"hull": 22,
"seed": 0,
"copy2device": 138.542,
"find_extremes": 4.18928,
"find_corners": 19.8487,
"find_points_in_Q": 4.51414,
"compaction": 2.54022,
"copy2host": 0.012032,
"filter": 31.1223,
"delete": 0,
"preparation": 0.012928,
"cgal_convex_hull": 0.012864,
"total": 31.1351
}