{
"n": 335544320,
"size": 53,
"hull": 17,
"seed": 0,
"copy2device": 246.065,
"find_extremes": 6.91635,
"find_corners": 32.5828,
"find_points_in_Q": 7.23075,
"compaction": 3.98723,
"copy2host": 0.016096,
"filter": 50.7498,
"delete": 0,
"preparation": 0.006944,
"cgal_convex_hull": 0.010752,
"total": 50.7606
}