{
"n": 301989888,
"size": 282,
"hull": 17,
"seed": 0,
"copy2device": 221.729,
"find_extremes": 6.24131,
"find_corners": 29.0357,
"find_points_in_Q": 6.65152,
"compaction": 3.65101,
"copy2host": 0.01264,
"filter": 45.6129,
"delete": 0,
"preparation": 0.020384,
"cgal_convex_hull": 0.022112,
"total": 45.635
}