{
"n": 1006632960,
"size": 102,
"hull": 18,
"seed": 0,
"copy2device": 778.566,
"find_extremes": 20.5819,
"find_corners": 96.1977,
"find_points_in_Q": 21.2413,
"compaction": 11.4458,
"copy2host": 0.011296,
"filter": 149.502,
"delete": 0,
"preparation": 0.024352,
"cgal_convex_hull": 0.01264,
"total": 149.515
}