{
"n": 973078528,
"size": 226,
"hull": 17,
"seed": 0,
"copy2device": 747.41,
"find_extremes": 19.8894,
"find_corners": 92.6347,
"find_points_in_Q": 20.4137,
"compaction": 11.104,
"copy2host": 0.010688,
"filter": 144.079,
"delete": 0,
"preparation": 0.019776,
"cgal_convex_hull": 0.021056,
"total": 144.1
}