{
"n": 335544320,
"size": 116,
"hull": 19,
"seed": 0,
"copy2device": 247.972,
"find_extremes": 6.91853,
"find_corners": 32.7297,
"find_points_in_Q": 7.20976,
"compaction": 3.98218,
"copy2host": 0.016,
"filter": 50.8717,
"delete": 0,
"preparation": 0.010336,
"cgal_convex_hull": 0.01536,
"total": 50.887
}