{
"n": 1040187392,
"size": 494,
"hull": 23,
"seed": 0,
"copy2device": 858.088,
"find_extremes": 21.2642,
"find_corners": 99.1089,
"find_points_in_Q": 21.7517,
"compaction": 11.8063,
"copy2host": 0.011904,
"filter": 153.968,
"delete": 0,
"preparation": 0.033824,
"cgal_convex_hull": 0.034848,
"total": 154.003
}