{
"n": 738197504,
"size": 77,
"hull": 19,
"seed": 0,
"copy2device": 574.148,
"find_extremes": 15.1111,
"find_corners": 70.8196,
"find_points_in_Q": 15.6285,
"compaction": 8.50586,
"copy2host": 0.010496,
"filter": 110.1,
"delete": 0,
"preparation": 0.010592,
"cgal_convex_hull": 0.01232,
"total": 110.112
}