{
"n": 1040187392,
"size": 183,
"hull": 23,
"seed": 0,
"copy2device": 802.626,
"find_extremes": 21.258,
"find_corners": 99.2867,
"find_points_in_Q": 21.7435,
"compaction": 11.8803,
"copy2host": 0.010464,
"filter": 154.207,
"delete": 0,
"preparation": 0.0296,
"cgal_convex_hull": 0.018272,
"total": 154.225
}