{
"n": 100663296,
"size": 370,
"hull": 22,
"seed": 0,
"copy2device": 66.3767,
"find_extremes": 2.13626,
"find_corners": 9.90112,
"find_points_in_Q": 2.30256,
"compaction": 1.37354,
"copy2host": 0.009664,
"filter": 15.7432,
"delete": 0,
"preparation": 0.021792,
"cgal_convex_hull": 0.025056,
"total": 15.7683
}