{
"n": 234881024,
"size": 87,
"hull": 19,
"seed": 0,
"copy2device": 162.481,
"find_extremes": 4.87245,
"find_corners": 23.0353,
"find_points_in_Q": 5.21744,
"compaction": 2.89469,
"copy2host": 0.011648,
"filter": 36.0574,
"delete": 0,
"preparation": 0.014272,
"cgal_convex_hull": 0.012864,
"total": 36.0703
}