{
"n": 402653184,
"size": 154,
"hull": 24,
"seed": 0,
"copy2device": 285.161,
"find_extremes": 8.28154,
"find_corners": 39.1612,
"find_points_in_Q": 8.696,
"compaction": 4.74451,
"copy2host": 0.009792,
"filter": 60.9207,
"delete": 0,
"preparation": 0.01632,
"cgal_convex_hull": 0.016832,
"total": 60.9375
}