{
"n": 973078528,
"size": 1080,
"hull": 17,
"seed": 0,
"copy2device": 0,
"find_extremes": 369.758,
"find_corners": 698.361,
"find_points_in_Q": 0,
"compaction": 1786.6,
"copy2host": 0,
"filter": 2854.76,
"delete": 0,
"preparation": 0.084992,
"cgal_convex_hull": 0.075584,
"total": 2854.84
}