{
"n": 738197504,
"size": 168,
"hull": 20,
"seed": 0,
"copy2device": 0,
"find_extremes": 231.064,
"find_corners": 476.636,
"find_points_in_Q": 0,
"compaction": 983.684,
"copy2host": 0,
"filter": 1691.42,
"delete": 0,
"preparation": 0.027648,
"cgal_convex_hull": 0.020576,
"total": 1691.44
}