{
"n": 872415232,
"size": 137,
"hull": 22,
"seed": 0,
"copy2device": 0,
"find_extremes": 281.181,
"find_corners": 566.044,
"find_points_in_Q": 0,
"compaction": 1115.69,
"copy2host": 0,
"filter": 1962.95,
"delete": 0,
"preparation": 0.017408,
"cgal_convex_hull": 0.018464,
"total": 1962.97
}