{
"n": 771751936,
"size": 319,
"hull": 26,
"seed": 0,
"copy2device": 0,
"find_extremes": 283.266,
"find_corners": 688.826,
"find_points_in_Q": 0,
"compaction": 840.884,
"copy2host": 0,
"filter": 1813.02,
"delete": 0,
"preparation": 0.052224,
"cgal_convex_hull": 0.029504,
"total": 1813.05
}