{
"n": 436207616,
"size": 272,
"hull": 15,
"seed": 0,
"copy2device": 0,
"find_extremes": 137.145,
"find_corners": 293.889,
"find_points_in_Q": 0,
"compaction": 409.162,
"copy2host": 0,
"filter": 840.241,
"delete": 0,
"preparation": 0.027648,
"cgal_convex_hull": 0.026624,
"total": 840.268
}