{
"n": 637534208,
"size": 394,
"hull": 23,
"seed": 0,
"copy2device": 0,
"find_extremes": 199.618,
"find_corners": 576.423,
"find_points_in_Q": 0,
"compaction": 883.078,
"copy2host": 0,
"filter": 1659.16,
"delete": 0,
"preparation": 0.028896,
"cgal_convex_hull": 0.045056,
"total": 1659.21
}