{
"n": 301989888,
"size": 144,
"hull": 21,
"seed": 0,
"copy2device": 0,
"find_extremes": 97.9794,
"find_corners": 276.317,
"find_points_in_Q": 0,
"compaction": 549.951,
"copy2host": 0,
"filter": 924.288,
"delete": 0,
"preparation": 0.023648,
"cgal_convex_hull": 0.019456,
"total": 924.307
}