{
"n": 134217728,
"size": 244,
"hull": 20,
"seed": 0,
"copy2device": 0,
"find_extremes": 43.2109,
"find_corners": 89.6135,
"find_points_in_Q": 0,
"compaction": 164.154,
"copy2host": 0,
"filter": 297.014,
"delete": 0,
"preparation": 0.014336,
"cgal_convex_hull": 0.021568,
"total": 297.036
}