{
"n": 234881024,
"size": 193,
"hull": 18,
"seed": 0,
"copy2device": 0,
"find_extremes": 73.3358,
"find_corners": 204.227,
"find_points_in_Q": 0,
"compaction": 143.321,
"copy2host": 0,
"filter": 420.941,
"delete": 0,
"preparation": 0.018304,
"cgal_convex_hull": 0.022528,
"total": 420.963
}