{
"n": 167772160,
"size": 295,
"hull": 18,
"seed": 0,
"copy2device": 0,
"find_extremes": 52.3338,
"find_corners": 114.443,
"find_points_in_Q": 0,
"compaction": 259.965,
"copy2host": 0,
"filter": 426.779,
"delete": 0,
"preparation": 0.018368,
"cgal_convex_hull": 0.022592,
"total": 426.801
}