{
"n": 771751936,
"size": 210,
"hull": 24,
"seed": 0,
"copy2device": 0,
"find_extremes": 241.233,
"find_corners": 554.491,
"find_points_in_Q": 0,
"compaction": 905.553,
"copy2host": 0,
"filter": 1701.31,
"delete": 0,
"preparation": 0.028672,
"cgal_convex_hull": 0.023552,
"total": 1701.33
}