{
"n": 536870912,
"size": 709,
"hull": 19,
"seed": 0,
"copy2device": 0,
"find_extremes": 204.308,
"find_corners": 336.905,
"find_points_in_Q": 0,
"compaction": 819.388,
"copy2host": 0,
"filter": 1360.64,
"delete": 0,
"preparation": 0.070656,
"cgal_convex_hull": 0.053248,
"total": 1360.69
}