{
"n": 1040187392,
"size": 142,
"hull": 19,
"seed": 0,
"copy2device": 0,
"find_extremes": 399.147,
"find_corners": 960.156,
"find_points_in_Q": 0,
"compaction": 1729.22,
"copy2host": 0,
"filter": 3088.56,
"delete": 0,
"preparation": 0.029696,
"cgal_convex_hull": 0.018432,
"total": 3088.58
}