{
"n": 1006632960,
"size": 184,
"hull": 28,
"seed": 0,
"copy2device": 0,
"find_extremes": 362.545,
"find_corners": 687.734,
"find_points_in_Q": 0,
"compaction": 1556.56,
"copy2host": 0,
"filter": 2606.88,
"delete": 0,
"preparation": 0.027776,
"cgal_convex_hull": 0.021504,
"total": 2606.9
}