{
"n": 536870912,
"size": 153,
"hull": 23,
"seed": 0,
"copy2device": 0,
"find_extremes": 168.132,
"find_corners": 345.417,
"find_points_in_Q": 0,
"compaction": 719.684,
"copy2host": 0,
"filter": 1233.27,
"delete": 0,
"preparation": 0.024576,
"cgal_convex_hull": 0.017408,
"total": 1233.29
}