{
"n": 369098752,
"size": 138,
"hull": 21,
"seed": 0,
"copy2device": 0,
"find_extremes": 115.937,
"find_corners": 249.095,
"find_points_in_Q": 0,
"compaction": 636.637,
"copy2host": 0,
"filter": 1001.71,
"delete": 0,
"preparation": 0.017408,
"cgal_convex_hull": 0.019456,
"total": 1001.73
}