{
"n": 671088640,
"size": 135,
"hull": 20,
"seed": 0,
"copy2device": 0,
"find_extremes": 209.991,
"find_corners": 421.696,
"find_points_in_Q": 0,
"compaction": 594.946,
"copy2host": 0,
"filter": 1226.67,
"delete": 0,
"preparation": 0.019232,
"cgal_convex_hull": 0.019456,
"total": 1226.69
}