{
"n": 1040187392,
"size": 190,
"hull": 21,
"seed": 0,
"copy2device": 0,
"find_extremes": 334.142,
"find_corners": 922.486,
"find_points_in_Q": 0,
"compaction": 771.991,
"copy2host": 0,
"filter": 2028.66,
"delete": 0,
"preparation": 0.027776,
"cgal_convex_hull": 0.022688,
"total": 2028.68
}