{
"n": 201326592,
"size": 102,
"hull": 24,
"seed": 0,
"copy2device": 0,
"find_extremes": 63.1183,
"find_corners": 127.455,
"find_points_in_Q": 0,
"compaction": 324.109,
"copy2host": 0,
"filter": 514.715,
"delete": 0,
"preparation": 0.008352,
"cgal_convex_hull": 0.013312,
"total": 514.728
}