{
"n": 301989888,
"size": 122,
"hull": 21,
"seed": 0,
"copy2device": 0,
"find_extremes": 127.207,
"find_corners": 206.294,
"find_points_in_Q": 0,
"compaction": 558.455,
"copy2host": 0,
"filter": 891.996,
"delete": 0,
"preparation": 0.019456,
"cgal_convex_hull": 0.017408,
"total": 892.014
}