{
"n": 1006632960,
"size": 101,
"hull": 20,
"seed": 0,
"copy2device": 0,
"find_extremes": 315.233,
"find_corners": 648.472,
"find_points_in_Q": 0,
"compaction": 910.384,
"copy2host": 0,
"filter": 1874.12,
"delete": 0,
"preparation": 0.022528,
"cgal_convex_hull": 0.01536,
"total": 1874.14
}