{
"n": 100663296,
"size": 210,
"hull": 17,
"seed": 0,
"copy2device": 0,
"find_extremes": 37.0893,
"find_corners": 91.2947,
"find_points_in_Q": 0,
"compaction": 175.313,
"copy2host": 0,
"filter": 303.737,
"delete": 0,
"preparation": 0.014336,
"cgal_convex_hull": 0.021504,
"total": 303.758
}