{
"n": 1006632960,
"size": 108,
"hull": 19,
"seed": 0,
"copy2device": 0,
"find_extremes": 315.272,
"find_corners": 634.308,
"find_points_in_Q": 0,
"compaction": 1344.54,
"copy2host": 0,
"filter": 2294.16,
"delete": 0,
"preparation": 0.021472,
"cgal_convex_hull": 0.016384,
"total": 2294.17
}