{
"n": 603979776,
"size": 105,
"hull": 21,
"seed": 0,
"copy2device": 0,
"find_extremes": 208.977,
"find_corners": 378.214,
"find_points_in_Q": 0,
"compaction": 929.014,
"copy2host": 0,
"filter": 1516.24,
"delete": 0,
"preparation": 0.012288,
"cgal_convex_hull": 0.014336,
"total": 1516.26
}