{
"n": 1073741824,
"size": 417,
"hull": 22,
"seed": 0,
"copy2device": 0,
"find_extremes": 390.055,
"find_corners": 708.896,
"find_points_in_Q": 0,
"compaction": 1289.17,
"copy2host": 0,
"filter": 2388.16,
"delete": 0,
"preparation": 0.032768,
"cgal_convex_hull": 0.03568,
"total": 2388.19
}