{
"n": 905969664,
"size": 108,
"hull": 18,
"seed": 0,
"copy2device": 0,
"find_extremes": 332.629,
"find_corners": 791.345,
"find_points_in_Q": 0,
"compaction": 1379.96,
"copy2host": 0,
"filter": 2503.97,
"delete": 0,
"preparation": 0.019456,
"cgal_convex_hull": 0.016384,
"total": 2503.99
}