{
"n": 1006632960,
"size": 115,
"hull": 24,
"seed": 0,
"copy2device": 0,
"find_extremes": 353.237,
"find_corners": 645.189,
"find_points_in_Q": 0,
"compaction": 1507.99,
"copy2host": 0,
"filter": 2506.46,
"delete": 0,
"preparation": 0.018496,
"cgal_convex_hull": 0.01536,
"total": 2506.47
}