{
"n": 1040187392,
"size": 86,
"hull": 20,
"seed": 0,
"copy2device": 0,
"find_extremes": 425.927,
"find_corners": 908.768,
"find_points_in_Q": 0,
"compaction": 1643.67,
"copy2host": 0,
"filter": 2978.42,
"delete": 0,
"preparation": 0.019296,
"cgal_convex_hull": 0.013312,
"total": 2978.43
}