{
"n": 771751936,
"size": 255,
"hull": 22,
"seed": 0,
"copy2device": 0,
"find_extremes": 242.346,
"find_corners": 523.726,
"find_points_in_Q": 0,
"compaction": 1457.23,
"copy2host": 0,
"filter": 2223.34,
"delete": 0,
"preparation": 0.023552,
"cgal_convex_hull": 0.025696,
"total": 2223.37
}