{
"n": 905969664,
"size": 208,
"hull": 19,
"seed": 0,
"copy2device": 0,
"find_extremes": 384.739,
"find_corners": 650.724,
"find_points_in_Q": 0,
"compaction": 1404.25,
"copy2host": 0,
"filter": 2439.76,
"delete": 0,
"preparation": 0.039104,
"cgal_convex_hull": 0.024576,
"total": 2439.78
}