{
"n": 234881024,
"size": 112,
"hull": 19,
"seed": 0,
"copy2device": 0,
"find_extremes": 73.6533,
"find_corners": 204.176,
"find_points_in_Q": 0,
"compaction": 345.349,
"copy2host": 0,
"filter": 623.228,
"delete": 0,
"preparation": 0.012352,
"cgal_convex_hull": 0.018432,
"total": 623.246
}