{
"n": 369098752,
"size": 229,
"hull": 19,
"seed": 0,
"copy2device": 0,
"find_extremes": 115.671,
"find_corners": 321.175,
"find_points_in_Q": 0,
"compaction": 514.275,
"copy2host": 0,
"filter": 951.176,
"delete": 0,
"preparation": 0.021696,
"cgal_convex_hull": 0.026624,
"total": 951.203
}