{
"n": 805306368,
"size": 220,
"hull": 22,
"seed": 0,
"copy2device": 0,
"find_extremes": 311.105,
"find_corners": 506.281,
"find_points_in_Q": 0,
"compaction": 1129.82,
"copy2host": 0,
"filter": 1947.24,
"delete": 0,
"preparation": 0.027872,
"cgal_convex_hull": 0.022624,
"total": 1947.27
}