{
"n": 234881024,
"size": 1567,
"hull": 19,
"seed": 0,
"copy2device": 0,
"find_extremes": 73.3747,
"find_corners": 165.058,
"find_points_in_Q": 0,
"compaction": 238.181,
"copy2host": 0,
"filter": 476.653,
"delete": 0,
"preparation": 0.078944,
"cgal_convex_hull": 0.109568,
"total": 476.762
}