{
"n": 704643072,
"size": 320,
"hull": 20,
"seed": 0,
"copy2device": 0,
"find_extremes": 220.513,
"find_corners": 630.439,
"find_points_in_Q": 0,
"compaction": 560.671,
"copy2host": 0,
"filter": 1411.66,
"delete": 0,
"preparation": 0.021504,
"cgal_convex_hull": 0.028672,
"total": 1411.69
}