{
"n": 603979776,
"size": 1195,
"hull": 19,
"seed": 0,
"copy2device": 0,
"find_extremes": 188.362,
"find_corners": 378.191,
"find_points_in_Q": 0,
"compaction": 536.643,
"copy2host": 0,
"filter": 1103.23,
"delete": 0,
"preparation": 0.06656,
"cgal_convex_hull": 0.083968,
"total": 1103.31
}