{
"n": 1040187392,
"size": 256,
"hull": 24,
"seed": 0,
"copy2device": 0,
"find_extremes": 334.909,
"find_corners": 935.894,
"find_points_in_Q": 0,
"compaction": 1810.98,
"copy2host": 0,
"filter": 3081.82,
"delete": 0,
"preparation": 0.045056,
"cgal_convex_hull": 0.02544,
"total": 3081.84
}