{
"n": 1006632960,
"size": 248,
"hull": 20,
"seed": 0,
"copy2device": 0,
"find_extremes": 315.266,
"find_corners": 645.671,
"find_points_in_Q": 0,
"compaction": 1457.56,
"copy2host": 0,
"filter": 2418.53,
"delete": 0,
"preparation": 0.031744,
"cgal_convex_hull": 0.025792,
"total": 2418.56
}