{
"n": 1040187392,
"size": 152,
"hull": 21,
"seed": 0,
"copy2device": 0,
"find_extremes": 414.184,
"find_corners": 911.459,
"find_points_in_Q": 0,
"compaction": 1626.29,
"copy2host": 0,
"filter": 2951.97,
"delete": 0,
"preparation": 0.031744,
"cgal_convex_hull": 0.018432,
"total": 2951.99
}