{
"n": 905969664,
"size": 128,
"hull": 17,
"seed": 0,
"copy2device": 0,
"find_extremes": 346.216,
"find_corners": 617.854,
"find_points_in_Q": 0,
"compaction": 1531.73,
"copy2host": 0,
"filter": 2495.84,
"delete": 0,
"preparation": 0.023392,
"cgal_convex_hull": 0.016384,
"total": 2495.86
}