{
"n": 671088640,
"size": 146,
"hull": 21,
"seed": 0,
"copy2device": 0,
"find_extremes": 236.324,
"find_corners": 423.304,
"find_points_in_Q": 0,
"compaction": 973.699,
"copy2host": 0,
"filter": 1633.37,
"delete": 0,
"preparation": 0.018432,
"cgal_convex_hull": 0.018336,
"total": 1633.39
}