{
"n": 1073741824,
"size": 381,
"hull": 23,
"seed": 0,
"copy2device": 0,
"find_extremes": 415.533,
"find_corners": 690.323,
"find_points_in_Q": 0,
"compaction": 1332.48,
"copy2host": 0,
"filter": 2438.38,
"delete": 0,
"preparation": 0.047296,
"cgal_convex_hull": 0.034816,
"total": 2438.42
}