{
"n": 939524096,
"size": 128,
"hull": 24,
"seed": 0,
"copy2device": 0,
"find_extremes": 338.948,
"find_corners": 649.858,
"find_points_in_Q": 0,
"compaction": 943.091,
"copy2host": 0,
"filter": 1931.94,
"delete": 0,
"preparation": 0.014336,
"cgal_convex_hull": 0.017344,
"total": 1931.96
}