{
"n": 100663296,
"size": 179,
"hull": 20,
"seed": 0,
"copy2device": 0,
"find_extremes": 32.3799,
"find_corners": 69.8841,
"find_points_in_Q": 0,
"compaction": 148.439,
"copy2host": 0,
"filter": 250.756,
"delete": 0,
"preparation": 0.057344,
"cgal_convex_hull": 0.021504,
"total": 250.778
}