{
"n": 570425344,
"size": 151,
"hull": 19,
"seed": 0,
"copy2device": 0,
"find_extremes": 177.392,
"find_corners": 383.659,
"find_points_in_Q": 0,
"compaction": 851.477,
"copy2host": 0,
"filter": 1412.56,
"delete": 0,
"preparation": 0.018432,
"cgal_convex_hull": 0.018432,
"total": 1412.58
}