{
"n": 1006632960,
"size": 255,
"hull": 24,
"seed": 0,
"copy2device": 0,
"find_extremes": 336.043,
"find_corners": 708.983,
"find_points_in_Q": 0,
"compaction": 1592.48,
"copy2host": 0,
"filter": 2637.55,
"delete": 0,
"preparation": 0.032544,
"cgal_convex_hull": 0.024576,
"total": 2637.58
}