{
"n": 1006632960,
"size": 115,
"hull": 24,
"seed": 0,
"copy2device": 0,
"find_extremes": 387.383,
"find_corners": 633.685,
"find_points_in_Q": 0,
"compaction": 1631.45,
"copy2host": 0,
"filter": 2652.56,
"delete": 0,
"preparation": 0.021728,
"cgal_convex_hull": 0.016512,
"total": 2652.58
}