{
"n": 436207616,
"size": 112,
"hull": 16,
"seed": 0,
"copy2device": 0,
"find_extremes": 136.956,
"find_corners": 398.987,
"find_points_in_Q": 0,
"compaction": 707.368,
"copy2host": 0,
"filter": 1243.35,
"delete": 0,
"preparation": 0.012288,
"cgal_convex_hull": 0.015232,
"total": 1243.37
}