{
"n": 570425344,
"size": 173,
"hull": 24,
"seed": 0,
"copy2device": 0,
"find_extremes": 177.734,
"find_corners": 382.436,
"find_points_in_Q": 0,
"compaction": 615.853,
"copy2host": 0,
"filter": 1176.06,
"delete": 0,
"preparation": 0.019456,
"cgal_convex_hull": 0.019232,
"total": 1176.08
}