{
"n": 671088640,
"size": 142,
"hull": 21,
"seed": 0,
"copy2device": 0,
"find_extremes": 210.092,
"find_corners": 423.119,
"find_points_in_Q": 0,
"compaction": 942.774,
"copy2host": 0,
"filter": 1576.03,
"delete": 0,
"preparation": 0.016384,
"cgal_convex_hull": 0.019456,
"total": 1576.05
}