{
"n": 905969664,
"size": 241,
"hull": 20,
"seed": 0,
"copy2device": 0,
"find_extremes": 319.979,
"find_corners": 683.967,
"find_points_in_Q": 0,
"compaction": 1132.66,
"copy2host": 0,
"filter": 2136.65,
"delete": 0,
"preparation": 0.031744,
"cgal_convex_hull": 0.024576,
"total": 2136.68
}