{
"n": 905969664,
"size": 189,
"hull": 22,
"seed": 0,
"copy2device": 0,
"find_extremes": 368.449,
"find_corners": 789.183,
"find_points_in_Q": 0,
"compaction": 1631.72,
"copy2host": 0,
"filter": 2789.39,
"delete": 0,
"preparation": 0.033792,
"cgal_convex_hull": 0.021504,
"total": 2789.41
}