{
"n": 369098752,
"size": 208,
"hull": 19,
"seed": 0,
"copy2device": 0,
"find_extremes": 116.043,
"find_corners": 250.689,
"find_points_in_Q": 0,
"compaction": 501.623,
"copy2host": 0,
"filter": 868.395,
"delete": 0,
"preparation": 0.019456,
"cgal_convex_hull": 0.024448,
"total": 868.419
}