{
"n": 805306368,
"size": 216,
"hull": 21,
"seed": 0,
"copy2device": 0,
"find_extremes": 280.514,
"find_corners": 590.751,
"find_points_in_Q": 0,
"compaction": 1179.23,
"copy2host": 0,
"filter": 2050.53,
"delete": 0,
"preparation": 0.036864,
"cgal_convex_hull": 0.023392,
"total": 2050.56
}