{
"n": 1006632960,
"size": 355,
"hull": 22,
"seed": 0,
"copy2device": 0,
"find_extremes": 408.572,
"find_corners": 703.402,
"find_points_in_Q": 0,
"compaction": 1326.92,
"copy2host": 0,
"filter": 2438.93,
"delete": 0,
"preparation": 0.051168,
"cgal_convex_hull": 0.032768,
"total": 2438.96
}