{
"n": 234881024,
"size": 194,
"hull": 21,
"seed": 0,
"copy2device": 0,
"find_extremes": 73.3266,
"find_corners": 158.632,
"find_points_in_Q": 0,
"compaction": 238.341,
"copy2host": 0,
"filter": 470.334,
"delete": 0,
"preparation": 0.012512,
"cgal_convex_hull": 0.017472,
"total": 470.352
}