{
"n": 1006632960,
"size": 333,
"hull": 17,
"seed": 0,
"copy2device": 0,
"find_extremes": 311.884,
"find_corners": 628.062,
"find_points_in_Q": 0,
"compaction": 1526.64,
"copy2host": 0,
"filter": 2466.62,
"delete": 0,
"preparation": 0.036608,
"cgal_convex_hull": 0.032768,
"total": 2466.66
}