{
"n": 1073741824,
"size": 137,
"hull": 22,
"seed": 0,
"copy2device": 0,
"find_extremes": 390.821,
"find_corners": 672.074,
"find_points_in_Q": 0,
"compaction": 1581.49,
"copy2host": 0,
"filter": 2644.43,
"delete": 0,
"preparation": 0.026624,
"cgal_convex_hull": 0.016384,
"total": 2644.45
}