{
"n": 1073741824,
"size": 311,
"hull": 20,
"seed": 0,
"copy2device": 0,
"find_extremes": 437.918,
"find_corners": 694.56,
"find_points_in_Q": 0,
"compaction": 1444.99,
"copy2host": 0,
"filter": 2577.51,
"delete": 0,
"preparation": 0.037728,
"cgal_convex_hull": 0.029696,
"total": 2577.54
}