{
"n": 503316480,
"size": 172,
"hull": 22,
"seed": 0,
"copy2device": 0,
"find_extremes": 162.029,
"find_corners": 383.376,
"find_points_in_Q": 0,
"compaction": 762.091,
"copy2host": 0,
"filter": 1307.54,
"delete": 0,
"preparation": 0.026624,
"cgal_convex_hull": 0.021472,
"total": 1307.56
}