{
"n": 167772160,
"size": 105,
"hull": 20,
"seed": 0,
"copy2device": 0,
"find_extremes": 52.1267,
"find_corners": 146.105,
"find_points_in_Q": 0,
"compaction": 282.041,
"copy2host": 0,
"filter": 480.308,
"delete": 0,
"preparation": 0.013472,
"cgal_convex_hull": 0.013312,
"total": 480.322
}