{
"n": 637534208,
"size": 271,
"hull": 26,
"seed": 0,
"copy2device": 0,
"find_extremes": 240.387,
"find_corners": 555.608,
"find_points_in_Q": 0,
"compaction": 1047.56,
"copy2host": 0,
"filter": 1843.59,
"delete": 0,
"preparation": 0.038848,
"cgal_convex_hull": 0.026624,
"total": 1843.62
}