{
"n": 100663296,
"size": 238,
"hull": 22,
"seed": 0,
"copy2device": 0,
"find_extremes": 32.3205,
"find_corners": 89.0696,
"find_points_in_Q": 0,
"compaction": 123.406,
"copy2host": 0,
"filter": 244.832,
"delete": 0,
"preparation": 0.024576,
"cgal_convex_hull": 0.026624,
"total": 244.859
}