{
"n": 1040187392,
"size": 127,
"hull": 26,
"seed": 0,
"copy2device": 0,
"find_extremes": 412.316,
"find_corners": 908.433,
"find_points_in_Q": 0,
"compaction": 1608.51,
"copy2host": 0,
"filter": 2929.29,
"delete": 0,
"preparation": 0.023552,
"cgal_convex_hull": 0.016384,
"total": 2929.31
}