{
"n": 738197504,
"size": 192,
"hull": 21,
"seed": 0,
"copy2device": 0,
"find_extremes": 232.387,
"find_corners": 464.801,
"find_points_in_Q": 0,
"compaction": 837.011,
"copy2host": 0,
"filter": 1534.24,
"delete": 0,
"preparation": 0.022528,
"cgal_convex_hull": 0.023552,
"total": 1534.26
}