{
"n": 503316480,
"size": 326,
"hull": 20,
"seed": 0,
"copy2device": 0,
"find_extremes": 187.554,
"find_corners": 342.773,
"find_points_in_Q": 0,
"compaction": 428.576,
"copy2host": 0,
"filter": 958.946,
"delete": 0,
"preparation": 0.038912,
"cgal_convex_hull": 0.030496,
"total": 958.977
}