{
"n": 1006632960,
"size": 229,
"hull": 19,
"seed": 0,
"copy2device": 0,
"find_extremes": 314.769,
"find_corners": 699.216,
"find_points_in_Q": 0,
"compaction": 1550.33,
"copy2host": 0,
"filter": 2564.35,
"delete": 0,
"preparation": 0.024576,
"cgal_convex_hull": 0.023552,
"total": 2564.38
}