{
"n": 1006632960,
"size": 446,
"hull": 20,
"seed": 0,
"copy2device": 0,
"find_extremes": 356.195,
"find_corners": 624.699,
"find_points_in_Q": 0,
"compaction": 1334.54,
"copy2host": 0,
"filter": 2315.48,
"delete": 0,
"preparation": 0.034816,
"cgal_convex_hull": 0.037888,
"total": 2315.51
}