{
"n": 1073741824,
"size": 128,
"hull": 22,
"seed": 0,
"copy2device": 0,
"find_extremes": 397.242,
"find_corners": 710.222,
"find_points_in_Q": 0,
"compaction": 1643.24,
"copy2host": 0,
"filter": 2750.74,
"delete": 0,
"preparation": 0.028576,
"cgal_convex_hull": 0.016384,
"total": 2750.75
}