{
"n": 939524096,
"size": 466,
"hull": 24,
"seed": 0,
"copy2device": 0,
"find_extremes": 317.772,
"find_corners": 663.348,
"find_points_in_Q": 0,
"compaction": 1381.52,
"copy2host": 0,
"filter": 2362.68,
"delete": 0,
"preparation": 0.054272,
"cgal_convex_hull": 0.039936,
"total": 2362.72
}