{
"n": 134217728,
"size": 215,
"hull": 19,
"seed": 0,
"copy2device": 0,
"find_extremes": 43.0756,
"find_corners": 89.2211,
"find_points_in_Q": 0,
"compaction": 107.746,
"copy2host": 0,
"filter": 240.095,
"delete": 0,
"preparation": 0.017248,
"cgal_convex_hull": 0.021664,
"total": 240.117
}