{
"n": 838860800,
"size": 125,
"hull": 22,
"seed": 0,
"copy2device": 0,
"find_extremes": 262.946,
"find_corners": 729.074,
"find_points_in_Q": 0,
"compaction": 1507.09,
"copy2host": 0,
"filter": 2499.14,
"delete": 0,
"preparation": 0.022528,
"cgal_convex_hull": 0.014336,
"total": 2499.15
}