{
"n": 536870912,
"size": 204,
"hull": 20,
"seed": 0,
"copy2device": 0,
"find_extremes": 166.639,
"find_corners": 343.945,
"find_points_in_Q": 0,
"compaction": 350.755,
"copy2host": 0,
"filter": 861.373,
"delete": 0,
"preparation": 0.019616,
"cgal_convex_hull": 0.018432,
"total": 861.392
}