{
"n": 1040187392,
"size": 165,
"hull": 23,
"seed": 0,
"copy2device": 0,
"find_extremes": 407.387,
"find_corners": 717.623,
"find_points_in_Q": 0,
"compaction": 835.878,
"copy2host": 0,
"filter": 1960.93,
"delete": 0,
"preparation": 0.022656,
"cgal_convex_hull": 0.018432,
"total": 1960.95
}