{
"n": 671088640,
"size": 356,
"hull": 21,
"seed": 0,
"copy2device": 0,
"find_extremes": 210.163,
"find_corners": 436.524,
"find_points_in_Q": 0,
"compaction": 439.827,
"copy2host": 0,
"filter": 1086.56,
"delete": 0,
"preparation": 0.022528,
"cgal_convex_hull": 0.031584,
"total": 1086.59
}