{
"n": 805306368,
"size": 160,
"hull": 22,
"seed": 0,
"copy2device": 0,
"find_extremes": 288.682,
"find_corners": 517.694,
"find_points_in_Q": 0,
"compaction": 933.137,
"copy2host": 0,
"filter": 1739.56,
"delete": 0,
"preparation": 0.023552,
"cgal_convex_hull": 0.018432,
"total": 1739.57
}