{
"n": 637534208,
"size": 279,
"hull": 23,
"seed": 0,
"copy2device": 0,
"find_extremes": 223.784,
"find_corners": 449.652,
"find_points_in_Q": 0,
"compaction": 1008.31,
"copy2host": 0,
"filter": 1681.78,
"delete": 0,
"preparation": 0.033792,
"cgal_convex_hull": 0.027648,
"total": 1681.81
}