{
"n": 1006632960,
"size": 211,
"hull": 20,
"seed": 0,
"copy2device": 0,
"find_extremes": 352.256,
"find_corners": 644.162,
"find_points_in_Q": 0,
"compaction": 1403.79,
"copy2host": 0,
"filter": 2400.24,
"delete": 0,
"preparation": 0.030624,
"cgal_convex_hull": 0.022432,
"total": 2400.27
}