{
"n": 201326592,
"size": 297,
"hull": 22,
"seed": 0,
"copy2device": 0,
"find_extremes": 63.2117,
"find_corners": 127.386,
"find_points_in_Q": 0,
"compaction": 184.824,
"copy2host": 0,
"filter": 375.456,
"delete": 0,
"preparation": 0.028672,
"cgal_convex_hull": 0.027808,
"total": 375.484
}