{
"n": 1040187392,
"size": 114,
"hull": 22,
"seed": 0,
"copy2device": 0,
"find_extremes": 406.909,
"find_corners": 927.108,
"find_points_in_Q": 0,
"compaction": 1369.33,
"copy2host": 0,
"filter": 2703.39,
"delete": 0,
"preparation": 0.016384,
"cgal_convex_hull": 0.014368,
"total": 2703.4
}