{
"n": 738197504,
"size": 131,
"hull": 22,
"seed": 0,
"copy2device": 0,
"find_extremes": 232.271,
"find_corners": 472.616,
"find_points_in_Q": 0,
"compaction": 1094.22,
"copy2host": 0,
"filter": 1799.14,
"delete": 0,
"preparation": 0.012288,
"cgal_convex_hull": 0.016224,
"total": 1799.15
}