{
"n": 1040187392,
"size": 214,
"hull": 20,
"seed": 0,
"copy2device": 0,
"find_extremes": 374.496,
"find_corners": 1038.72,
"find_points_in_Q": 0,
"compaction": 1000.99,
"copy2host": 0,
"filter": 2414.26,
"delete": 0,
"preparation": 0.042048,
"cgal_convex_hull": 0.022528,
"total": 2414.28
}