{
"n": 738197504,
"size": 180,
"hull": 26,
"seed": 0,
"copy2device": 0,
"find_extremes": 252.691,
"find_corners": 527.692,
"find_points_in_Q": 0,
"compaction": 933.498,
"copy2host": 0,
"filter": 1713.93,
"delete": 0,
"preparation": 0.027648,
"cgal_convex_hull": 0.022528,
"total": 1713.95
}