{
"n": 234881024,
"size": 160,
"hull": 14,
"seed": 0,
"copy2device": 0,
"find_extremes": 74.1234,
"find_corners": 203.901,
"find_points_in_Q": 0,
"compaction": 237.055,
"copy2host": 0,
"filter": 515.112,
"delete": 0,
"preparation": 0.012256,
"cgal_convex_hull": 0.017408,
"total": 515.129
}