{
"n": 637534208,
"size": 261,
"hull": 21,
"seed": 0,
"copy2device": 0,
"find_extremes": 200.084,
"find_corners": 433.396,
"find_points_in_Q": 0,
"compaction": 868.296,
"copy2host": 0,
"filter": 1501.81,
"delete": 0,
"preparation": 0.032768,
"cgal_convex_hull": 0.026624,
"total": 1501.84
}