{
"n": 1040187392,
"size": 220,
"hull": 24,
"seed": 0,
"copy2device": 0,
"find_extremes": 366.791,
"find_corners": 928.053,
"find_points_in_Q": 0,
"compaction": 1842.39,
"copy2host": 0,
"filter": 3137.28,
"delete": 0,
"preparation": 0.024672,
"cgal_convex_hull": 0.023552,
"total": 3137.3
}