{
"n": 134217728,
"size": 154,
"hull": 21,
"seed": 0,
"copy2device": 0,
"find_extremes": 43.1862,
"find_corners": 89.3727,
"find_points_in_Q": 0,
"compaction": 206.993,
"copy2host": 0,
"filter": 339.588,
"delete": 0,
"preparation": 0.012288,
"cgal_convex_hull": 0.027776,
"total": 339.616
}