{
"n": 369098752,
"size": 144,
"hull": 21,
"seed": 0,
"copy2device": 0,
"find_extremes": 116.849,
"find_corners": 323.488,
"find_points_in_Q": 0,
"compaction": 363.818,
"copy2host": 0,
"filter": 804.195,
"delete": 0,
"preparation": 0.017408,
"cgal_convex_hull": 0.020672,
"total": 804.216
}