{
"n": 603979776,
"size": 723,
"hull": 17,
"seed": 0,
"copy2device": 0,
"find_extremes": 192.167,
"find_corners": 393.208,
"find_points_in_Q": 0,
"compaction": 431.657,
"copy2host": 0,
"filter": 1017.07,
"delete": 0,
"preparation": 0.044032,
"cgal_convex_hull": 0.060416,
"total": 1017.13
}