{
"n": 134217728,
"size": 108,
"hull": 23,
"seed": 0,
"copy2device": 0,
"find_extremes": 43.2251,
"find_corners": 88.9201,
"find_points_in_Q": 0,
"compaction": 108.321,
"copy2host": 0,
"filter": 240.501,
"delete": 0,
"preparation": 0.008192,
"cgal_convex_hull": 0.014336,
"total": 240.515
}