{
"n": 167772160,
"size": 890,
"hull": 21,
"seed": 0,
"copy2device": 0,
"find_extremes": 53.0084,
"find_corners": 112.524,
"find_points_in_Q": 0,
"compaction": 136.159,
"copy2host": 0,
"filter": 301.728,
"delete": 0,
"preparation": 0.045056,
"cgal_convex_hull": 0.064512,
"total": 301.792
}