{
"n": 1040187392,
"size": 218,
"hull": 25,
"seed": 0,
"copy2device": 0,
"find_extremes": 400.642,
"find_corners": 757.143,
"find_points_in_Q": 0,
"compaction": 1902.1,
"copy2host": 0,
"filter": 3059.93,
"delete": 0,
"preparation": 0.036864,
"cgal_convex_hull": 0.023552,
"total": 3059.95
}