{
"n": 234881024,
"size": 232,
"hull": 18,
"seed": 0,
"copy2device": 0,
"find_extremes": 73.3379,
"find_corners": 204.578,
"find_points_in_Q": 0,
"compaction": 320.678,
"copy2host": 0,
"filter": 598.627,
"delete": 0,
"preparation": 0.014336,
"cgal_convex_hull": 0.020512,
"total": 598.648
}