{
"n": 234881024,
"size": 361,
"hull": 24,
"seed": 0,
"copy2device": 0,
"find_extremes": 73.6553,
"find_corners": 159.305,
"find_points_in_Q": 0,
"compaction": 271.228,
"copy2host": 0,
"filter": 504.223,
"delete": 0,
"preparation": 0.021504,
"cgal_convex_hull": 0.029632,
"total": 504.253
}