{
"n": 1040187392,
"size": 147,
"hull": 23,
"seed": 0,
"copy2device": 0,
"find_extremes": 404.637,
"find_corners": 810.862,
"find_points_in_Q": 0,
"compaction": 1644.23,
"copy2host": 0,
"filter": 2859.77,
"delete": 0,
"preparation": 0.031744,
"cgal_convex_hull": 0.01824,
"total": 2859.79
}