{
"n": 301989888,
"size": 188,
"hull": 21,
"seed": 0,
"copy2device": 0,
"find_extremes": 94.4497,
"find_corners": 203.047,
"find_points_in_Q": 0,
"compaction": 344.796,
"copy2host": 0,
"filter": 642.334,
"delete": 0,
"preparation": 0.016384,
"cgal_convex_hull": 0.023552,
"total": 642.357
}