{
"n": 1073741824,
"size": 183,
"hull": 18,
"seed": 0,
"copy2device": 0,
"find_extremes": 422.523,
"find_corners": 689.378,
"find_points_in_Q": 0,
"compaction": 1460.3,
"copy2host": 0,
"filter": 2572.24,
"delete": 0,
"preparation": 0.026624,
"cgal_convex_hull": 0.021312,
"total": 2572.26
}