{
"n": 134217728,
"size": 243,
"hull": 25,
"seed": 0,
"copy2device": 0,
"find_extremes": 43.3162,
"find_corners": 98.1678,
"find_points_in_Q": 0,
"compaction": 137.187,
"copy2host": 0,
"filter": 278.708,
"delete": 0,
"preparation": 0.016384,
"cgal_convex_hull": 0.023552,
"total": 278.732
}