{
"n": 201326592,
"size": 166,
"hull": 22,
"seed": 0,
"copy2device": 0,
"find_extremes": 63.0897,
"find_corners": 131.298,
"find_points_in_Q": 0,
"compaction": 269.066,
"copy2host": 0,
"filter": 463.491,
"delete": 0,
"preparation": 0.014336,
"cgal_convex_hull": 0.019456,
"total": 463.511
}