{
"n": 536870912,
"size": 153,
"hull": 21,
"seed": 0,
"copy2device": 0,
"find_extremes": 168.403,
"find_corners": 345.011,
"find_points_in_Q": 0,
"compaction": 723.239,
"copy2host": 0,
"filter": 1236.69,
"delete": 0,
"preparation": 0.016224,
"cgal_convex_hull": 0.019424,
"total": 1236.71
}