{
"n": 469762048,
"size": 193,
"hull": 25,
"seed": 0,
"copy2device": 0,
"find_extremes": 163.288,
"find_corners": 307.615,
"find_points_in_Q": 0,
"compaction": 498.269,
"copy2host": 0,
"filter": 969.215,
"delete": 0,
"preparation": 0.027712,
"cgal_convex_hull": 0.021504,
"total": 969.236
}