{
"n": 637534208,
"size": 148,
"hull": 28,
"seed": 0,
"copy2device": 0,
"find_extremes": 236.332,
"find_corners": 465.815,
"find_points_in_Q": 0,
"compaction": 986.144,
"copy2host": 0,
"filter": 1688.34,
"delete": 0,
"preparation": 0.026592,
"cgal_convex_hull": 0.018432,
"total": 1688.35
}