{
"n": 234881024,
"size": 180,
"hull": 24,
"seed": 0,
"copy2device": 0,
"find_extremes": 73.7669,
"find_corners": 204.444,
"find_points_in_Q": 0,
"compaction": 393.851,
"copy2host": 0,
"filter": 672.099,
"delete": 0,
"preparation": 0.016416,
"cgal_convex_hull": 0.021504,
"total": 672.121
}