{
"n": 201326592,
"size": 161,
"hull": 17,
"seed": 0,
"copy2device": 0,
"find_extremes": 63.1316,
"find_corners": 127.305,
"find_points_in_Q": 0,
"compaction": 284.774,
"copy2host": 0,
"filter": 475.244,
"delete": 0,
"preparation": 0.012192,
"cgal_convex_hull": 0.018432,
"total": 475.262
}