{
"n": 1073741824,
"size": 212,
"hull": 20,
"seed": 0,
"copy2device": 0,
"find_extremes": 395.776,
"find_corners": 708.007,
"find_points_in_Q": 0,
"compaction": 1670.78,
"copy2host": 0,
"filter": 2774.61,
"delete": 0,
"preparation": 0.032928,
"cgal_convex_hull": 0.021728,
"total": 2774.63
}