{
"n": 335544320,
"size": 155,
"hull": 27,
"seed": 0,
"copy2device": 0,
"find_extremes": 104.968,
"find_corners": 238.863,
"find_points_in_Q": 0,
"compaction": 546.036,
"copy2host": 0,
"filter": 889.914,
"delete": 0,
"preparation": 0.018432,
"cgal_convex_hull": 0.022528,
"total": 889.937
}