{
"n": 603979776,
"size": 125,
"hull": 23,
"seed": 0,
"copy2device": 0,
"find_extremes": 245.032,
"find_corners": 388.819,
"find_points_in_Q": 0,
"compaction": 647.983,
"copy2host": 0,
"filter": 1281.88,
"delete": 0,
"preparation": 0.013312,
"cgal_convex_hull": 0.015392,
"total": 1281.89
}