{
"n": 1040187392,
"size": 192,
"hull": 26,
"seed": 0,
"copy2device": 0,
"find_extremes": 409.985,
"find_corners": 721.486,
"find_points_in_Q": 0,
"compaction": 1912.73,
"copy2host": 0,
"filter": 3044.24,
"delete": 0,
"preparation": 0.033568,
"cgal_convex_hull": 0.02048,
"total": 3044.26
}