{
"n": 369098752,
"size": 136,
"hull": 20,
"seed": 0,
"copy2device": 0,
"find_extremes": 115.678,
"find_corners": 251.562,
"find_points_in_Q": 0,
"compaction": 605.799,
"copy2host": 0,
"filter": 973.078,
"delete": 0,
"preparation": 0.022528,
"cgal_convex_hull": 0.016384,
"total": 973.094
}