{
"n": 771751936,
"size": 122,
"hull": 28,
"seed": 0,
"copy2device": 0,
"find_extremes": 301.974,
"find_corners": 692.686,
"find_points_in_Q": 0,
"compaction": 1009.65,
"copy2host": 0,
"filter": 2004.35,
"delete": 0,
"preparation": 0.025504,
"cgal_convex_hull": 0.016384,
"total": 2004.36
}