{
"n": 704643072,
"size": 225,
"hull": 17,
"seed": 0,
"copy2device": 0,
"find_extremes": 267.813,
"find_corners": 614.035,
"find_points_in_Q": 0,
"compaction": 1292.68,
"copy2host": 0,
"filter": 2174.56,
"delete": 0,
"preparation": 0.021504,
"cgal_convex_hull": 0.021344,
"total": 2174.58
}