{
"n": 1006632960,
"size": 139,
"hull": 23,
"seed": 0,
"copy2device": 0,
"find_extremes": 352.591,
"find_corners": 629.588,
"find_points_in_Q": 0,
"compaction": 1630.29,
"copy2host": 0,
"filter": 2612.51,
"delete": 0,
"preparation": 0.01536,
"cgal_convex_hull": 0.017408,
"total": 2612.53
}