{
"n": 436207616,
"size": 112,
"hull": 20,
"seed": 0,
"copy2device": 0,
"find_extremes": 136.797,
"find_corners": 401.814,
"find_points_in_Q": 0,
"compaction": 764.554,
"copy2host": 0,
"filter": 1303.21,
"delete": 0,
"preparation": 0.024672,
"cgal_convex_hull": 0.016384,
"total": 1303.22
}