{
"n": 1006632960,
"size": 470,
"hull": 23,
"seed": 0,
"copy2device": 0,
"find_extremes": 346.286,
"find_corners": 634.044,
"find_points_in_Q": 0,
"compaction": 1271.53,
"copy2host": 0,
"filter": 2251.89,
"delete": 0,
"preparation": 0.045056,
"cgal_convex_hull": 0.038848,
"total": 2251.93
}