{
"n": 234881024,
"size": 157,
"hull": 22,
"seed": 0,
"copy2device": 0,
"find_extremes": 73.4403,
"find_corners": 203.558,
"find_points_in_Q": 0,
"compaction": 361.294,
"copy2host": 0,
"filter": 638.334,
"delete": 0,
"preparation": 0.016576,
"cgal_convex_hull": 0.021504,
"total": 638.355
}