{
"n": 1006632960,
"size": 104,
"hull": 20,
"seed": 0,
"copy2device": 0,
"find_extremes": 332.742,
"find_corners": 634.959,
"find_points_in_Q": 0,
"compaction": 879.414,
"copy2host": 0,
"filter": 1847.15,
"delete": 0,
"preparation": 0.02048,
"cgal_convex_hull": 0.016384,
"total": 1847.17
}