{
"n": 436207616,
"size": 116,
"hull": 21,
"seed": 0,
"copy2device": 0,
"find_extremes": 137.239,
"find_corners": 294.611,
"find_points_in_Q": 0,
"compaction": 552.841,
"copy2host": 0,
"filter": 984.724,
"delete": 0,
"preparation": 0.016384,
"cgal_convex_hull": 0.016384,
"total": 984.741
}