{
"n": 536870912,
"size": 689,
"hull": 26,
"seed": 0,
"copy2device": 0,
"find_extremes": 168.287,
"find_corners": 337.306,
"find_points_in_Q": 0,
"compaction": 699.905,
"copy2host": 0,
"filter": 1205.53,
"delete": 0,
"preparation": 0.074752,
"cgal_convex_hull": 0.056128,
"total": 1205.59
}