{
"n": 268435456,
"size": 151,
"hull": 22,
"seed": 0,
"copy2device": 0,
"find_extremes": 84.5107,
"find_corners": 170.103,
"find_points_in_Q": 0,
"compaction": 389.618,
"copy2host": 0,
"filter": 644.264,
"delete": 0,
"preparation": 0.011264,
"cgal_convex_hull": 0.017408,
"total": 644.281
}