{
"n": 301989888,
"size": 166,
"hull": 22,
"seed": 0,
"copy2device": 0,
"find_extremes": 95.2709,
"find_corners": 267.021,
"find_points_in_Q": 0,
"compaction": 525.422,
"copy2host": 0,
"filter": 887.766,
"delete": 0,
"preparation": 0.019456,
"cgal_convex_hull": 0.023616,
"total": 887.789
}