{
"n": 637534208,
"size": 186,
"hull": 21,
"seed": 0,
"copy2device": 0,
"find_extremes": 199.781,
"find_corners": 573.822,
"find_points_in_Q": 0,
"compaction": 906.612,
"copy2host": 0,
"filter": 1680.25,
"delete": 0,
"preparation": 0.024576,
"cgal_convex_hull": 0.018432,
"total": 1680.27
}