{
"n": 469762048,
"size": 418,
"hull": 19,
"seed": 0,
"copy2device": 0,
"find_extremes": 147.243,
"find_corners": 297.704,
"find_points_in_Q": 0,
"compaction": 704.625,
"copy2host": 0,
"filter": 1149.61,
"delete": 0,
"preparation": 0.036032,
"cgal_convex_hull": 0.034816,
"total": 1149.64
}