{
"n": 436207616,
"size": 147,
"hull": 19,
"seed": 0,
"copy2device": 0,
"find_extremes": 138.032,
"find_corners": 390.796,
"find_points_in_Q": 0,
"compaction": 405.767,
"copy2host": 0,
"filter": 934.638,
"delete": 0,
"preparation": 0.014336,
"cgal_convex_hull": 0.016384,
"total": 934.654
}