{
"n": 536870912,
"size": 113,
"hull": 24,
"seed": 0,
"copy2device": 0,
"find_extremes": 169.132,
"find_corners": 347.681,
"find_points_in_Q": 0,
"compaction": 615.295,
"copy2host": 0,
"filter": 1132.15,
"delete": 0,
"preparation": 0.012512,
"cgal_convex_hull": 0.017408,
"total": 1132.16
}