{
"n": 369098752,
"size": 154,
"hull": 23,
"seed": 0,
"copy2device": 0,
"find_extremes": 115.526,
"find_corners": 321.372,
"find_points_in_Q": 0,
"compaction": 378.743,
"copy2host": 0,
"filter": 815.681,
"delete": 0,
"preparation": 0.016384,
"cgal_convex_hull": 0.017408,
"total": 815.698
}