{
"n": 570425344,
"size": 119,
"hull": 22,
"seed": 0,
"copy2device": 0,
"find_extremes": 178.437,
"find_corners": 462.721,
"find_points_in_Q": 0,
"compaction": 816.024,
"copy2host": 0,
"filter": 1457.23,
"delete": 0,
"preparation": 0.013344,
"cgal_convex_hull": 0.015424,
"total": 1457.24
}