{
"n": 671088640,
"size": 208,
"hull": 21,
"seed": 0,
"copy2device": 0,
"find_extremes": 225.164,
"find_corners": 461.403,
"find_points_in_Q": 0,
"compaction": 839.047,
"copy2host": 0,
"filter": 1525.65,
"delete": 0,
"preparation": 0.028672,
"cgal_convex_hull": 0.021504,
"total": 1525.67
}