{
"n": 1040187392,
"size": 102,
"hull": 16,
"seed": 0,
"copy2device": 0,
"find_extremes": 401.111,
"find_corners": 932.205,
"find_points_in_Q": 0,
"compaction": 1855.12,
"copy2host": 0,
"filter": 3188.48,
"delete": 0,
"preparation": 0.019456,
"cgal_convex_hull": 0.01344,
"total": 3188.49
}