{
"n": 1006632960,
"size": 632,
"hull": 23,
"seed": 0,
"copy2device": 0,
"find_extremes": 315.583,
"find_corners": 646.601,
"find_points_in_Q": 0,
"compaction": 1286.84,
"copy2host": 0,
"filter": 2249.06,
"delete": 0,
"preparation": 0.055296,
"cgal_convex_hull": 0.049152,
"total": 2249.11
}