{
"n": 402653184,
"size": 295,
"hull": 26,
"seed": 0,
"copy2device": 0,
"find_extremes": 137.275,
"find_corners": 259.944,
"find_points_in_Q": 0,
"compaction": 583.935,
"copy2host": 0,
"filter": 981.189,
"delete": 0,
"preparation": 0.047104,
"cgal_convex_hull": 0.023552,
"total": 981.212
}