{
"n": 536870912,
"size": 216,
"hull": 23,
"seed": 0,
"copy2device": 0,
"find_extremes": 168.271,
"find_corners": 345.845,
"find_points_in_Q": 0,
"compaction": 833.432,
"copy2host": 0,
"filter": 1347.58,
"delete": 0,
"preparation": 0.037888,
"cgal_convex_hull": 0.022528,
"total": 1347.61
}