{
"n": 536870912,
"size": 391,
"hull": 16,
"seed": 0,
"copy2device": 0,
"find_extremes": 180.281,
"find_corners": 336.993,
"find_points_in_Q": 0,
"compaction": 416.022,
"copy2host": 0,
"filter": 933.337,
"delete": 0,
"preparation": 0.027648,
"cgal_convex_hull": 0.031744,
"total": 933.369
}