{
"n": 973078528,
"size": 133,
"hull": 20,
"seed": 0,
"copy2device": 0,
"find_extremes": 356.236,
"find_corners": 865.572,
"find_points_in_Q": 0,
"compaction": 1335.76,
"copy2host": 0,
"filter": 2557.61,
"delete": 0,
"preparation": 0.029696,
"cgal_convex_hull": 0.018432,
"total": 2557.63
}