{
"n": 1040187392,
"size": 197,
"hull": 19,
"seed": 0,
"copy2device": 0,
"find_extremes": 448.634,
"find_corners": 908.15,
"find_points_in_Q": 0,
"compaction": 1614.01,
"copy2host": 0,
"filter": 2970.84,
"delete": 0,
"preparation": 0.028672,
"cgal_convex_hull": 0.022528,
"total": 2970.86
}