{
"n": 402653184,
"size": 216,
"hull": 23,
"seed": 0,
"copy2device": 0,
"find_extremes": 149.515,
"find_corners": 285.598,
"find_points_in_Q": 0,
"compaction": 571.993,
"copy2host": 0,
"filter": 1007.15,
"delete": 0,
"preparation": 0.019456,
"cgal_convex_hull": 0.023552,
"total": 1007.17
}