{
"n": 771751936,
"size": 120,
"hull": 17,
"seed": 0,
"copy2device": 0,
"find_extremes": 293.531,
"find_corners": 561.746,
"find_points_in_Q": 0,
"compaction": 1472.27,
"copy2host": 0,
"filter": 2327.59,
"delete": 0,
"preparation": 0.031744,
"cgal_convex_hull": 0.015488,
"total": 2327.61
}