{
"n": 1006632960,
"size": 239,
"hull": 25,
"seed": 0,
"copy2device": 0,
"find_extremes": 385.583,
"find_corners": 633.261,
"find_points_in_Q": 0,
"compaction": 1030.67,
"copy2host": 0,
"filter": 2049.56,
"delete": 0,
"preparation": 0.03072,
"cgal_convex_hull": 0.023712,
"total": 2049.58
}