{
"n": 905969664,
"size": 558,
"hull": 24,
"seed": 0,
"copy2device": 0,
"find_extremes": 318.233,
"find_corners": 641.335,
"find_points_in_Q": 0,
"compaction": 1623.48,
"copy2host": 0,
"filter": 2583.09,
"delete": 0,
"preparation": 0.062592,
"cgal_convex_hull": 0.047104,
"total": 2583.14
}