{
"n": 1073741824,
"size": 201,
"hull": 26,
"seed": 0,
"copy2device": 0,
"find_extremes": 433.36,
"find_corners": 695.165,
"find_points_in_Q": 0,
"compaction": 1555.69,
"copy2host": 0,
"filter": 2684.26,
"delete": 0,
"preparation": 0.029536,
"cgal_convex_hull": 0.023552,
"total": 2684.28
}