{
"n": 738197504,
"size": 263,
"hull": 23,
"seed": 0,
"copy2device": 0,
"find_extremes": 231.168,
"find_corners": 464.977,
"find_points_in_Q": 0,
"compaction": 669.075,
"copy2host": 0,
"filter": 1365.26,
"delete": 0,
"preparation": 0.027648,
"cgal_convex_hull": 0.026816,
"total": 1365.29
}