{
"n": 268435456,
"size": 308,
"hull": 13,
"seed": 0,
"copy2device": 0,
"find_extremes": 84.8876,
"find_corners": 169.832,
"find_points_in_Q": 0,
"compaction": 147.094,
"copy2host": 0,
"filter": 401.848,
"delete": 0,
"preparation": 0.018432,
"cgal_convex_hull": 0.026496,
"total": 401.875
}