{
"n": 805306368,
"size": 194,
"hull": 23,
"seed": 0,
"copy2device": 0,
"find_extremes": 322.523,
"find_corners": 528.372,
"find_points_in_Q": 0,
"compaction": 977.232,
"copy2host": 0,
"filter": 1828.17,
"delete": 0,
"preparation": 0.027648,
"cgal_convex_hull": 0.021504,
"total": 1828.19
}