{
"n": 1006632960,
"size": 200,
"hull": 18,
"seed": 0,
"copy2device": 0,
"find_extremes": 414.54,
"find_corners": 651.376,
"find_points_in_Q": 0,
"compaction": 1518.93,
"copy2host": 0,
"filter": 2584.89,
"delete": 0,
"preparation": 0.029856,
"cgal_convex_hull": 0.021504,
"total": 2584.91
}