{
"n": 671088640,
"size": 131,
"hull": 17,
"seed": 0,
"copy2device": 0,
"find_extremes": 283.677,
"find_corners": 423.367,
"find_points_in_Q": 0,
"compaction": 1138.03,
"copy2host": 0,
"filter": 1845.12,
"delete": 0,
"preparation": 0.027488,
"cgal_convex_hull": 0.016384,
"total": 1845.14
}