{
"n": 805306368,
"size": 199,
"hull": 17,
"seed": 0,
"copy2device": 0,
"find_extremes": 301.195,
"find_corners": 559.993,
"find_points_in_Q": 0,
"compaction": 958.957,
"copy2host": 0,
"filter": 1820.19,
"delete": 0,
"preparation": 0.038912,
"cgal_convex_hull": 0.021312,
"total": 1820.21
}