{
"n": 805306368,
"size": 147,
"hull": 21,
"seed": 0,
"copy2device": 0,
"find_extremes": 305.119,
"find_corners": 505.967,
"find_points_in_Q": 0,
"compaction": 1160.23,
"copy2host": 0,
"filter": 1971.36,
"delete": 0,
"preparation": 0.028672,
"cgal_convex_hull": 0.017408,
"total": 1971.38
}