{
"n": 1040187392,
"size": 237,
"hull": 22,
"seed": 0,
"copy2device": 0,
"find_extremes": 402.131,
"find_corners": 747.794,
"find_points_in_Q": 0,
"compaction": 1750.71,
"copy2host": 0,
"filter": 2900.68,
"delete": 0,
"preparation": 0.043008,
"cgal_convex_hull": 0.023648,
"total": 2900.71
}