{
"n": 905969664,
"size": 259,
"hull": 24,
"seed": 0,
"copy2device": 0,
"find_extremes": 283.667,
"find_corners": 788.021,
"find_points_in_Q": 0,
"compaction": 1195.39,
"copy2host": 0,
"filter": 2267.12,
"delete": 0,
"preparation": 0.032768,
"cgal_convex_hull": 0.027648,
"total": 2267.15
}