{
"n": 939524096,
"size": 242,
"hull": 22,
"seed": 0,
"copy2device": 0,
"find_extremes": 343.361,
"find_corners": 657.081,
"find_points_in_Q": 0,
"compaction": 1403.52,
"copy2host": 0,
"filter": 2404.01,
"delete": 0,
"preparation": 0.030464,
"cgal_convex_hull": 0.024768,
"total": 2404.03
}