{
"n": 436207616,
"size": 141,
"hull": 24,
"seed": 0,
"copy2device": 0,
"find_extremes": 136.136,
"find_corners": 294.581,
"find_points_in_Q": 0,
"compaction": 481.289,
"copy2host": 0,
"filter": 912.039,
"delete": 0,
"preparation": 0.011328,
"cgal_convex_hull": 0.016384,
"total": 912.055
}