{
"n": 1006632960,
"size": 167,
"hull": 21,
"seed": 0,
"copy2device": 0,
"find_extremes": 311.452,
"find_corners": 629.988,
"find_points_in_Q": 0,
"compaction": 1617.05,
"copy2host": 0,
"filter": 2558.53,
"delete": 0,
"preparation": 0.018432,
"cgal_convex_hull": 0.019296,
"total": 2558.55
}