{
"n": 335544320,
"size": 178,
"hull": 21,
"seed": 0,
"copy2device": 0,
"find_extremes": 105.813,
"find_corners": 215.329,
"find_points_in_Q": 0,
"compaction": 524.428,
"copy2host": 0,
"filter": 845.612,
"delete": 0,
"preparation": 0.019456,
"cgal_convex_hull": 0.022528,
"total": 845.634
}