{
"n": 570425344,
"size": 528,
"hull": 20,
"seed": 0,
"copy2device": 0,
"find_extremes": 177.245,
"find_corners": 497.266,
"find_points_in_Q": 0,
"compaction": 499.616,
"copy2host": 0,
"filter": 1174.18,
"delete": 0,
"preparation": 0.043008,
"cgal_convex_hull": 0.048064,
"total": 1174.23
}