{
"n": 603979776,
"size": 229,
"hull": 28,
"seed": 0,
"copy2device": 0,
"find_extremes": 221.991,
"find_corners": 422.366,
"find_points_in_Q": 0,
"compaction": 783.924,
"copy2host": 0,
"filter": 1428.33,
"delete": 0,
"preparation": 0.029472,
"cgal_convex_hull": 0.026688,
"total": 1428.35
}