{
"n": 939524096,
"size": 141,
"hull": 19,
"seed": 0,
"copy2device": 0,
"find_extremes": 294.132,
"find_corners": 602.692,
"find_points_in_Q": 0,
"compaction": 1446.75,
"copy2host": 0,
"filter": 2343.62,
"delete": 0,
"preparation": 0.018432,
"cgal_convex_hull": 0.016384,
"total": 2343.64
}