{
"n": 637534208,
"size": 217,
"hull": 19,
"seed": 0,
"copy2device": 0,
"find_extremes": 241.095,
"find_corners": 433.031,
"find_points_in_Q": 0,
"compaction": 832.092,
"copy2host": 0,
"filter": 1506.26,
"delete": 0,
"preparation": 0.036864,
"cgal_convex_hull": 0.022528,
"total": 1506.28
}