{
"n": 872415232,
"size": 128,
"hull": 25,
"seed": 0,
"copy2device": 0,
"find_extremes": 273.697,
"find_corners": 559.242,
"find_points_in_Q": 0,
"compaction": 1230.49,
"copy2host": 0,
"filter": 2063.46,
"delete": 0,
"preparation": 0.014464,
"cgal_convex_hull": 0.018432,
"total": 2063.48
}