{
"n": 671088640,
"size": 560,
"hull": 23,
"seed": 0,
"copy2device": 0,
"find_extremes": 214.399,
"find_corners": 440.694,
"find_points_in_Q": 0,
"compaction": 794.931,
"copy2host": 0,
"filter": 1450.07,
"delete": 0,
"preparation": 0.038912,
"cgal_convex_hull": 0.044032,
"total": 1450.11
}