{
"n": 838860800,
"size": 240,
"hull": 22,
"seed": 0,
"copy2device": 0,
"find_extremes": 269.502,
"find_corners": 760.845,
"find_points_in_Q": 0,
"compaction": 858.992,
"copy2host": 0,
"filter": 1889.39,
"delete": 0,
"preparation": 0.024576,
"cgal_convex_hull": 0.028704,
"total": 1889.42
}