{
"n": 838860800,
"size": 126,
"hull": 24,
"seed": 0,
"copy2device": 0,
"find_extremes": 334.909,
"find_corners": 731.109,
"find_points_in_Q": 0,
"compaction": 1406.71,
"copy2host": 0,
"filter": 2472.77,
"delete": 0,
"preparation": 0.023552,
"cgal_convex_hull": 0.016384,
"total": 2472.79
}