{
"n": 838860800,
"size": 224,
"hull": 20,
"seed": 0,
"copy2device": 0,
"find_extremes": 262.756,
"find_corners": 610.102,
"find_points_in_Q": 0,
"compaction": 1356.14,
"copy2host": 0,
"filter": 2229.04,
"delete": 0,
"preparation": 0.025632,
"cgal_convex_hull": 0.023648,
"total": 2229.06
}