{
"n": 771751936,
"size": 155,
"hull": 15,
"seed": 0,
"copy2device": 0,
"find_extremes": 241.902,
"find_corners": 696.207,
"find_points_in_Q": 0,
"compaction": 1092.12,
"copy2host": 0,
"filter": 2030.27,
"delete": 0,
"preparation": 0.022624,
"cgal_convex_hull": 0.017408,
"total": 2030.29
}