{
"n": 100663296,
"size": 132,
"hull": 20,
"seed": 0,
"copy2device": 0,
"find_extremes": 31.0949,
"find_corners": 87.4537,
"find_points_in_Q": 0,
"compaction": 115.374,
"copy2host": 0,
"filter": 233.955,
"delete": 0,
"preparation": 0.009216,
"cgal_convex_hull": 0.013312,
"total": 233.968
}