{
"n": 671088640,
"size": 167,
"hull": 21,
"seed": 0,
"copy2device": 467.438,
"find_extremes": 33.9829,
"find_corners": 67.5194,
"find_points_in_Q": 0.001984,
"compaction": 15.7015,
"copy2host": 0.015616,
"filter": 117.261,
"delete": 0,
"preparation": 0.004896,
"cgal_convex_hull": 0.016448,
"total": 117.278
}