{
"n": 671088640,
"size": 182,
"hull": 24,
"seed": 0,
"copy2device": 459.861,
"find_extremes": 32.0962,
"find_corners": 67.4324,
"find_points_in_Q": 0.002048,
"compaction": 15.6555,
"copy2host": 0.01456,
"filter": 115.24,
"delete": 0,
"preparation": 0.0032,
"cgal_convex_hull": 0.022272,
"total": 115.262
}