{
"n": 1040187392,
"size": 113,
"hull": 21,
"seed": 0,
"copy2device": 856.203,
"find_extremes": 28.4849,
"find_corners": 103.84,
"find_points_in_Q": 19.9894,
"compaction": 18.2297,
"copy2host": 0.014048,
"filter": 170.58,
"delete": 0,
"preparation": 0.013312,
"cgal_convex_hull": 0.014048,
"total": 170.594
}