{
"n": 603979776,
"size": 109,
"hull": 22,
"seed": 0,
"copy2device": 462.863,
"find_extremes": 16.8323,
"find_corners": 60.6996,
"find_points_in_Q": 11.8994,
"compaction": 10.7124,
"copy2host": 0.011872,
"filter": 100.178,
"delete": 0,
"preparation": 0.011168,
"cgal_convex_hull": 0.01392,
"total": 100.192
}