{
"n": 402653184,
"size": 177,
"hull": 16,
"seed": 0,
"copy2device": 274.54,
"find_extremes": 19.6551,
"find_corners": 40.7479,
"find_points_in_Q": 0.002048,
"compaction": 9.45062,
"copy2host": 0.014752,
"filter": 69.9082,
"delete": 0,
"preparation": 0.0032,
"cgal_convex_hull": 0.01568,
"total": 69.9239
}