{
"n": 167772160,
"size": 54,
"hull": 16,
"seed": 0,
"copy2device": 111.96,
"find_extremes": 8.66304,
"find_corners": 17.3169,
"find_points_in_Q": 0.002048,
"compaction": 4.04106,
"copy2host": 0.013792,
"filter": 30.0733,
"delete": 0,
"preparation": 0.002464,
"cgal_convex_hull": 0.009472,
"total": 30.0828
}