{
"n": 603979776,
"size": 243,
"hull": 28,
"seed": 0,
"copy2device": 416.96,
"find_extremes": 29.1086,
"find_corners": 60.6341,
"find_points_in_Q": 0.001024,
"compaction": 14.1056,
"copy2host": 0.014816,
"filter": 103.904,
"delete": 0,
"preparation": 0.003648,
"cgal_convex_hull": 0.019968,
"total": 103.924
}