{
"n": 369098752,
"size": 211,
"hull": 23,
"seed": 0,
"copy2device": 251.343,
"find_extremes": 18.065,
"find_corners": 37.4999,
"find_points_in_Q": 0.001024,
"compaction": 8.68266,
"copy2host": 0.014272,
"filter": 64.3006,
"delete": 0,
"preparation": 0.002848,
"cgal_convex_hull": 0.017632,
"total": 64.3183
}