{
"n": 100663296,
"size": 96,
"hull": 23,
"seed": 0,
"copy2device": 65.4019,
"find_extremes": 5.47827,
"find_corners": 10.6342,
"find_points_in_Q": 0.001024,
"compaction": 2.48285,
"copy2host": 0.013568,
"filter": 18.6458,
"delete": 0,
"preparation": 0.002336,
"cgal_convex_hull": 0.013024,
"total": 18.6588
}