{
"n": 771751936,
"size": 152,
"hull": 19,
"seed": 0,
"copy2device": 644.344,
"find_extremes": 21.4747,
"find_corners": 76.688,
"find_points_in_Q": 15.149,
"compaction": 13.6767,
"copy2host": 0.01104,
"filter": 127.024,
"delete": 0,
"preparation": 0.015008,
"cgal_convex_hull": 0.015776,
"total": 127.04
}