{
"n": 335544320,
"size": 113,
"hull": 19,
"seed": 0,
"copy2device": 228.104,
"find_extremes": 16.4275,
"find_corners": 34.0736,
"find_points_in_Q": 0.001024,
"compaction": 7.92365,
"copy2host": 0.01376,
"filter": 58.4777,
"delete": 0,
"preparation": 0.002272,
"cgal_convex_hull": 0.015104,
"total": 58.4928
}