{
"n": 1006632960,
"size": 76,
"hull": 18,
"seed": 0,
"copy2device": 832.986,
"find_extremes": 27.6024,
"find_corners": 100.069,
"find_points_in_Q": 20.0613,
"compaction": 17.6705,
"copy2host": 0.014368,
"filter": 165.444,
"delete": 0,
"preparation": 0.016704,
"cgal_convex_hull": 0.011232,
"total": 165.456
}