{
"n": 1040187392,
"size": 134,
"hull": 20,
"seed": 0,
"copy2device": 717.703,
"find_extremes": 49.4963,
"find_corners": 104.541,
"find_points_in_Q": 0.001888,
"compaction": 24.1104,
"copy2host": 0.015168,
"filter": 178.206,
"delete": 0,
"preparation": 0.003488,
"cgal_convex_hull": 0.01376,
"total": 178.22
}