{
"n": 637534208,
"size": 140,
"hull": 26,
"seed": 0,
"copy2device": 437.75,
"find_extremes": 30.6411,
"find_corners": 64.1987,
"find_points_in_Q": 0.002048,
"compaction": 14.8629,
"copy2host": 0.013984,
"filter": 109.759,
"delete": 0,
"preparation": 0.003584,
"cgal_convex_hull": 0.015328,
"total": 109.775
}