{
"n": 503316480,
"size": 136,
"hull": 17,
"seed": 0,
"copy2device": 418.445,
"find_extremes": 14.3349,
"find_corners": 50.3519,
"find_points_in_Q": 10.0755,
"compaction": 8.99526,
"copy2host": 0.014656,
"filter": 83.7947,
"delete": 0,
"preparation": 0.01376,
"cgal_convex_hull": 0.015264,
"total": 83.81
}