{
"n": 1040187392,
"size": 147,
"hull": 23,
"seed": 0,
"copy2device": 856.471,
"find_extremes": 28.6513,
"find_corners": 103.616,
"find_points_in_Q": 20.2064,
"compaction": 18.4219,
"copy2host": 0.011424,
"filter": 170.933,
"delete": 0,
"preparation": 0.016384,
"cgal_convex_hull": 0.015136,
"total": 170.948
}