{
"n": 167772160,
"size": 107,
"hull": 21,
"seed": 0,
"copy2device": 112.019,
"find_extremes": 8.67766,
"find_corners": 17.3578,
"find_points_in_Q": 0.001024,
"compaction": 4.07347,
"copy2host": 0.013696,
"filter": 30.1612,
"delete": 0,
"preparation": 0.00272,
"cgal_convex_hull": 0.011904,
"total": 30.1731
}