{
"n": 167772160,
"size": 208,
"hull": 23,
"seed": 0,
"copy2device": 111.9,
"find_extremes": 8.65882,
"find_corners": 17.3527,
"find_points_in_Q": 0.001952,
"compaction": 4.03462,
"copy2host": 0.014048,
"filter": 30.0998,
"delete": 0,
"preparation": 0.002624,
"cgal_convex_hull": 0.016672,
"total": 30.1164
}