{
"n": 436207616,
"size": 147,
"hull": 24,
"seed": 0,
"copy2device": 330.625,
"find_extremes": 12.4605,
"find_corners": 43.9845,
"find_points_in_Q": 8.69475,
"compaction": 7.68042,
"copy2host": 0.011616,
"filter": 72.8521,
"delete": 0,
"preparation": 0.012096,
"cgal_convex_hull": 0.015936,
"total": 72.8681
}