{
"n": 536870912,
"size": 121,
"hull": 21,
"seed": 0,
"copy2device": 367.382,
"find_extremes": 25.9326,
"find_corners": 54.2627,
"find_points_in_Q": 0.002048,
"compaction": 12.544,
"copy2host": 0.014496,
"filter": 92.7937,
"delete": 0,
"preparation": 0.007328,
"cgal_convex_hull": 0.013504,
"total": 92.8072
}