{
"n": 671088640,
"size": 162,
"hull": 20,
"seed": 0,
"copy2device": 518.214,
"find_extremes": 18.7624,
"find_corners": 66.9124,
"find_points_in_Q": 13.2859,
"compaction": 11.8872,
"copy2host": 0.014432,
"filter": 110.882,
"delete": 0,
"preparation": 0.035488,
"cgal_convex_hull": 0.016128,
"total": 110.898
}