{
"n": 939524096,
"size": 349,
"hull": 27,
"seed": 0,
"copy2device": 772.095,
"find_extremes": 26.0278,
"find_corners": 93.8188,
"find_points_in_Q": 18.1524,
"compaction": 16.4801,
"copy2host": 0.013792,
"filter": 154.516,
"delete": 0,
"preparation": 0.03184,
"cgal_convex_hull": 0.028192,
"total": 154.544
}