{
"n": 536870912,
"size": 144,
"hull": 18,
"seed": 0,
"copy2device": 410.397,
"find_extremes": 15.1628,
"find_corners": 53.8671,
"find_points_in_Q": 10.6568,
"compaction": 9.55158,
"copy2host": 0.012064,
"filter": 89.2721,
"delete": 0,
"preparation": 0.016224,
"cgal_convex_hull": 0.014528,
"total": 89.2867
}