{
"n": 704643072,
"size": 214,
"hull": 28,
"seed": 0,
"copy2device": 540.539,
"find_extremes": 19.7257,
"find_corners": 70.4568,
"find_points_in_Q": 13.889,
"compaction": 12.4927,
"copy2host": 0.014336,
"filter": 116.599,
"delete": 0,
"preparation": 0.0328,
"cgal_convex_hull": 0.019808,
"total": 116.619
}