{
"n": 503316480,
"size": 165,
"hull": 19,
"seed": 0,
"copy2device": 344.274,
"find_extremes": 24.3764,
"find_corners": 50.69,
"find_points_in_Q": 0.001024,
"compaction": 11.8538,
"copy2host": 0.015232,
"filter": 86.9756,
"delete": 0,
"preparation": 0.002624,
"cgal_convex_hull": 0.015296,
"total": 86.9909
}