{
"n": 671088640,
"size": 167,
"hull": 18,
"seed": 0,
"copy2device": 567.489,
"find_extremes": 18.8014,
"find_corners": 66.8465,
"find_points_in_Q": 13.158,
"compaction": 11.9,
"copy2host": 0.01232,
"filter": 110.738,
"delete": 0,
"preparation": 0.015232,
"cgal_convex_hull": 0.016128,
"total": 110.754
}