{
"n": 973078528,
"size": 110,
"hull": 22,
"seed": 0,
"copy2device": 803.516,
"find_extremes": 26.8477,
"find_corners": 96.3753,
"find_points_in_Q": 18.8556,
"compaction": 17.1231,
"copy2host": 0.012416,
"filter": 159.236,
"delete": 0,
"preparation": 0.012864,
"cgal_convex_hull": 0.013632,
"total": 159.249
}