{
"n": 134217728,
"size": 163,
"hull": 23,
"seed": 0,
"copy2device": 95.3985,
"find_extremes": 4.24973,
"find_corners": 14.0559,
"find_points_in_Q": 2.80522,
"compaction": 2.52282,
"copy2host": 0.01056,
"filter": 23.6651,
"delete": 0,
"preparation": 0.013664,
"cgal_convex_hull": 0.015936,
"total": 23.681
}