{
"n": 335544320,
"size": 53,
"hull": 17,
"seed": 0,
"copy2device": 227.995,
"find_extremes": 16.5139,
"find_corners": 34.1258,
"find_points_in_Q": 0.002048,
"compaction": 7.91882,
"copy2host": 0.014016,
"filter": 58.6109,
"delete": 0,
"preparation": 0.002304,
"cgal_convex_hull": 0.010048,
"total": 58.6209
}