{
"n": 838860800,
"size": 70,
"hull": 18,
"seed": 0,
"copy2device": 699.89,
"find_extremes": 23.253,
"find_corners": 83.6963,
"find_points_in_Q": 16.421,
"compaction": 14.8175,
"copy2host": 0.010464,
"filter": 138.223,
"delete": 0,
"preparation": 0.009536,
"cgal_convex_hull": 0.011328,
"total": 138.234
}