{
"n": 67108864,
"size": 166,
"hull": 19,
"seed": 0,
"copy2device": 43.2839,
"find_extremes": 3.93786,
"find_corners": 7.30419,
"find_points_in_Q": 0.002048,
"compaction": 1.7239,
"copy2host": 0.014112,
"filter": 13.0173,
"delete": 0,
"preparation": 0.002432,
"cgal_convex_hull": 0.015744,
"total": 13.0331
}