{
"n": 905969664,
"size": 108,
"hull": 20,
"seed": 0,
"copy2device": 626.656,
"find_extremes": 43.2502,
"find_corners": 90.8984,
"find_points_in_Q": 0.001024,
"compaction": 21.0226,
"copy2host": 0.014496,
"filter": 155.228,
"delete": 0,
"preparation": 0.002944,
"cgal_convex_hull": 0.012768,
"total": 155.24
}