{
"n": 100663296,
"size": 148,
"hull": 22,
"seed": 0,
"copy2device": 64.7865,
"find_extremes": 5.50541,
"find_corners": 10.6619,
"find_points_in_Q": 0.001024,
"compaction": 2.49654,
"copy2host": 0.014464,
"filter": 18.7158,
"delete": 0,
"preparation": 0.003072,
"cgal_convex_hull": 0.014496,
"total": 18.7303
}