{
"n": 872415232,
"size": 99,
"hull": 23,
"seed": 0,
"copy2device": 723.435,
"find_extremes": 23.9946,
"find_corners": 86.9872,
"find_points_in_Q": 16.8292,
"compaction": 15.3652,
"copy2host": 0.013568,
"filter": 143.212,
"delete": 0,
"preparation": 0.011424,
"cgal_convex_hull": 0.013632,
"total": 143.225
}