{
"n": 637534208,
"size": 107,
"hull": 22,
"seed": 0,
"copy2device": 539.021,
"find_extremes": 17.8889,
"find_corners": 63.958,
"find_points_in_Q": 12.4409,
"compaction": 11.3194,
"copy2host": 0.012736,
"filter": 105.647,
"delete": 0,
"preparation": 0.011456,
"cgal_convex_hull": 0.013664,
"total": 105.661
}