{
"n": 369098752,
"size": 275,
"hull": 24,
"seed": 0,
"copy2device": 251.09,
"find_extremes": 18.1411,
"find_corners": 37.4806,
"find_points_in_Q": 0.001024,
"compaction": 8.69325,
"copy2host": 0.015008,
"filter": 64.3707,
"delete": 0,
"preparation": 0.01104,
"cgal_convex_hull": 0.018848,
"total": 64.3895
}