{
"n": 1073741824,
"size": 361,
"hull": 24,
"seed": 0,
"copy2device": 741.291,
"find_extremes": 51.0702,
"find_corners": 107.189,
"find_points_in_Q": 0.001024,
"compaction": 24.8969,
"copy2host": 0.01632,
"filter": 183.216,
"delete": 0,
"preparation": 0.003776,
"cgal_convex_hull": 0.025216,
"total": 183.241
}