{
"n": 1006632960,
"size": 88,
"hull": 19,
"seed": 0,
"copy2device": 830.067,
"find_extremes": 27.7637,
"find_corners": 100.482,
"find_points_in_Q": 20.1848,
"compaction": 17.664,
"copy2host": 0.012288,
"filter": 166.131,
"delete": 0,
"preparation": 0.01072,
"cgal_convex_hull": 0.0128,
"total": 166.144
}