{
"n": 905969664,
"size": 47,
"hull": 19,
"seed": 0,
"copy2device": 623.034,
"find_extremes": 43.2276,
"find_corners": 90.8605,
"find_points_in_Q": 0.001984,
"compaction": 21.0552,
"copy2host": 0.013824,
"filter": 155.201,
"delete": 0,
"preparation": 0.002272,
"cgal_convex_hull": 0.009952,
"total": 155.211
}