{
"n": 167772160,
"size": 161,
"hull": 28,
"seed": 0,
"copy2device": 120.898,
"find_extremes": 5.10682,
"find_corners": 17.4204,
"find_points_in_Q": 3.48966,
"compaction": 3.06835,
"copy2host": 0.0112,
"filter": 29.1178,
"delete": 0,
"preparation": 0.012416,
"cgal_convex_hull": 0.015488,
"total": 29.1332
}