{
"n": 100663296,
"size": 102,
"hull": 23,
"seed": 0,
"copy2device": 65.522,
"find_extremes": 5.50109,
"find_corners": 10.666,
"find_points_in_Q": 0.001888,
"compaction": 2.50115,
"copy2host": 0.01376,
"filter": 18.7205,
"delete": 0,
"preparation": 0.002624,
"cgal_convex_hull": 0.012672,
"total": 18.7332
}