{
"n": 268435456,
"size": 131,
"hull": 24,
"seed": 0,
"copy2device": 199.35,
"find_extremes": 7.90765,
"find_corners": 27.4042,
"find_points_in_Q": 5.42064,
"compaction": 4.85936,
"copy2host": 0.012672,
"filter": 45.6249,
"delete": 0,
"preparation": 0.0112,
"cgal_convex_hull": 0.013152,
"total": 45.6381
}