{
"n": 402653184,
"size": 131,
"hull": 18,
"seed": 0,
"copy2device": 304.093,
"find_extremes": 11.6164,
"find_corners": 40.7053,
"find_points_in_Q": 8.14624,
"compaction": 7.12803,
"copy2host": 0.012,
"filter": 67.6311,
"delete": 0,
"preparation": 0.012096,
"cgal_convex_hull": 0.014688,
"total": 67.6458
}