{
"n": 771751936,
"size": 133,
"hull": 25,
"seed": 0,
"copy2device": 581.449,
"find_extremes": 36.9903,
"find_corners": 77.6111,
"find_points_in_Q": 0.001952,
"compaction": 17.9317,
"copy2host": 0.014912,
"filter": 132.591,
"delete": 0,
"preparation": 0.004832,
"cgal_convex_hull": 0.014048,
"total": 132.605
}