{
"n": 872415232,
"size": 185,
"hull": 22,
"seed": 0,
"copy2device": 781.068,
"find_extremes": 24.1156,
"find_corners": 87.3798,
"find_points_in_Q": 16.8854,
"compaction": 15.3119,
"copy2host": 0.012672,
"filter": 143.728,
"delete": 0,
"preparation": 0.019168,
"cgal_convex_hull": 0.020128,
"total": 143.748
}