{
"n": 402653184,
"size": 116,
"hull": 19,
"seed": 0,
"copy2device": 304.976,
"find_extremes": 11.5856,
"find_corners": 40.9522,
"find_points_in_Q": 8.20682,
"compaction": 7.13981,
"copy2host": 0.01168,
"filter": 67.9224,
"delete": 0,
"preparation": 0.010368,
"cgal_convex_hull": 0.014464,
"total": 67.9369
}