{
"n": 1006632960,
"size": 165,
"hull": 24,
"seed": 0,
"copy2device": 693.187,
"find_extremes": 47.9492,
"find_corners": 100.848,
"find_points_in_Q": 0.00192,
"compaction": 23.4122,
"copy2host": 0.015456,
"filter": 172.268,
"delete": 0,
"preparation": 0.003104,
"cgal_convex_hull": 0.016064,
"total": 172.284
}