{
"n": 469762048,
"size": 420,
"hull": 22,
"seed": 0,
"copy2device": 320.953,
"find_extremes": 22.7851,
"find_corners": 47.3619,
"find_points_in_Q": 0.001024,
"compaction": 11.0173,
"copy2host": 0.015392,
"filter": 81.2191,
"delete": 0,
"preparation": 0.010784,
"cgal_convex_hull": 0.027616,
"total": 81.2468
}