{
"n": 872415232,
"size": 144,
"hull": 19,
"seed": 0,
"copy2device": 600.089,
"find_extremes": 41.6829,
"find_corners": 87.596,
"find_points_in_Q": 0.002048,
"compaction": 20.2347,
"copy2host": 0.014336,
"filter": 149.57,
"delete": 0,
"preparation": 0.002784,
"cgal_convex_hull": 0.014656,
"total": 149.584
}