{
"n": 637534208,
"size": 228,
"hull": 21,
"seed": 0,
"copy2device": 489.166,
"find_extremes": 17.8612,
"find_corners": 64.1542,
"find_points_in_Q": 12.8551,
"compaction": 11.3522,
"copy2host": 0.010848,
"filter": 106.261,
"delete": 0,
"preparation": 0.01824,
"cgal_convex_hull": 0.019968,
"total": 106.281
}