{
"n": 469762048,
"size": 86,
"hull": 20,
"seed": 0,
"copy2device": 320.896,
"find_extremes": 22.8196,
"find_corners": 47.446,
"find_points_in_Q": 0.001024,
"compaction": 11.0153,
"copy2host": 0.013888,
"filter": 81.3355,
"delete": 0,
"preparation": 0.002496,
"cgal_convex_hull": 0.012096,
"total": 81.3476
}