{
"n": 201326592,
"size": 480,
"hull": 20,
"seed": 0,
"copy2device": 146.417,
"find_extremes": 6.1297,
"find_corners": 20.8903,
"find_points_in_Q": 4.18038,
"compaction": 3.66515,
"copy2host": 0.011744,
"filter": 34.8948,
"delete": 0,
"preparation": 0.02864,
"cgal_convex_hull": 0.030368,
"total": 34.9251
}