{
"n": 301989888,
"size": 264,
"hull": 19,
"seed": 0,
"copy2device": 204.77,
"find_extremes": 14.9214,
"find_corners": 30.7825,
"find_points_in_Q": 0.002048,
"compaction": 7.14013,
"copy2host": 0.015232,
"filter": 52.8977,
"delete": 0,
"preparation": 0.003616,
"cgal_convex_hull": 0.02048,
"total": 52.9181
}