{
"n": 67108864,
"size": 982,
"hull": 24,
"seed": 0,
"copy2device": 42.2317,
"find_extremes": 3.9473,
"find_corners": 7.33491,
"find_points_in_Q": 0.001952,
"compaction": 1.72531,
"copy2host": 0.015264,
"filter": 13.0614,
"delete": 0,
"preparation": 0.0056,
"cgal_convex_hull": 0.045856,
"total": 13.1072
}