{
"n": 570425344,
"size": 262,
"hull": 21,
"seed": 0,
"copy2device": 390.259,
"find_extremes": 27.4979,
"find_corners": 57.5949,
"find_points_in_Q": 0.001024,
"compaction": 13.3368,
"copy2host": 0.015104,
"filter": 98.4857,
"delete": 0,
"preparation": 0.003264,
"cgal_convex_hull": 0.020736,
"total": 98.5064
}