{
"n": 134217728,
"size": 213,
"hull": 19,
"seed": 0,
"copy2device": 88.7218,
"find_extremes": 7.06448,
"find_corners": 13.9878,
"find_points_in_Q": 0.001024,
"compaction": 3.25949,
"copy2host": 0.014304,
"filter": 24.3647,
"delete": 0,
"preparation": 0.003232,
"cgal_convex_hull": 0.0168,
"total": 24.3815
}