{
"n": 503316480,
"size": 52,
"hull": 19,
"seed": 0,
"copy2device": 346.816,
"find_extremes": 24.4847,
"find_corners": 50.8252,
"find_points_in_Q": 0.006144,
"compaction": 11.8058,
"copy2host": 0.01712,
"filter": 87.1793,
"delete": 0,
"preparation": 0.0024,
"cgal_convex_hull": 0.011808,
"total": 87.1911
}