{
"n": 436207616,
"size": 353,
"hull": 24,
"seed": 0,
"copy2device": 297.868,
"find_extremes": 21.2134,
"find_corners": 44.2081,
"find_points_in_Q": 0.002048,
"compaction": 10.2074,
"copy2host": 0.013344,
"filter": 75.6828,
"delete": 0,
"preparation": 0.00992,
"cgal_convex_hull": 0.025984,
"total": 75.7088
}