{
"n": 536870912,
"size": 258,
"hull": 18,
"seed": 0,
"copy2device": 463.403,
"find_extremes": 15.1749,
"find_corners": 53.6799,
"find_points_in_Q": 10.6175,
"compaction": 9.52381,
"copy2host": 0.014112,
"filter": 89.0301,
"delete": 0,
"preparation": 0.0208,
"cgal_convex_hull": 0.021696,
"total": 89.0518
}