{
"n": 134217728,
"size": 75,
"hull": 22,
"seed": 0,
"copy2device": 95.4305,
"find_extremes": 4.23706,
"find_corners": 14.0023,
"find_points_in_Q": 2.82624,
"compaction": 2.50819,
"copy2host": 0.012224,
"filter": 23.6033,
"delete": 0,
"preparation": 0.00784,
"cgal_convex_hull": 0.012128,
"total": 23.6154
}