{
"n": 402653184,
"size": 66,
"hull": 19,
"seed": 0,
"copy2device": 304.377,
"find_extremes": 11.519,
"find_corners": 40.5901,
"find_points_in_Q": 8.16128,
"compaction": 7.15082,
"copy2host": 0.01152,
"filter": 67.4538,
"delete": 0,
"preparation": 0.008,
"cgal_convex_hull": 0.010336,
"total": 67.4642
}