{
"n": 67108864,
"size": 175,
"hull": 21,
"seed": 0,
"copy2device": 42.2321,
"find_extremes": 3.9249,
"find_corners": 7.32262,
"find_points_in_Q": 0.002048,
"compaction": 1.7184,
"copy2host": 0.019808,
"filter": 13.0241,
"delete": 0,
"preparation": 0.002496,
"cgal_convex_hull": 0.014432,
"total": 13.0385
}