{
"n": 1073741824,
"size": 180,
"hull": 19,
"seed": 0,
"copy2device": 897.082,
"find_extremes": 29.5544,
"find_corners": 106.574,
"find_points_in_Q": 20.9188,
"compaction": 18.8897,
"copy2host": 0.013664,
"filter": 175.973,
"delete": 0,
"preparation": 0.031392,
"cgal_convex_hull": 0.017216,
"total": 175.99
}