{
"n": 33554432,
"size": 149,
"hull": 20,
"seed": 0,
"copy2device": 50.3925,
"find_extremes": 1.58614,
"find_corners": 3.94211,
"find_points_in_Q": 0.7592,
"compaction": 0.74928,
"copy2host": 0.010016,
"filter": 7.06618,
"delete": 0,
"preparation": 0.013152,
"cgal_convex_hull": 0.016512,
"total": 7.08269
}