{
"n": 603979776,
"size": 316,
"hull": 21,
"seed": 0,
"copy2device": 462.2,
"find_extremes": 16.9664,
"find_corners": 60.3786,
"find_points_in_Q": 11.9562,
"compaction": 10.7192,
"copy2host": 0.01232,
"filter": 100.055,
"delete": 0,
"preparation": 0.021344,
"cgal_convex_hull": 0.0232,
"total": 100.078
}