{
"n": 738197504,
"size": 190,
"hull": 20,
"seed": 0,
"copy2device": 559.652,
"find_extremes": 35.4077,
"find_corners": 74.2687,
"find_points_in_Q": 0.001024,
"compaction": 17.2105,
"copy2host": 0.01776,
"filter": 126.948,
"delete": 0,
"preparation": 0.004384,
"cgal_convex_hull": 0.0168,
"total": 126.964
}