{
"n": 738197504,
"size": 210,
"hull": 21,
"seed": 0,
"copy2device": 506.279,
"find_extremes": 35.3949,
"find_corners": 74.07,
"find_points_in_Q": 0.002048,
"compaction": 17.223,
"copy2host": 0.015424,
"filter": 126.744,
"delete": 0,
"preparation": 0.003296,
"cgal_convex_hull": 0.018272,
"total": 126.763
}