{
"n": 939524096,
"size": 110,
"hull": 22,
"seed": 0,
"copy2device": 698.783,
"find_extremes": 44.8378,
"find_corners": 94.4908,
"find_points_in_Q": 0.002048,
"compaction": 21.7708,
"copy2host": 0.014304,
"filter": 161.157,
"delete": 0,
"preparation": 0.002624,
"cgal_convex_hull": 0.015488,
"total": 161.173
}