{
"n": 134217728,
"size": 79,
"hull": 20,
"seed": 0,
"copy2device": 95.4182,
"find_extremes": 4.22035,
"find_corners": 13.9949,
"find_points_in_Q": 2.80189,
"compaction": 2.49517,
"copy2host": 0.010272,
"filter": 23.5428,
"delete": 0,
"preparation": 0.00784,
"cgal_convex_hull": 0.011872,
"total": 23.5546
}