{
"n": 436207616,
"size": 172,
"hull": 24,
"seed": 0,
"copy2device": 297.707,
"find_extremes": 21.186,
"find_corners": 44.118,
"find_points_in_Q": 0.002048,
"compaction": 10.2744,
"copy2host": 0.014496,
"filter": 75.6343,
"delete": 0,
"preparation": 0.005664,
"cgal_convex_hull": 0.01616,
"total": 75.6505
}