{
"n": 805306368,
"size": 143,
"hull": 22,
"seed": 0,
"copy2device": 603.563,
"find_extremes": 38.5088,
"find_corners": 80.7639,
"find_points_in_Q": 0.001024,
"compaction": 18.756,
"copy2host": 0.015104,
"filter": 138.087,
"delete": 0,
"preparation": 0.006336,
"cgal_convex_hull": 0.015872,
"total": 138.103
}