{
"n": 201326592,
"size": 65,
"hull": 19,
"seed": 0,
"copy2device": 135.029,
"find_extremes": 10.2359,
"find_corners": 20.7225,
"find_points_in_Q": 0.001984,
"compaction": 4.81818,
"copy2host": 0.013536,
"filter": 35.8292,
"delete": 0,
"preparation": 0.002368,
"cgal_convex_hull": 0.011008,
"total": 35.8403
}