{
"n": 838860800,
"size": 105,
"hull": 23,
"seed": 0,
"copy2device": 579.083,
"find_extremes": 40.0467,
"find_corners": 84.2127,
"find_points_in_Q": 0.002048,
"compaction": 19.4689,
"copy2host": 0.013888,
"filter": 143.784,
"delete": 0,
"preparation": 0.002432,
"cgal_convex_hull": 0.013248,
"total": 143.797
}