{
"n": 301989888,
"size": 244,
"hull": 24,
"seed": 0,
"copy2device": 225.662,
"find_extremes": 8.8671,
"find_corners": 30.5828,
"find_points_in_Q": 6.14678,
"compaction": 5.44893,
"copy2host": 0.012832,
"filter": 51.0784,
"delete": 0,
"preparation": 0.017728,
"cgal_convex_hull": 0.021696,
"total": 51.1001
}