{
"n": 503316480,
"size": 97,
"hull": 17,
"seed": 0,
"copy2device": 383.92,
"find_extremes": 14.2682,
"find_corners": 50.4201,
"find_points_in_Q": 9.83773,
"compaction": 8.95427,
"copy2host": 0.011968,
"filter": 83.5129,
"delete": 0,
"preparation": 0.010528,
"cgal_convex_hull": 0.01296,
"total": 83.5259
}