{
"n": 301989888,
"size": 397,
"hull": 24,
"seed": 0,
"copy2device": 204.79,
"find_extremes": 14.9489,
"find_corners": 30.7783,
"find_points_in_Q": 0.002048,
"compaction": 7.12394,
"copy2host": 0.014464,
"filter": 52.9036,
"delete": 0,
"preparation": 0.003744,
"cgal_convex_hull": 0.027808,
"total": 52.9314
}