{
"n": 33554432,
"size": 74,
"hull": 22,
"seed": 0,
"copy2device": 18.1348,
"find_extremes": 1.55712,
"find_corners": 3.9271,
"find_points_in_Q": 0.749984,
"compaction": 0.73024,
"copy2host": 0.009408,
"filter": 6.99328,
"delete": 0,
"preparation": 0.008096,
"cgal_convex_hull": 0.011744,
"total": 7.00502
}