{
"n": 1040187392,
"size": 191,
"hull": 20,
"seed": 0,
"copy2device": 720.459,
"find_extremes": 49.5407,
"find_corners": 104.188,
"find_points_in_Q": 0.001024,
"compaction": 24.1073,
"copy2host": 0.015424,
"filter": 177.895,
"delete": 0,
"preparation": 0.003264,
"cgal_convex_hull": 0.016544,
"total": 177.911
}