{
"n": 603979776,
"size": 239,
"hull": 22,
"seed": 0,
"copy2device": 516.33,
"find_extremes": 16.8636,
"find_corners": 60.5956,
"find_points_in_Q": 11.9228,
"compaction": 10.6936,
"copy2host": 0.012128,
"filter": 100.109,
"delete": 0,
"preparation": 0.018144,
"cgal_convex_hull": 0.019136,
"total": 100.128
}