{
"n": 67108864,
"size": 87,
"hull": 21,
"seed": 0,
"copy2device": 43.2891,
"find_extremes": 3.94102,
"find_corners": 7.33286,
"find_points_in_Q": 0.001024,
"compaction": 1.74611,
"copy2host": 0.013888,
"filter": 13.0723,
"delete": 0,
"preparation": 0.0024,
"cgal_convex_hull": 0.0128,
"total": 13.0851
}