{
"n": 738197504,
"size": 894,
"hull": 26,
"seed": 0,
"copy2device": 509.098,
"find_extremes": 35.5282,
"find_corners": 74.3782,
"find_points_in_Q": 0.002048,
"compaction": 17.2344,
"copy2host": 0.023072,
"filter": 127.206,
"delete": 0,
"preparation": 0.011584,
"cgal_convex_hull": 0.052192,
"total": 127.258
}