{
"n": 436207616,
"size": 155,
"hull": 22,
"seed": 0,
"copy2device": 297.788,
"find_extremes": 21.2455,
"find_corners": 44.2071,
"find_points_in_Q": 0.002048,
"compaction": 10.2224,
"copy2host": 0.01328,
"filter": 75.7275,
"delete": 0,
"preparation": 0.003008,
"cgal_convex_hull": 0.0144,
"total": 75.7419
}