{
"n": 369098752,
"size": 226,
"hull": 21,
"seed": 0,
"copy2device": 251.229,
"find_extremes": 18.1996,
"find_corners": 37.4568,
"find_points_in_Q": 0.002048,
"compaction": 8.73488,
"copy2host": 0.019552,
"filter": 64.4511,
"delete": 0,
"preparation": 0.004192,
"cgal_convex_hull": 0.019552,
"total": 64.4707
}