{
"n": 704643072,
"size": 170,
"hull": 23,
"seed": 0,
"copy2device": 482.874,
"find_extremes": 33.7938,
"find_corners": 70.7359,
"find_points_in_Q": 0.00192,
"compaction": 16.3947,
"copy2host": 0.01584,
"filter": 120.981,
"delete": 0,
"preparation": 0.005408,
"cgal_convex_hull": 0.016576,
"total": 120.998
}