{
"n": 939524096,
"size": 1063,
"hull": 23,
"seed": 0,
"copy2device": 649.346,
"find_extremes": 44.8232,
"find_corners": 94.1742,
"find_points_in_Q": 0.002048,
"compaction": 21.7636,
"copy2host": 0.017344,
"filter": 160.823,
"delete": 0,
"preparation": 0.0064,
"cgal_convex_hull": 0.056608,
"total": 160.88
}