{
"n": 771751936,
"size": 122,
"hull": 24,
"seed": 0,
"copy2device": 529.726,
"find_extremes": 36.9193,
"find_corners": 77.4902,
"find_points_in_Q": 0.00192,
"compaction": 19.7818,
"copy2host": 0.013664,
"filter": 134.247,
"delete": 0,
"preparation": 0.00752,
"cgal_convex_hull": 0.013696,
"total": 134.261
}