{
"n": 973078528,
"size": 163,
"hull": 25,
"seed": 0,
"copy2device": 803.368,
"find_extremes": 26.8595,
"find_corners": 96.1843,
"find_points_in_Q": 18.898,
"compaction": 17.1887,
"copy2host": 0.012416,
"filter": 159.165,
"delete": 0,
"preparation": 0.015456,
"cgal_convex_hull": 0.018016,
"total": 159.183
}