{
"n": 1006632960,
"size": 210,
"hull": 23,
"seed": 0,
"copy2device": 829.9,
"find_extremes": 27.8089,
"find_corners": 100.555,
"find_points_in_Q": 20.1391,
"compaction": 17.666,
"copy2host": 0.014368,
"filter": 166.204,
"delete": 0,
"preparation": 0.028832,
"cgal_convex_hull": 0.019808,
"total": 166.223
}