{
"n": 100663296,
"size": 42,
"hull": 19,
"seed": 0,
"copy2device": 68.9971,
"find_extremes": 3.38579,
"find_corners": 10.6791,
"find_points_in_Q": 2.11232,
"compaction": 1.90099,
"copy2host": 0.010656,
"filter": 18.1086,
"delete": 0,
"preparation": 0.00592,
"cgal_convex_hull": 0.009632,
"total": 18.1183
}