{
"n": 771751936,
"size": 2402,
"hull": 20,
"seed": 0,
"copy2device": 590.222,
"find_extremes": 21.5109,
"find_corners": 76.8403,
"find_points_in_Q": 15.0806,
"compaction": 13.6231,
"copy2host": 0.016128,
"filter": 127.09,
"delete": 0,
"preparation": 0.132096,
"cgal_convex_hull": 0.151488,
"total": 127.242
}