{
"n": 268435456,
"size": 69,
"hull": 21,
"seed": 0,
"copy2device": 210.96,
"find_extremes": 7.95747,
"find_corners": 27.3652,
"find_points_in_Q": 5.47402,
"compaction": 4.83274,
"copy2host": 0.010272,
"filter": 45.6617,
"delete": 0,
"preparation": 0.007584,
"cgal_convex_hull": 0.011328,
"total": 45.673
}