{
"n": 469762048,
"size": 136,
"hull": 24,
"seed": 0,
"copy2device": 357.975,
"find_extremes": 13.2876,
"find_corners": 46.9821,
"find_points_in_Q": 9.27037,
"compaction": 8.33498,
"copy2host": 0.013248,
"filter": 77.9087,
"delete": 0,
"preparation": 0.012224,
"cgal_convex_hull": 0.01488,
"total": 77.9236
}