{
"n": 805306368,
"size": 71,
"hull": 18,
"seed": 0,
"copy2device": 606.021,
"find_extremes": 38.5729,
"find_corners": 80.94,
"find_points_in_Q": 0.002048,
"compaction": 18.7194,
"copy2host": 0.013888,
"filter": 138.289,
"delete": 0,
"preparation": 0.003136,
"cgal_convex_hull": 0.011456,
"total": 138.3
}