{
"n": 872415232,
"size": 116,
"hull": 22,
"seed": 0,
"copy2device": 669.339,
"find_extremes": 24.1837,
"find_corners": 86.6609,
"find_points_in_Q": 16.9343,
"compaction": 15.3471,
"copy2host": 0.011584,
"filter": 143.159,
"delete": 0,
"preparation": 0.01184,
"cgal_convex_hull": 0.01424,
"total": 143.173
}