{
"n": 335544320,
"size": 137,
"hull": 17,
"seed": 0,
"copy2device": 228.222,
"find_extremes": 16.5524,
"find_corners": 34.0787,
"find_points_in_Q": 0.002048,
"compaction": 7.91091,
"copy2host": 0.014272,
"filter": 58.5974,
"delete": 0,
"preparation": 0.003072,
"cgal_convex_hull": 0.013792,
"total": 58.6112
}