{
"n": 67108864,
"size": 94,
"hull": 21,
"seed": 0,
"copy2device": 43.2943,
"find_extremes": 3.91155,
"find_corners": 7.30003,
"find_points_in_Q": 0.002048,
"compaction": 1.7336,
"copy2host": 0.014048,
"filter": 13.0013,
"delete": 0,
"preparation": 0.002272,
"cgal_convex_hull": 0.011648,
"total": 13.013
}