{
"n": 402653184,
"size": 369,
"hull": 22,
"seed": 0,
"copy2device": 274.569,
"find_extremes": 19.6993,
"find_corners": 40.7849,
"find_points_in_Q": 0.002016,
"compaction": 9.4601,
"copy2host": 0.014976,
"filter": 69.9989,
"delete": 0,
"preparation": 0.003808,
"cgal_convex_hull": 0.023328,
"total": 70.0222
}