{
"n": 268435456,
"size": 67,
"hull": 15,
"seed": 0,
"copy2device": 181.57,
"find_extremes": 13.3797,
"find_corners": 27.2762,
"find_points_in_Q": 0.001024,
"compaction": 6.3609,
"copy2host": 0.013792,
"filter": 47.0692,
"delete": 0,
"preparation": 0.002688,
"cgal_convex_hull": 0.009728,
"total": 47.0789
}