{
"n": 1040187392,
"size": 101,
"hull": 23,
"seed": 0,
"copy2device": 717.28,
"find_extremes": 49.5236,
"find_corners": 104.318,
"find_points_in_Q": 0.002048,
"compaction": 24.1537,
"copy2host": 0.013536,
"filter": 178.052,
"delete": 0,
"preparation": 0.003104,
"cgal_convex_hull": 0.012,
"total": 178.064
}