{
"n": 838860800,
"size": 233,
"hull": 23,
"seed": 0,
"copy2device": 576.775,
"find_extremes": 40.0755,
"find_corners": 84.2557,
"find_points_in_Q": 0.002016,
"compaction": 19.4693,
"copy2host": 0.015456,
"filter": 143.859,
"delete": 0,
"preparation": 0.003904,
"cgal_convex_hull": 0.018752,
"total": 143.878
}