{
"n": 201326592,
"size": 59,
"hull": 18,
"seed": 0,
"copy2device": 135.259,
"find_extremes": 10.1988,
"find_corners": 20.7585,
"find_points_in_Q": 0.001024,
"compaction": 4.8303,
"copy2host": 0.013888,
"filter": 35.8404,
"delete": 0,
"preparation": 0.002304,
"cgal_convex_hull": 0.009888,
"total": 35.8503
}