{
"n": 973078528,
"size": 108,
"hull": 25,
"seed": 0,
"copy2device": 802.271,
"find_extremes": 26.6935,
"find_corners": 96.479,
"find_points_in_Q": 18.8693,
"compaction": 17.0779,
"copy2host": 0.011712,
"filter": 159.156,
"delete": 0,
"preparation": 0.012192,
"cgal_convex_hull": 0.016,
"total": 159.172
}