{
"n": 134217728,
"size": 47,
"hull": 17,
"seed": 0,
"copy2device": 88.6086,
"find_extremes": 7.05859,
"find_corners": 14.0268,
"find_points_in_Q": 0.002048,
"compaction": 3.27158,
"copy2host": 0.013888,
"filter": 24.4084,
"delete": 0,
"preparation": 0.002272,
"cgal_convex_hull": 0.008768,
"total": 24.4172
}