{
"n": 234881024,
"size": 35,
"hull": 21,
"seed": 0,
"copy2device": 158.447,
"find_extremes": 11.7378,
"find_corners": 24.0609,
"find_points_in_Q": 0.00192,
"compaction": 5.5944,
"copy2host": 0.014432,
"filter": 41.4462,
"delete": 0,
"preparation": 0.002336,
"cgal_convex_hull": 0.008576,
"total": 41.4548
}