{
"n": 671088640,
"size": 219,
"hull": 22,
"seed": 0,
"copy2device": 525.41,
"find_extremes": 18.7919,
"find_corners": 66.7625,
"find_points_in_Q": 13.269,
"compaction": 11.8885,
"copy2host": 0.011552,
"filter": 110.747,
"delete": 0,
"preparation": 0.01808,
"cgal_convex_hull": 0.019136,
"total": 110.766
}