{
"n": 805306368,
"size": 1222,
"hull": 22,
"seed": 0,
"copy2device": 641.311,
"find_extremes": 38.478,
"find_corners": 80.7567,
"find_points_in_Q": 0.001856,
"compaction": 18.712,
"copy2host": 0.016288,
"filter": 138.006,
"delete": 0,
"preparation": 0.0072,
"cgal_convex_hull": 0.0744,
"total": 138.08
}