{
"n": 905969664,
"size": 114,
"hull": 21,
"seed": 0,
"copy2device": 622.978,
"find_extremes": 43.2782,
"find_corners": 90.9097,
"find_points_in_Q": 0.001984,
"compaction": 20.9953,
"copy2host": 0.015296,
"filter": 155.241,
"delete": 0,
"preparation": 0.003104,
"cgal_convex_hull": 0.012928,
"total": 155.254
}