{
"n": 1040187392,
"size": 140,
"hull": 20,
"seed": 0,
"copy2device": 818.618,
"find_extremes": 51.3432,
"find_corners": 104.445,
"find_points_in_Q": 0.001024,
"compaction": 24.1243,
"copy2host": 0.016224,
"filter": 179.971,
"delete": 0,
"preparation": 0.00768,
"cgal_convex_hull": 0.014432,
"total": 179.986
}