{
"n": 603979776,
"size": 286,
"hull": 23,
"seed": 0,
"copy2device": 416.98,
"find_extremes": 29.0893,
"find_corners": 60.5962,
"find_points_in_Q": 0.002048,
"compaction": 14.0881,
"copy2host": 0.01568,
"filter": 103.831,
"delete": 0,
"preparation": 0.004384,
"cgal_convex_hull": 0.02256,
"total": 103.854
}