{
"n": 939524096,
"size": 199,
"hull": 25,
"seed": 0,
"copy2device": 691.681,
"find_extremes": 47.3375,
"find_corners": 94.2191,
"find_points_in_Q": 0.002048,
"compaction": 21.7817,
"copy2host": 0.018816,
"filter": 163.4,
"delete": 0,
"preparation": 0.00512,
"cgal_convex_hull": 0.01664,
"total": 163.417
}