{
"n": 301989888,
"size": 108,
"hull": 23,
"seed": 0,
"copy2device": 205.013,
"find_extremes": 14.9861,
"find_corners": 30.6834,
"find_points_in_Q": 0.002048,
"compaction": 7.14832,
"copy2host": 0.014144,
"filter": 52.8728,
"delete": 0,
"preparation": 0.002272,
"cgal_convex_hull": 0.01312,
"total": 52.8859
}