{
"n": 100663296,
"size": 315,
"hull": 18,
"seed": 0,
"copy2device": 66.1442,
"find_extremes": 5.53082,
"find_corners": 10.7244,
"find_points_in_Q": 0.002048,
"compaction": 2.49574,
"copy2host": 0.014688,
"filter": 18.8034,
"delete": 0,
"preparation": 0.003296,
"cgal_convex_hull": 0.020576,
"total": 18.8239
}