{
"n": 335544320,
"size": 70,
"hull": 19,
"seed": 0,
"copy2device": 231.871,
"find_extremes": 16.5716,
"find_corners": 34.0756,
"find_points_in_Q": 0.004096,
"compaction": 7.96307,
"copy2host": 0.01616,
"filter": 58.669,
"delete": 0,
"preparation": 0.00384,
"cgal_convex_hull": 0.011904,
"total": 58.6809
}