{
"n": 738197504,
"size": 69,
"hull": 18,
"seed": 0,
"copy2device": 508.646,
"find_extremes": 35.2846,
"find_corners": 74.1612,
"find_points_in_Q": 0.002048,
"compaction": 17.2111,
"copy2host": 0.013312,
"filter": 126.72,
"delete": 0,
"preparation": 0.00272,
"cgal_convex_hull": 0.011424,
"total": 126.732
}