{
"n": 33554432,
"size": 130,
"hull": 22,
"seed": 0,
"copy2device": 20.0639,
"find_extremes": 2.24461,
"find_corners": 3.8992,
"find_points_in_Q": 0.001984,
"compaction": 0.934336,
"copy2host": 0.012192,
"filter": 7.1265,
"delete": 0,
"preparation": 0.005632,
"cgal_convex_hull": 0.011424,
"total": 7.13792
}