{
"n": 67108864,
"size": 272,
"hull": 24,
"seed": 0,
"copy2device": 43.2707,
"find_extremes": 3.93978,
"find_corners": 7.28269,
"find_points_in_Q": 0.001024,
"compaction": 1.72662,
"copy2host": 0.014272,
"filter": 13.0008,
"delete": 0,
"preparation": 0.003488,
"cgal_convex_hull": 0.020224,
"total": 13.0211
}