{
"n": 503316480,
"size": 228,
"hull": 27,
"seed": 0,
"copy2device": 418.66,
"find_extremes": 14.276,
"find_corners": 50.3621,
"find_points_in_Q": 10.2006,
"compaction": 9.05254,
"copy2host": 0.010816,
"filter": 83.9235,
"delete": 0,
"preparation": 0.021408,
"cgal_convex_hull": 0.021536,
"total": 83.945
}