{
"n": 570425344,
"size": 297,
"hull": 17,
"seed": 0,
"copy2device": 436.53,
"find_extremes": 16.1218,
"find_corners": 56.701,
"find_points_in_Q": 11.246,
"compaction": 10.1794,
"copy2host": 0.0128,
"filter": 94.2822,
"delete": 0,
"preparation": 0.027616,
"cgal_convex_hull": 0.021888,
"total": 94.3041
}