{
"n": 1006632960,
"size": 248,
"hull": 22,
"seed": 0,
"copy2device": 829.614,
"find_extremes": 27.7813,
"find_corners": 100.233,
"find_points_in_Q": 19.7667,
"compaction": 17.6433,
"copy2host": 0.01504,
"filter": 165.461,
"delete": 0,
"preparation": 0.02064,
"cgal_convex_hull": 0.021408,
"total": 165.482
}