{
"n": 838860800,
"size": 126,
"hull": 18,
"seed": 0,
"copy2device": 628.159,
"find_extremes": 42.5998,
"find_corners": 84.1493,
"find_points_in_Q": 0.002048,
"compaction": 19.522,
"copy2host": 0.014496,
"filter": 146.328,
"delete": 0,
"preparation": 0.006912,
"cgal_convex_hull": 0.01312,
"total": 146.342
}