{
"n": 738197504,
"size": 126,
"hull": 26,
"seed": 0,
"copy2device": 509.004,
"find_extremes": 35.3938,
"find_corners": 74.1642,
"find_points_in_Q": 0.002048,
"compaction": 17.2138,
"copy2host": 0.013568,
"filter": 126.828,
"delete": 0,
"preparation": 0.005536,
"cgal_convex_hull": 0.013792,
"total": 126.842
}