{
"n": 1006632960,
"size": 311,
"hull": 17,
"seed": 0,
"copy2device": 830.007,
"find_extremes": 27.63,
"find_corners": 100.174,
"find_points_in_Q": 19.602,
"compaction": 17.619,
"copy2host": 0.014496,
"filter": 165.061,
"delete": 0,
"preparation": 0.02272,
"cgal_convex_hull": 0.026336,
"total": 165.087
}