{
"n": 268435456,
"size": 261,
"hull": 19,
"seed": 0,
"copy2device": 183.417,
"find_extremes": 13.4333,
"find_corners": 27.3582,
"find_points_in_Q": 0.004096,
"compaction": 6.39306,
"copy2host": 0.01776,
"filter": 47.2424,
"delete": 0,
"preparation": 0.006624,
"cgal_convex_hull": 0.020512,
"total": 47.2629
}