{
"n": 436207616,
"size": 122,
"hull": 22,
"seed": 0,
"copy2device": 297.728,
"find_extremes": 21.1978,
"find_corners": 44.1201,
"find_points_in_Q": 0.002048,
"compaction": 10.2497,
"copy2host": 0.014176,
"filter": 75.6235,
"delete": 0,
"preparation": 0.003136,
"cgal_convex_hull": 0.012576,
"total": 75.6361
}