{
"n": 671088640,
"size": 274,
"hull": 20,
"seed": 0,
"copy2device": 567.423,
"find_extremes": 18.6848,
"find_corners": 66.9692,
"find_points_in_Q": 13.1356,
"compaction": 11.9635,
"copy2host": 0.013408,
"filter": 110.787,
"delete": 0,
"preparation": 0.02768,
"cgal_convex_hull": 0.022592,
"total": 110.81
}