{
"n": 167772160,
"size": 53,
"hull": 18,
"seed": 0,
"copy2device": 132.481,
"find_extremes": 5.12794,
"find_corners": 17.2534,
"find_points_in_Q": 3.47827,
"compaction": 3.07789,
"copy2host": 0.009824,
"filter": 28.9682,
"delete": 0,
"preparation": 0.005408,
"cgal_convex_hull": 0.010208,
"total": 28.9784
}