{
"n": 301989888,
"size": 96,
"hull": 23,
"seed": 0,
"copy2device": 247.863,
"find_extremes": 8.79254,
"find_corners": 30.7024,
"find_points_in_Q": 6.22486,
"compaction": 5.41885,
"copy2host": 0.009888,
"filter": 51.1705,
"delete": 0,
"preparation": 0.008928,
"cgal_convex_hull": 0.011776,
"total": 51.1823
}