{
"n": 939524096,
"size": 53,
"hull": 20,
"seed": 0,
"copy2device": 646.92,
"find_extremes": 44.7631,
"find_corners": 94.3063,
"find_points_in_Q": 0.002048,
"compaction": 21.823,
"copy2host": 0.015168,
"filter": 160.95,
"delete": 0,
"preparation": 0.002272,
"cgal_convex_hull": 0.009952,
"total": 160.96
}