{
"n": 469762048,
"size": 137,
"hull": 18,
"seed": 0,
"copy2device": 358.534,
"find_extremes": 13.3857,
"find_corners": 47.1057,
"find_points_in_Q": 9.2657,
"compaction": 8.26678,
"copy2host": 0.01168,
"filter": 78.0564,
"delete": 0,
"preparation": 0.01232,
"cgal_convex_hull": 0.015712,
"total": 78.0721
}