{
"n": 805306368,
"size": 96,
"hull": 20,
"seed": 0,
"copy2device": 670.579,
"find_extremes": 22.4209,
"find_corners": 80.2609,
"find_points_in_Q": 15.5823,
"compaction": 14.1597,
"copy2host": 0.011808,
"filter": 132.457,
"delete": 0,
"preparation": 0.011424,
"cgal_convex_hull": 0.013088,
"total": 132.471
}