{
"n": 369098752,
"size": 1119,
"hull": 20,
"seed": 0,
"copy2device": 277.601,
"find_extremes": 11.3512,
"find_corners": 37.1767,
"find_points_in_Q": 7.39795,
"compaction": 6.5809,
"copy2host": 0.01312,
"filter": 62.541,
"delete": 0,
"preparation": 0.14576,
"cgal_convex_hull": 0.069696,
"total": 62.6107
}