{
"n": 33554432,
"size": 65,
"hull": 19,
"seed": 0,
"copy2device": 20.0598,
"find_extremes": 2.36842,
"find_corners": 3.90758,
"find_points_in_Q": 0.002048,
"compaction": 0.9576,
"copy2host": 0.013248,
"filter": 7.2831,
"delete": 0,
"preparation": 0.002368,
"cgal_convex_hull": 0.010752,
"total": 7.29386
}