{
"n": 805306368,
"size": 126,
"hull": 22,
"seed": 0,
"copy2device": 553.104,
"find_extremes": 38.4905,
"find_corners": 80.8069,
"find_points_in_Q": 0.002048,
"compaction": 18.7233,
"copy2host": 0.01408,
"filter": 138.077,
"delete": 0,
"preparation": 0.003776,
"cgal_convex_hull": 0.014528,
"total": 138.091
}