{
"n": 1040187392,
"size": 39,
"hull": 17,
"seed": 0,
"copy2device": 909.97,
"find_extremes": 28.6776,
"find_corners": 103.831,
"find_points_in_Q": 21.423,
"compaction": 18.2341,
"copy2host": 0.012864,
"filter": 172.203,
"delete": 0,
"preparation": 0.010048,
"cgal_convex_hull": 0.010944,
"total": 172.214
}