{
"n": 369098752,
"size": 68,
"hull": 24,
"seed": 0,
"copy2device": 251.42,
"find_extremes": 18.0667,
"find_corners": 37.4446,
"find_points_in_Q": 0.001024,
"compaction": 8.71034,
"copy2host": 0.014816,
"filter": 64.2769,
"delete": 0,
"preparation": 0.002336,
"cgal_convex_hull": 0.010336,
"total": 64.2872
}