{
"n": 402653184,
"size": 141,
"hull": 24,
"seed": 0,
"copy2device": 304.24,
"find_extremes": 11.522,
"find_corners": 40.5261,
"find_points_in_Q": 8.22858,
"compaction": 7.16224,
"copy2host": 0.013568,
"filter": 67.4717,
"delete": 0,
"preparation": 0.012992,
"cgal_convex_hull": 0.016224,
"total": 67.488
}