{
"n": 1073741824,
"size": 256,
"hull": 24,
"seed": 0,
"copy2device": 792.785,
"find_extremes": 51.1389,
"find_corners": 107.598,
"find_points_in_Q": 0.001024,
"compaction": 24.8285,
"copy2host": 0.015712,
"filter": 183.623,
"delete": 0,
"preparation": 0.012672,
"cgal_convex_hull": 0.020288,
"total": 183.643
}