{
"n": 201326592,
"size": 114,
"hull": 21,
"seed": 0,
"copy2device": 135.227,
"find_extremes": 10.2361,
"find_corners": 20.7114,
"find_points_in_Q": 0.002048,
"compaction": 4.81558,
"copy2host": 0.013536,
"filter": 35.8141,
"delete": 0,
"preparation": 0.003008,
"cgal_convex_hull": 0.012384,
"total": 35.8265
}