{
"n": 67108864,
"size": 394,
"hull": 23,
"seed": 0,
"copy2device": 44.6298,
"find_extremes": 2.47686,
"find_corners": 7.29888,
"find_points_in_Q": 1.42656,
"compaction": 1.32909,
"copy2host": 0.010688,
"filter": 12.5627,
"delete": 0,
"preparation": 0.021088,
"cgal_convex_hull": 0.025056,
"total": 12.5877
}