{
"n": 134217728,
"size": 87,
"hull": 16,
"seed": 0,
"copy2device": 88.7862,
"find_extremes": 7.08848,
"find_corners": 14.0329,
"find_points_in_Q": 0.002048,
"compaction": 3.27824,
"copy2host": 0.014272,
"filter": 24.4529,
"delete": 0,
"preparation": 0.002464,
"cgal_convex_hull": 0.010528,
"total": 24.4634
}