{
"n": 838860800,
"size": 125,
"hull": 23,
"seed": 0,
"copy2device": 642.914,
"find_extremes": 25.9277,
"find_corners": 84.18,
"find_points_in_Q": 16.3924,
"compaction": 14.823,
"copy2host": 0.013696,
"filter": 141.358,
"delete": 0,
"preparation": 0.026944,
"cgal_convex_hull": 0.014912,
"total": 141.373
}