{
"n": 603979776,
"size": 169,
"hull": 21,
"seed": 0,
"copy2device": 413.595,
"find_extremes": 29.0945,
"find_corners": 60.8748,
"find_points_in_Q": 0.001024,
"compaction": 14.0916,
"copy2host": 0.014208,
"filter": 104.115,
"delete": 0,
"preparation": 0.002848,
"cgal_convex_hull": 0.01424,
"total": 104.13
}