{
"n": 134217728,
"size": 174,
"hull": 17,
"seed": 0,
"copy2device": 94.5255,
"find_extremes": 4.25222,
"find_corners": 14.0307,
"find_points_in_Q": 2.82691,
"compaction": 2.51142,
"copy2host": 0.009568,
"filter": 23.6512,
"delete": 0,
"preparation": 0.012576,
"cgal_convex_hull": 0.016256,
"total": 23.6674
}