{
"n": 234881024,
"size": 314,
"hull": 29,
"seed": 0,
"copy2device": 171.859,
"find_extremes": 7.06032,
"find_corners": 23.9229,
"find_points_in_Q": 4.81782,
"compaction": 4.26138,
"copy2host": 0.01216,
"filter": 40.095,
"delete": 0,
"preparation": 0.020928,
"cgal_convex_hull": 0.022976,
"total": 40.118
}