{
"n": 570425344,
"size": 51,
"hull": 20,
"seed": 0,
"copy2device": 490.292,
"find_extremes": 16.0586,
"find_corners": 56.7414,
"find_points_in_Q": 11.1727,
"compaction": 10.1414,
"copy2host": 0.01264,
"filter": 94.1475,
"delete": 0,
"preparation": 0.007392,
"cgal_convex_hull": 0.010304,
"total": 94.1578
}