{
"n": 436207616,
"size": 140,
"hull": 22,
"seed": 0,
"copy2device": 297.521,
"find_extremes": 21.1909,
"find_corners": 44.0862,
"find_points_in_Q": 0.001024,
"compaction": 10.2643,
"copy2host": 0.015968,
"filter": 75.5969,
"delete": 0,
"preparation": 0.003104,
"cgal_convex_hull": 0.013472,
"total": 75.6104
}