{
"n": 268435456,
"size": 82,
"hull": 20,
"seed": 0,
"copy2device": 199.329,
"find_extremes": 7.97501,
"find_corners": 27.1103,
"find_points_in_Q": 5.4128,
"compaction": 4.80074,
"copy2host": 0.011584,
"filter": 45.3305,
"delete": 0,
"preparation": 0.007968,
"cgal_convex_hull": 0.013216,
"total": 45.3437
}