{
"n": 100663296,
"size": 69,
"hull": 23,
"seed": 0,
"copy2device": 68.8813,
"find_extremes": 3.37264,
"find_corners": 10.7233,
"find_points_in_Q": 2.11936,
"compaction": 1.89517,
"copy2host": 0.01104,
"filter": 18.1407,
"delete": 0,
"preparation": 0.007328,
"cgal_convex_hull": 0.0112,
"total": 18.1519
}