{
"n": 234881024,
"size": 141,
"hull": 26,
"seed": 0,
"copy2device": 172.928,
"find_extremes": 7.00554,
"find_corners": 23.9674,
"find_points_in_Q": 4.84157,
"compaction": 4.24227,
"copy2host": 0.012096,
"filter": 40.0882,
"delete": 0,
"preparation": 0.01168,
"cgal_convex_hull": 0.016224,
"total": 40.1044
}