{
"n": 1040187392,
"size": 235,
"hull": 23,
"seed": 0,
"copy2device": 840.279,
"find_extremes": 28.7612,
"find_corners": 103.799,
"find_points_in_Q": 20.1249,
"compaction": 18.2548,
"copy2host": 0.012256,
"filter": 170.977,
"delete": 0,
"preparation": 0.039232,
"cgal_convex_hull": 0.024448,
"total": 171.001
}