{
"n": 268435456,
"size": 123,
"hull": 18,
"seed": 0,
"copy2device": 194.165,
"find_extremes": 13.439,
"find_corners": 27.4166,
"find_points_in_Q": 0.003936,
"compaction": 6.42362,
"copy2host": 0.01744,
"filter": 47.3381,
"delete": 0,
"preparation": 0.005216,
"cgal_convex_hull": 0.014144,
"total": 47.3523
}