{
"n": 402653184,
"size": 346,
"hull": 21,
"seed": 0,
"copy2device": 274.541,
"find_extremes": 19.6874,
"find_corners": 40.8197,
"find_points_in_Q": 0.002048,
"compaction": 9.42922,
"copy2host": 0.015872,
"filter": 69.992,
"delete": 0,
"preparation": 0.003968,
"cgal_convex_hull": 0.021984,
"total": 70.014
}