{
"n": 436207616,
"size": 348,
"hull": 22,
"seed": 0,
"copy2device": 297.691,
"find_extremes": 21.2355,
"find_corners": 44.1414,
"find_points_in_Q": 0.002048,
"compaction": 10.25,
"copy2host": 0.014688,
"filter": 75.682,
"delete": 0,
"preparation": 0.010336,
"cgal_convex_hull": 0.024512,
"total": 75.7065
}