{
"n": 973078528,
"size": 352,
"hull": 21,
"seed": 0,
"copy2device": 672.991,
"find_extremes": 46.447,
"find_corners": 97.6579,
"find_points_in_Q": 0.001024,
"compaction": 22.5611,
"copy2host": 0.015488,
"filter": 166.723,
"delete": 0,
"preparation": 0.011296,
"cgal_convex_hull": 0.026144,
"total": 166.749
}