{
"n": 100663296,
"size": 72,
"hull": 18,
"seed": 0,
"copy2device": 66.5617,
"find_extremes": 5.4824,
"find_corners": 10.6537,
"find_points_in_Q": 0.001888,
"compaction": 2.49978,
"copy2host": 0.013504,
"filter": 18.6868,
"delete": 0,
"preparation": 0.00224,
"cgal_convex_hull": 0.009984,
"total": 18.6968
}