{
"n": 134217728,
"size": 220,
"hull": 18,
"seed": 0,
"copy2device": 88.6931,
"find_extremes": 7.08272,
"find_corners": 14.0757,
"find_points_in_Q": 0.001024,
"compaction": 3.27101,
"copy2host": 0.014528,
"filter": 24.4815,
"delete": 0,
"preparation": 0.00272,
"cgal_convex_hull": 0.017088,
"total": 24.4986
}