{
"n": 167772160,
"size": 174,
"hull": 19,
"seed": 0,
"copy2device": 133.715,
"find_extremes": 5.1152,
"find_corners": 17.3649,
"find_points_in_Q": 3.48534,
"compaction": 3.09459,
"copy2host": 0.009888,
"filter": 29.0903,
"delete": 0,
"preparation": 0.013472,
"cgal_convex_hull": 0.01584,
"total": 29.1061
}