{
"n": 33554432,
"size": 74,
"hull": 23,
"seed": 0,
"copy2device": 20.0366,
"find_extremes": 2.25475,
"find_corners": 3.87379,
"find_points_in_Q": 0.002048,
"compaction": 0.94704,
"copy2host": 0.01136,
"filter": 7.12336,
"delete": 0,
"preparation": 0.003104,
"cgal_convex_hull": 0.009376,
"total": 7.13274
}