{
"n": 469762048,
"size": 72,
"hull": 16,
"seed": 0,
"copy2device": 320.903,
"find_extremes": 22.798,
"find_corners": 47.3436,
"find_points_in_Q": 0.002048,
"compaction": 11.0102,
"copy2host": 0.01312,
"filter": 81.2075,
"delete": 0,
"preparation": 0.002592,
"cgal_convex_hull": 0.010528,
"total": 81.218
}