{
"n": 33554432,
"size": 240,
"hull": 17,
"seed": 0,
"copy2device": 20.0667,
"find_extremes": 2.20733,
"find_corners": 3.86867,
"find_points_in_Q": 0.002048,
"compaction": 0.943072,
"copy2host": 0.014048,
"filter": 7.06902,
"delete": 0,
"preparation": 0.004704,
"cgal_convex_hull": 0.016928,
"total": 7.08595
}