{
"n": 1073741824,
"size": 117,
"hull": 23,
"seed": 0,
"copy2device": 740.821,
"find_extremes": 51.0232,
"find_corners": 107.325,
"find_points_in_Q": 0.001856,
"compaction": 24.8814,
"copy2host": 0.01504,
"filter": 183.287,
"delete": 0,
"preparation": 0.002688,
"cgal_convex_hull": 0.013344,
"total": 183.301
}