{
"n": 805306368,
"size": 94,
"hull": 20,
"seed": 0,
"copy2device": 616.376,
"find_extremes": 22.3815,
"find_corners": 80.1279,
"find_points_in_Q": 15.5704,
"compaction": 14.1624,
"copy2host": 0.013984,
"filter": 132.278,
"delete": 0,
"preparation": 0.010944,
"cgal_convex_hull": 0.013024,
"total": 132.291
}