{
"n": 1073741824,
"size": 282,
"hull": 20,
"seed": 0,
"copy2device": 879.476,
"find_extremes": 29.3847,
"find_corners": 106.693,
"find_points_in_Q": 21.091,
"compaction": 18.8374,
"copy2host": 0.012512,
"filter": 176.042,
"delete": 0,
"preparation": 0.021728,
"cgal_convex_hull": 0.023168,
"total": 176.065
}