{
"n": 67108864,
"size": 108,
"hull": 22,
"seed": 0,
"copy2device": 42.52,
"find_extremes": 2.44944,
"find_corners": 7.9481,
"find_points_in_Q": 1.43718,
"compaction": 1.30186,
"copy2host": 0.009312,
"filter": 13.1674,
"delete": 0,
"preparation": 0.02192,
"cgal_convex_hull": 0.013792,
"total": 13.1812
}