{
"n": 570425344,
"size": 257,
"hull": 19,
"seed": 0,
"copy2device": 411.604,
"find_extremes": 29.9807,
"find_corners": 57.4444,
"find_points_in_Q": 0.002048,
"compaction": 13.329,
"copy2host": 0.014912,
"filter": 100.812,
"delete": 0,
"preparation": 0.009568,
"cgal_convex_hull": 0.019616,
"total": 100.832
}