{
"n": 637534208,
"size": 398,
"hull": 18,
"seed": 0,
"copy2device": 436.436,
"find_extremes": 30.6347,
"find_corners": 64.2017,
"find_points_in_Q": 0.002048,
"compaction": 14.8728,
"copy2host": 0.015712,
"filter": 109.766,
"delete": 0,
"preparation": 0.003584,
"cgal_convex_hull": 0.025568,
"total": 109.792
}