{
"n": 100663296,
"size": 159,
"hull": 24,
"seed": 0,
"copy2device": 69.0366,
"find_extremes": 3.37408,
"find_corners": 10.699,
"find_points_in_Q": 2.09024,
"compaction": 1.92253,
"copy2host": 0.01088,
"filter": 18.1169,
"delete": 0,
"preparation": 0.011168,
"cgal_convex_hull": 0.015648,
"total": 18.1325
}