{
"n": 33554432,
"size": 160,
"hull": 13,
"seed": 0,
"copy2device": 20.0583,
"find_extremes": 2.33555,
"find_corners": 3.88403,
"find_points_in_Q": 0.002048,
"compaction": 0.964,
"copy2host": 0.015552,
"filter": 7.23693,
"delete": 0,
"preparation": 0.005408,
"cgal_convex_hull": 0.015104,
"total": 7.25203
}