{
"n": 335544320,
"size": 66,
"hull": 18,
"seed": 0,
"copy2device": 228.083,
"find_extremes": 16.5011,
"find_corners": 34.0347,
"find_points_in_Q": 0.001952,
"compaction": 7.93462,
"copy2host": 0.013536,
"filter": 58.5239,
"delete": 0,
"preparation": 0.002624,
"cgal_convex_hull": 0.009664,
"total": 58.5336
}