{
"n": 134217728,
"size": 291,
"hull": 21,
"seed": 0,
"copy2device": 88.7753,
"find_extremes": 7.08576,
"find_corners": 13.9735,
"find_points_in_Q": 0.001024,
"compaction": 3.25917,
"copy2host": 0.015104,
"filter": 24.3723,
"delete": 0,
"preparation": 0.003648,
"cgal_convex_hull": 0.019968,
"total": 24.3923
}