{
"n": 167772160,
"size": 308,
"hull": 22,
"seed": 0,
"copy2device": 174.427,
"find_extremes": 5.16288,
"find_corners": 17.4346,
"find_points_in_Q": 3.47962,
"compaction": 3.06973,
"copy2host": 0.01216,
"filter": 29.179,
"delete": 0,
"preparation": 0.020544,
"cgal_convex_hull": 0.025792,
"total": 29.2048
}