{
"n": 1006632960,
"size": 84,
"hull": 24,
"seed": 0,
"copy2device": 811.611,
"find_extremes": 27.8952,
"find_corners": 100.128,
"find_points_in_Q": 19.5705,
"compaction": 17.631,
"copy2host": 0.01168,
"filter": 165.264,
"delete": 0,
"preparation": 0.019456,
"cgal_convex_hull": 0.013376,
"total": 165.277
}