{
"n": 369098752,
"size": 196,
"hull": 22,
"seed": 0,
"copy2device": 277.763,
"find_extremes": 10.6796,
"find_corners": 37.1315,
"find_points_in_Q": 7.44461,
"compaction": 6.60272,
"copy2host": 0.011296,
"filter": 61.8914,
"delete": 0,
"preparation": 0.015168,
"cgal_convex_hull": 0.01904,
"total": 61.9105
}