{
"n": 469762048,
"size": 637,
"hull": 20,
"seed": 0,
"copy2device": 320.78,
"find_extremes": 22.8041,
"find_corners": 47.2934,
"find_points_in_Q": 0.001024,
"compaction": 11.0183,
"copy2host": 0.015296,
"filter": 81.1724,
"delete": 0,
"preparation": 0.005216,
"cgal_convex_hull": 0.040128,
"total": 81.2125
}