{
"n": 67108864,
"size": 66,
"hull": 19,
"seed": 0,
"copy2device": 43.3085,
"find_extremes": 3.89421,
"find_corners": 7.27757,
"find_points_in_Q": 0.001024,
"compaction": 1.73123,
"copy2host": 0.012128,
"filter": 12.9516,
"delete": 0,
"preparation": 0.00224,
"cgal_convex_hull": 0.011392,
"total": 12.963
}