{
"n": 268435456,
"size": 126,
"hull": 19,
"seed": 0,
"copy2device": 193.929,
"find_extremes": 13.371,
"find_corners": 27.4351,
"find_points_in_Q": 0.002048,
"compaction": 6.39418,
"copy2host": 0.014304,
"filter": 47.2541,
"delete": 0,
"preparation": 0.002816,
"cgal_convex_hull": 0.01344,
"total": 47.2676
}