{
"n": 268435456,
"size": 1021,
"hull": 24,
"seed": 0,
"copy2device": 184.181,
"find_extremes": 13.4677,
"find_corners": 27.3603,
"find_points_in_Q": 0.001024,
"compaction": 6.3577,
"copy2host": 0.023072,
"filter": 47.2481,
"delete": 0,
"preparation": 0.01392,
"cgal_convex_hull": 0.053792,
"total": 47.3019
}