{
"n": 33554432,
"size": 213,
"hull": 17,
"seed": 0,
"copy2device": 39.1712,
"find_extremes": 1.57654,
"find_corners": 3.9281,
"find_points_in_Q": 0.754112,
"compaction": 0.74448,
"copy2host": 0.01008,
"filter": 7.03232,
"delete": 0,
"preparation": 0.01392,
"cgal_convex_hull": 0.01872,
"total": 7.05104
}