{
"n": 805306368,
"size": 96,
"hull": 20,
"seed": 0,
"copy2device": 555.906,
"find_extremes": 38.4793,
"find_corners": 80.5212,
"find_points_in_Q": 0.001024,
"compaction": 18.7818,
"copy2host": 0.014048,
"filter": 137.839,
"delete": 0,
"preparation": 0.003648,
"cgal_convex_hull": 0.012288,
"total": 137.852
}