{
"n": 436207616,
"size": 259,
"hull": 18,
"seed": 0,
"copy2device": 297.501,
"find_extremes": 21.1874,
"find_corners": 44.1375,
"find_points_in_Q": 0.001024,
"compaction": 10.2277,
"copy2host": 0.015776,
"filter": 75.6085,
"delete": 0,
"preparation": 0.003296,
"cgal_convex_hull": 0.01808,
"total": 75.6266
}