{
"n": 1040187392,
"size": 267,
"hull": 24,
"seed": 0,
"copy2device": 720.479,
"find_extremes": 49.5059,
"find_corners": 104.056,
"find_points_in_Q": 0.002048,
"compaction": 24.1071,
"copy2host": 0.016,
"filter": 177.728,
"delete": 0,
"preparation": 0.00368,
"cgal_convex_hull": 0.021856,
"total": 177.75
}