{
"n": 201326592,
"size": 315,
"hull": 20,
"seed": 0,
"copy2device": 135.145,
"find_extremes": 10.2033,
"find_corners": 20.6848,
"find_points_in_Q": 0.002048,
"compaction": 4.81344,
"copy2host": 0.01488,
"filter": 35.7549,
"delete": 0,
"preparation": 0.003424,
"cgal_convex_hull": 0.021152,
"total": 35.7761
}