{
"n": 973078528,
"size": 589,
"hull": 21,
"seed": 0,
"copy2device": 803.586,
"find_extremes": 26.9283,
"find_corners": 96.4348,
"find_points_in_Q": 18.9237,
"compaction": 17.0608,
"copy2host": 0.012832,
"filter": 159.382,
"delete": 0,
"preparation": 0.03888,
"cgal_convex_hull": 0.03744,
"total": 159.42
}