{
"n": 335544320,
"size": 57,
"hull": 21,
"seed": 0,
"copy2device": 261.627,
"find_extremes": 9.76336,
"find_corners": 34.3023,
"find_points_in_Q": 6.69952,
"compaction": 5.99478,
"copy2host": 0.012544,
"filter": 56.7921,
"delete": 0,
"preparation": 0.007264,
"cgal_convex_hull": 0.010784,
"total": 56.8029
}