{
"n": 402653184,
"size": 158,
"hull": 21,
"seed": 0,
"copy2device": 357.097,
"find_extremes": 11.5588,
"find_corners": 40.6859,
"find_points_in_Q": 8.21984,
"compaction": 7.1457,
"copy2host": 0.010976,
"filter": 67.6432,
"delete": 0,
"preparation": 0.01968,
"cgal_convex_hull": 0.016288,
"total": 67.6595
}