{
"n": 167772160,
"size": 97,
"hull": 17,
"seed": 0,
"copy2device": 111.838,
"find_extremes": 8.5912,
"find_corners": 17.2923,
"find_points_in_Q": 0.001024,
"compaction": 4.04432,
"copy2host": 0.01408,
"filter": 29.9804,
"delete": 0,
"preparation": 0.003168,
"cgal_convex_hull": 0.011776,
"total": 29.9922
}