{
"n": 167772160,
"size": 119,
"hull": 18,
"seed": 0,
"copy2device": 111.904,
"find_extremes": 8.64429,
"find_corners": 17.4121,
"find_points_in_Q": 0.001024,
"compaction": 4.06176,
"copy2host": 0.014432,
"filter": 30.1712,
"delete": 0,
"preparation": 0.002592,
"cgal_convex_hull": 0.01296,
"total": 30.1842
}