{
"n": 570425344,
"size": 1118,
"hull": 19,
"seed": 0,
"copy2device": 489.146,
"find_extremes": 16.0945,
"find_corners": 56.7829,
"find_points_in_Q": 11.2764,
"compaction": 10.1568,
"copy2host": 0.015232,
"filter": 94.3451,
"delete": 0,
"preparation": 0.067776,
"cgal_convex_hull": 0.069248,
"total": 94.4144
}