{
"n": 369098752,
"size": 225,
"hull": 21,
"seed": 0,
"copy2device": 288.949,
"find_extremes": 10.6971,
"find_corners": 37.2011,
"find_points_in_Q": 7.5945,
"compaction": 6.55302,
"copy2host": 0.01296,
"filter": 62.0784,
"delete": 0,
"preparation": 0.017696,
"cgal_convex_hull": 0.018304,
"total": 62.0967
}