{
"n": 436207616,
"size": 116,
"hull": 19,
"seed": 0,
"copy2device": 342.553,
"find_extremes": 12.3622,
"find_corners": 43.9654,
"find_points_in_Q": 8.56768,
"compaction": 7.74128,
"copy2host": 0.011616,
"filter": 72.6694,
"delete": 0,
"preparation": 0.011328,
"cgal_convex_hull": 0.01408,
"total": 72.6835
}