{
"n": 134217728,
"size": 103,
"hull": 23,
"seed": 0,
"copy2device": 88.8067,
"find_extremes": 7.09232,
"find_corners": 14.0124,
"find_points_in_Q": 0.001024,
"compaction": 3.27251,
"copy2host": 0.013696,
"filter": 24.4283,
"delete": 0,
"preparation": 0.0024,
"cgal_convex_hull": 0.012192,
"total": 24.4405
}