{
"n": 369098752,
"size": 226,
"hull": 17,
"seed": 0,
"copy2device": 251.411,
"find_extremes": 18.0371,
"find_corners": 37.3432,
"find_points_in_Q": 0.001024,
"compaction": 8.6897,
"copy2host": 0.021984,
"filter": 64.1317,
"delete": 0,
"preparation": 0.005856,
"cgal_convex_hull": 0.018368,
"total": 64.1501
}