{
"n": 671088640,
"size": 216,
"hull": 18,
"seed": 0,
"copy2device": 511.157,
"find_extremes": 32.2764,
"find_corners": 67.241,
"find_points_in_Q": 0.002048,
"compaction": 15.6898,
"copy2host": 0.01696,
"filter": 115.265,
"delete": 0,
"preparation": 0.004096,
"cgal_convex_hull": 0.017312,
"total": 115.283
}