{
"n": 201326592,
"size": 61,
"hull": 22,
"seed": 0,
"copy2device": 135.27,
"find_extremes": 10.2352,
"find_corners": 20.7565,
"find_points_in_Q": 0.002048,
"compaction": 4.81952,
"copy2host": 0.014272,
"filter": 35.8645,
"delete": 0,
"preparation": 0.00272,
"cgal_convex_hull": 0.009504,
"total": 35.874
}