{
"n": 1006632960,
"size": 83,
"hull": 17,
"seed": 0,
"copy2device": 832.639,
"find_extremes": 27.7792,
"find_corners": 100.436,
"find_points_in_Q": 19.695,
"compaction": 17.6782,
"copy2host": 0.01248,
"filter": 165.625,
"delete": 0,
"preparation": 0.01056,
"cgal_convex_hull": 0.012128,
"total": 165.637
}