{
"n": 234881024,
"size": 117,
"hull": 19,
"seed": 0,
"copy2device": 173.798,
"find_extremes": 7.04362,
"find_corners": 24.0098,
"find_points_in_Q": 4.80259,
"compaction": 4.2231,
"copy2host": 0.01072,
"filter": 40.1085,
"delete": 0,
"preparation": 0.010304,
"cgal_convex_hull": 0.01376,
"total": 40.1222
}