{
"n": 536870912,
"size": 174,
"hull": 24,
"seed": 0,
"copy2device": 367.138,
"find_extremes": 25.9171,
"find_corners": 54.2372,
"find_points_in_Q": 0.001856,
"compaction": 12.5377,
"copy2host": 0.014304,
"filter": 92.7453,
"delete": 0,
"preparation": 0.003008,
"cgal_convex_hull": 0.01504,
"total": 92.7604
}