{
"n": 704643072,
"size": 91,
"hull": 20,
"seed": 0,
"copy2device": 486.292,
"find_extremes": 33.952,
"find_corners": 70.8013,
"find_points_in_Q": 0.001024,
"compaction": 16.4765,
"copy2host": 0.01744,
"filter": 121.288,
"delete": 0,
"preparation": 0.005216,
"cgal_convex_hull": 0.014464,
"total": 121.302
}