{
"n": 369098752,
"size": 198,
"hull": 22,
"seed": 0,
"copy2device": 251.185,
"find_extremes": 18.084,
"find_corners": 37.2622,
"find_points_in_Q": 0.001024,
"compaction": 8.70013,
"copy2host": 0.015808,
"filter": 64.1023,
"delete": 0,
"preparation": 0.00272,
"cgal_convex_hull": 0.017472,
"total": 64.1198
}