{
"n": 167772160,
"size": 76,
"hull": 24,
"seed": 0,
"copy2device": 112.005,
"find_extremes": 8.64349,
"find_corners": 17.33,
"find_points_in_Q": 0.002048,
"compaction": 4.05763,
"copy2host": 0.012416,
"filter": 30.0813,
"delete": 0,
"preparation": 0.002272,
"cgal_convex_hull": 0.011296,
"total": 30.0926
}