{
"n": 1006632960,
"size": 296,
"hull": 20,
"seed": 0,
"copy2device": 810.656,
"find_extremes": 28.719,
"find_corners": 100.28,
"find_points_in_Q": 19.734,
"compaction": 17.6854,
"copy2host": 0.012896,
"filter": 166.451,
"delete": 0,
"preparation": 0.043392,
"cgal_convex_hull": 0.02352,
"total": 166.474
}