{
"n": 436207616,
"size": 55,
"hull": 16,
"seed": 0,
"copy2device": 330.429,
"find_extremes": 12.4635,
"find_corners": 43.8924,
"find_points_in_Q": 8.65344,
"compaction": 7.81715,
"copy2host": 0.012096,
"filter": 72.8599,
"delete": 0,
"preparation": 0.007072,
"cgal_convex_hull": 0.0104,
"total": 72.8703
}