{
"n": 671088640,
"size": 137,
"hull": 21,
"seed": 0,
"copy2device": 459.694,
"find_extremes": 32.2054,
"find_corners": 67.3342,
"find_points_in_Q": 0.002048,
"compaction": 15.6582,
"copy2host": 0.015712,
"filter": 115.254,
"delete": 0,
"preparation": 0.002912,
"cgal_convex_hull": 0.013952,
"total": 115.268
}