{
"n": 268435456,
"size": 132,
"hull": 25,
"seed": 0,
"copy2device": 199.154,
"find_extremes": 7.91939,
"find_corners": 27.0885,
"find_points_in_Q": 5.49651,
"compaction": 4.84704,
"copy2host": 0.010368,
"filter": 45.3831,
"delete": 0,
"preparation": 0.011936,
"cgal_convex_hull": 0.0144,
"total": 45.3975
}