{
"n": 872415232,
"size": 143,
"hull": 20,
"seed": 0,
"copy2device": 669.645,
"find_extremes": 24.1962,
"find_corners": 87.4635,
"find_points_in_Q": 16.8847,
"compaction": 15.3556,
"copy2host": 0.012416,
"filter": 143.937,
"delete": 0,
"preparation": 0.014496,
"cgal_convex_hull": 0.015328,
"total": 143.952
}