{
"n": 167772160,
"size": 54,
"hull": 21,
"seed": 0,
"copy2device": 173.036,
"find_extremes": 5.09165,
"find_corners": 17.355,
"find_points_in_Q": 3.51046,
"compaction": 3.10285,
"copy2host": 0.010528,
"filter": 29.0919,
"delete": 0,
"preparation": 0.006496,
"cgal_convex_hull": 0.010592,
"total": 29.1025
}