{
"n": 805306368,
"size": 413,
"hull": 21,
"seed": 0,
"copy2device": 674.162,
"find_extremes": 22.4114,
"find_corners": 80.1435,
"find_points_in_Q": 15.5443,
"compaction": 14.18,
"copy2host": 0.012,
"filter": 132.315,
"delete": 0,
"preparation": 0.027584,
"cgal_convex_hull": 0.029952,
"total": 132.345
}