{
"n": 234881024,
"size": 288,
"hull": 21,
"seed": 0,
"copy2device": 173.8,
"find_extremes": 7.03885,
"find_corners": 23.9986,
"find_points_in_Q": 4.78493,
"compaction": 4.21578,
"copy2host": 0.011456,
"filter": 40.0688,
"delete": 0,
"preparation": 0.019392,
"cgal_convex_hull": 0.022816,
"total": 40.0916
}