{
"n": 268435456,
"size": 403,
"hull": 17,
"seed": 0,
"copy2device": 181.549,
"find_extremes": 13.3764,
"find_corners": 27.3868,
"find_points_in_Q": 0.001024,
"compaction": 6.3623,
"copy2host": 0.014688,
"filter": 47.178,
"delete": 0,
"preparation": 0.009888,
"cgal_convex_hull": 0.02912,
"total": 47.2072
}