{
"n": 201326592,
"size": 390,
"hull": 18,
"seed": 0,
"copy2device": 156.565,
"find_extremes": 6.15984,
"find_corners": 20.804,
"find_points_in_Q": 4.20029,
"compaction": 3.66928,
"copy2host": 0.011968,
"filter": 34.863,
"delete": 0,
"preparation": 0.024512,
"cgal_convex_hull": 0.027808,
"total": 34.8908
}