{
"n": 671088640,
"size": 168,
"hull": 20,
"seed": 0,
"copy2device": 509.03,
"find_extremes": 32.1872,
"find_corners": 67.3126,
"find_points_in_Q": 0.002048,
"compaction": 15.6251,
"copy2host": 0.016704,
"filter": 115.182,
"delete": 0,
"preparation": 0.004512,
"cgal_convex_hull": 0.01648,
"total": 115.198
}