{
"n": 1073741824,
"size": 230,
"hull": 25,
"seed": 0,
"copy2device": 883.24,
"find_extremes": 29.5504,
"find_corners": 106.828,
"find_points_in_Q": 21.204,
"compaction": 18.8574,
"copy2host": 0.011328,
"filter": 176.476,
"delete": 0,
"preparation": 0.035616,
"cgal_convex_hull": 0.020704,
"total": 176.497
}