{
"n": 838860800,
"size": 170,
"hull": 21,
"seed": 0,
"copy2device": 611.771,
"find_extremes": 40.0594,
"find_corners": 84.2074,
"find_points_in_Q": 0.001984,
"compaction": 19.499,
"copy2host": 0.015456,
"filter": 143.824,
"delete": 0,
"preparation": 0.00592,
"cgal_convex_hull": 0.014688,
"total": 143.839
}