{
"n": 671088640,
"size": 52,
"hull": 19,
"seed": 0,
"copy2device": 512.938,
"find_extremes": 18.7477,
"find_corners": 66.8057,
"find_points_in_Q": 13.1461,
"compaction": 11.8347,
"copy2host": 0.010976,
"filter": 110.57,
"delete": 0,
"preparation": 0.006528,
"cgal_convex_hull": 0.011232,
"total": 110.581
}