{
"n": 536870912,
"size": 357,
"hull": 21,
"seed": 0,
"copy2device": 370.009,
"find_extremes": 26.0191,
"find_corners": 54.1,
"find_points_in_Q": 0.002048,
"compaction": 12.5349,
"copy2host": 0.019904,
"filter": 92.7151,
"delete": 0,
"preparation": 0.006624,
"cgal_convex_hull": 0.024352,
"total": 92.7395
}