{
"n": 100663296,
"size": 144,
"hull": 22,
"seed": 0,
"copy2device": 65.514,
"find_extremes": 5.49501,
"find_corners": 10.6435,
"find_points_in_Q": 0.001024,
"compaction": 2.50054,
"copy2host": 0.014144,
"filter": 18.6909,
"delete": 0,
"preparation": 0.00224,
"cgal_convex_hull": 0.013632,
"total": 18.7045
}