{
"n": 805306368,
"size": 138,
"hull": 25,
"seed": 0,
"copy2device": 553.12,
"find_extremes": 38.5253,
"find_corners": 80.7876,
"find_points_in_Q": 0.001024,
"compaction": 18.7317,
"copy2host": 0.014816,
"filter": 138.109,
"delete": 0,
"preparation": 0.003744,
"cgal_convex_hull": 0.01472,
"total": 138.123
}