{
"n": 369098752,
"size": 96,
"hull": 21,
"seed": 0,
"copy2device": 330.881,
"find_extremes": 10.648,
"find_corners": 37.5534,
"find_points_in_Q": 7.32934,
"compaction": 6.60698,
"copy2host": 0.011008,
"filter": 62.1692,
"delete": 0,
"preparation": 0.00928,
"cgal_convex_hull": 0.012256,
"total": 62.1815
}