{
"n": 738197504,
"size": 88,
"hull": 25,
"seed": 0,
"copy2device": 506.45,
"find_extremes": 35.3932,
"find_corners": 74.2072,
"find_points_in_Q": 0.001024,
"compaction": 17.2029,
"copy2host": 0.013856,
"filter": 126.858,
"delete": 0,
"preparation": 0.003328,
"cgal_convex_hull": 0.012384,
"total": 126.871
}