{
"n": 805306368,
"size": 139,
"hull": 18,
"seed": 0,
"copy2device": 616.465,
"find_extremes": 22.3903,
"find_corners": 80.1015,
"find_points_in_Q": 15.5904,
"compaction": 14.1894,
"copy2host": 0.015328,
"filter": 132.307,
"delete": 0,
"preparation": 0.01648,
"cgal_convex_hull": 0.01584,
"total": 132.323
}