{
"n": 1040187392,
"size": 184,
"hull": 23,
"seed": 0,
"copy2device": 770.548,
"find_extremes": 49.5374,
"find_corners": 104.123,
"find_points_in_Q": 0.001856,
"compaction": 24.0872,
"copy2host": 0.015904,
"filter": 177.806,
"delete": 0,
"preparation": 0.00688,
"cgal_convex_hull": 0.016928,
"total": 177.823
}