{
"n": 33554432,
"size": 70,
"hull": 21,
"seed": 0,
"copy2device": 35.2258,
"find_extremes": 1.59382,
"find_corners": 3.93478,
"find_points_in_Q": 0.751392,
"compaction": 0.732992,
"copy2host": 0.01008,
"filter": 7.04307,
"delete": 0,
"preparation": 0.006656,
"cgal_convex_hull": 0.011008,
"total": 7.05408
}