{
"n": 536870912,
"size": 165,
"hull": 26,
"seed": 0,
"copy2device": 367.685,
"find_extremes": 25.9025,
"find_corners": 54.1327,
"find_points_in_Q": 0.001024,
"compaction": 12.5795,
"copy2host": 0.01488,
"filter": 92.6693,
"delete": 0,
"preparation": 0.00336,
"cgal_convex_hull": 0.016736,
"total": 92.686
}