{
"n": 838860800,
"size": 356,
"hull": 23,
"seed": 0,
"copy2device": 643.259,
"find_extremes": 23.2779,
"find_corners": 84.1256,
"find_points_in_Q": 16.2214,
"compaction": 14.8436,
"copy2host": 0.015584,
"filter": 138.503,
"delete": 0,
"preparation": 0.026496,
"cgal_convex_hull": 0.027712,
"total": 138.531
}