{
"n": 100663296,
"size": 182,
"hull": 17,
"seed": 0,
"copy2device": 68.9914,
"find_extremes": 3.36806,
"find_corners": 10.6675,
"find_points_in_Q": 2.116,
"compaction": 1.88886,
"copy2host": 0.011616,
"filter": 18.0706,
"delete": 0,
"preparation": 0.012448,
"cgal_convex_hull": 0.017376,
"total": 18.088
}