{
"n": 838860800,
"size": 270,
"hull": 19,
"seed": 0,
"copy2device": 576.66,
"find_extremes": 40.1055,
"find_corners": 84.0397,
"find_points_in_Q": 0.002048,
"compaction": 19.5071,
"copy2host": 0.016096,
"filter": 143.713,
"delete": 0,
"preparation": 0.01248,
"cgal_convex_hull": 0.02016,
"total": 143.734
}