{
"n": 134217728,
"size": 216,
"hull": 19,
"seed": 0,
"copy2device": 95.4953,
"find_extremes": 4.24694,
"find_corners": 14.0684,
"find_points_in_Q": 2.8032,
"compaction": 2.52813,
"copy2host": 0.010304,
"filter": 23.6771,
"delete": 0,
"preparation": 0.014432,
"cgal_convex_hull": 0.019072,
"total": 23.6962
}