{
"n": 469762048,
"size": 43,
"hull": 16,
"seed": 0,
"copy2device": 320.658,
"find_extremes": 22.7681,
"find_corners": 47.4131,
"find_points_in_Q": 0.002048,
"compaction": 10.9748,
"copy2host": 0.013888,
"filter": 81.2104,
"delete": 0,
"preparation": 0.00224,
"cgal_convex_hull": 0.009792,
"total": 81.2202
}