{
"n": 201326592,
"size": 179,
"hull": 22,
"seed": 0,
"copy2device": 135.058,
"find_extremes": 10.2354,
"find_corners": 20.6889,
"find_points_in_Q": 0.002048,
"compaction": 4.84234,
"copy2host": 0.015264,
"filter": 35.8204,
"delete": 0,
"preparation": 0.004064,
"cgal_convex_hull": 0.015968,
"total": 35.8364
}