{
"n": 805306368,
"size": 86,
"hull": 22,
"seed": 0,
"copy2device": 604.401,
"find_extremes": 38.5653,
"find_corners": 80.903,
"find_points_in_Q": 0.001024,
"compaction": 18.7701,
"copy2host": 0.013856,
"filter": 138.295,
"delete": 0,
"preparation": 0.002944,
"cgal_convex_hull": 0.01216,
"total": 138.307
}