{
"n": 201326592,
"size": 69,
"hull": 17,
"seed": 0,
"copy2device": 157.537,
"find_extremes": 6.15971,
"find_corners": 20.6908,
"find_points_in_Q": 4.19517,
"compaction": 3.70454,
"copy2host": 0.01264,
"filter": 34.781,
"delete": 0,
"preparation": 0.007296,
"cgal_convex_hull": 0.011936,
"total": 34.7929
}