{
"n": 100663296,
"size": 55,
"hull": 21,
"seed": 0,
"copy2device": 68.9226,
"find_extremes": 3.34778,
"find_corners": 10.6929,
"find_points_in_Q": 2.11014,
"compaction": 1.88822,
"copy2host": 0.010176,
"filter": 18.07,
"delete": 0,
"preparation": 0.005152,
"cgal_convex_hull": 0.0104,
"total": 18.0804
}