{
"n": 838860800,
"size": 89,
"hull": 18,
"seed": 0,
"copy2device": 643.233,
"find_extremes": 23.1405,
"find_corners": 84.4733,
"find_points_in_Q": 16.2148,
"compaction": 14.8465,
"copy2host": 0.011424,
"filter": 138.709,
"delete": 0,
"preparation": 0.0104,
"cgal_convex_hull": 0.01328,
"total": 138.722
}