{
"n": 67108864,
"size": 65,
"hull": 20,
"seed": 0,
"copy2device": 55.829,
"find_extremes": 2.47946,
"find_corners": 7.34502,
"find_points_in_Q": 1.4321,
"compaction": 1.32266,
"copy2host": 0.010752,
"filter": 12.6084,
"delete": 0,
"preparation": 0.006592,
"cgal_convex_hull": 0.011392,
"total": 12.6197
}