{
"n": 973078528,
"size": 244,
"hull": 21,
"seed": 0,
"copy2device": 806.403,
"find_extremes": 26.9019,
"find_corners": 95.9141,
"find_points_in_Q": 18.9777,
"compaction": 17.1375,
"copy2host": 0.0136,
"filter": 158.966,
"delete": 0,
"preparation": 0.019168,
"cgal_convex_hull": 0.020256,
"total": 158.986
}