{
"n": 436207616,
"size": 208,
"hull": 21,
"seed": 0,
"copy2device": 297.826,
"find_extremes": 21.2122,
"find_corners": 44.0474,
"find_points_in_Q": 0.001024,
"compaction": 10.2404,
"copy2host": 0.015904,
"filter": 75.5573,
"delete": 0,
"preparation": 0.004448,
"cgal_convex_hull": 0.017152,
"total": 75.5744
}