{
"n": 134217728,
"size": 66,
"hull": 19,
"seed": 0,
"copy2device": 95.4081,
"find_extremes": 4.21082,
"find_corners": 14.0403,
"find_points_in_Q": 2.80474,
"compaction": 2.50154,
"copy2host": 0.010976,
"filter": 23.5885,
"delete": 0,
"preparation": 0.0072,
"cgal_convex_hull": 0.011168,
"total": 23.5996
}