{
"n": 1006632960,
"size": 91,
"hull": 20,
"seed": 0,
"copy2device": 696.721,
"find_extremes": 47.8888,
"find_corners": 100.986,
"find_points_in_Q": 0.002048,
"compaction": 23.3518,
"copy2host": 0.014816,
"filter": 172.286,
"delete": 0,
"preparation": 0.002848,
"cgal_convex_hull": 0.012288,
"total": 172.298
}