{
"n": 905969664,
"size": 306,
"hull": 26,
"seed": 0,
"copy2device": 695.767,
"find_extremes": 24.8766,
"find_corners": 90.3408,
"find_points_in_Q": 17.7128,
"compaction": 15.9362,
"copy2host": 0.013824,
"filter": 148.903,
"delete": 0,
"preparation": 0.026016,
"cgal_convex_hull": 0.023744,
"total": 148.927
}