{
"n": 469762048,
"size": 152,
"hull": 20,
"seed": 0,
"copy2device": 320.799,
"find_extremes": 22.8196,
"find_corners": 47.2873,
"find_points_in_Q": 0.002048,
"compaction": 11.0394,
"copy2host": 0.014848,
"filter": 81.2012,
"delete": 0,
"preparation": 0.002496,
"cgal_convex_hull": 0.013856,
"total": 81.215
}