{
"n": 100663296,
"size": 77,
"hull": 22,
"seed": 0,
"copy2device": 70.0942,
"find_extremes": 3.37037,
"find_corners": 10.6988,
"find_points_in_Q": 2.12118,
"compaction": 1.91107,
"copy2host": 0.010208,
"filter": 18.1311,
"delete": 0,
"preparation": 0.007776,
"cgal_convex_hull": 0.011744,
"total": 18.1429
}