{
"n": 369098752,
"size": 319,
"hull": 24,
"seed": 0,
"copy2device": 251.378,
"find_extremes": 17.9988,
"find_corners": 37.3944,
"find_points_in_Q": 0.001024,
"compaction": 8.7223,
"copy2host": 0.014944,
"filter": 64.1698,
"delete": 0,
"preparation": 0.01264,
"cgal_convex_hull": 0.021792,
"total": 64.1916
}