{
"n": 268435456,
"size": 221,
"hull": 16,
"seed": 0,
"copy2device": 193.813,
"find_extremes": 13.3628,
"find_corners": 27.4074,
"find_points_in_Q": 0.001024,
"compaction": 6.37562,
"copy2host": 0.016096,
"filter": 47.2024,
"delete": 0,
"preparation": 0.004704,
"cgal_convex_hull": 0.017952,
"total": 47.2203
}