{
"n": 536870912,
"size": 53,
"hull": 19,
"seed": 0,
"copy2device": 410.125,
"find_extremes": 15.1747,
"find_corners": 53.4678,
"find_points_in_Q": 10.5985,
"compaction": 9.54838,
"copy2host": 0.012,
"filter": 88.8214,
"delete": 0,
"preparation": 0.006624,
"cgal_convex_hull": 0.010464,
"total": 88.8319
}