{
"n": 704643072,
"size": 235,
"hull": 23,
"seed": 0,
"copy2device": 590.159,
"find_extremes": 19.6772,
"find_corners": 70.3543,
"find_points_in_Q": 13.8056,
"compaction": 12.4682,
"copy2host": 0.012544,
"filter": 116.339,
"delete": 0,
"preparation": 0.019808,
"cgal_convex_hull": 0.022528,
"total": 116.361
}