{
"n": 805306368,
"size": 68,
"hull": 17,
"seed": 0,
"copy2device": 553.391,
"find_extremes": 38.5744,
"find_corners": 80.6062,
"find_points_in_Q": 0.001984,
"compaction": 18.7137,
"copy2host": 0.014272,
"filter": 137.951,
"delete": 0,
"preparation": 0.0024,
"cgal_convex_hull": 0.0112,
"total": 137.962
}