{
"n": 939524096,
"size": 157,
"hull": 23,
"seed": 0,
"copy2device": 722.426,
"find_extremes": 25.9401,
"find_corners": 93.5363,
"find_points_in_Q": 18.1346,
"compaction": 16.8167,
"copy2host": 0.015072,
"filter": 154.465,
"delete": 0,
"preparation": 0.020256,
"cgal_convex_hull": 0.016928,
"total": 154.481
}