{
"n": 1073741824,
"size": 84,
"hull": 23,
"seed": 0,
"copy2device": 740.248,
"find_extremes": 51.5108,
"find_corners": 107.666,
"find_points_in_Q": 0.002048,
"compaction": 24.9106,
"copy2host": 0.01552,
"filter": 184.148,
"delete": 0,
"preparation": 0.002752,
"cgal_convex_hull": 0.011456,
"total": 184.159
}