{
"n": 369098752,
"size": 201,
"hull": 15,
"seed": 0,
"copy2device": 278.891,
"find_extremes": 10.5821,
"find_corners": 37.4365,
"find_points_in_Q": 7.40566,
"compaction": 6.5783,
"copy2host": 0.012256,
"filter": 62.0349,
"delete": 0,
"preparation": 0.01568,
"cgal_convex_hull": 0.017888,
"total": 62.0528
}