{
"n": 436207616,
"size": 244,
"hull": 21,
"seed": 0,
"copy2device": 297.833,
"find_extremes": 21.2285,
"find_corners": 44.0832,
"find_points_in_Q": 0.002048,
"compaction": 10.2231,
"copy2host": 0.014656,
"filter": 75.5907,
"delete": 0,
"preparation": 0.010432,
"cgal_convex_hull": 0.018688,
"total": 75.6094
}