{
"n": 369098752,
"size": 207,
"hull": 23,
"seed": 0,
"copy2device": 251.577,
"find_extremes": 18.1111,
"find_corners": 37.3719,
"find_points_in_Q": 0.001024,
"compaction": 8.6929,
"copy2host": 0.01504,
"filter": 64.2298,
"delete": 0,
"preparation": 0.002464,
"cgal_convex_hull": 0.017312,
"total": 64.2471
}