{
"n": 100663296,
"size": 78,
"hull": 17,
"seed": 0,
"copy2device": 67.1607,
"find_extremes": 5.47856,
"find_corners": 10.6109,
"find_points_in_Q": 0.00192,
"compaction": 2.50246,
"copy2host": 0.013152,
"filter": 18.6429,
"delete": 0,
"preparation": 0.00224,
"cgal_convex_hull": 0.011296,
"total": 18.6542
}