{
"n": 905969664,
"size": 299,
"hull": 21,
"seed": 0,
"copy2device": 751.551,
"find_extremes": 25.1099,
"find_corners": 90.3678,
"find_points_in_Q": 17.6336,
"compaction": 15.8895,
"copy2host": 0.01376,
"filter": 149.034,
"delete": 0,
"preparation": 0.027648,
"cgal_convex_hull": 0.024864,
"total": 149.059
}