{
"n": 301989888,
"size": 267,
"hull": 20,
"seed": 0,
"copy2device": 224.709,
"find_extremes": 8.86275,
"find_corners": 30.8247,
"find_points_in_Q": 6.23072,
"compaction": 5.41354,
"copy2host": 0.011136,
"filter": 51.3636,
"delete": 0,
"preparation": 0.02176,
"cgal_convex_hull": 0.021728,
"total": 51.3853
}