{
"n": 905969664,
"size": 263,
"hull": 23,
"seed": 0,
"copy2device": 749.768,
"find_extremes": 24.9445,
"find_corners": 90.3219,
"find_points_in_Q": 17.7225,
"compaction": 17.956,
"copy2host": 0.015072,
"filter": 150.978,
"delete": 0,
"preparation": 0.03456,
"cgal_convex_hull": 0.021664,
"total": 151
}