{
"n": 268435456,
"size": 66,
"hull": 19,
"seed": 0,
"copy2device": 181.621,
"find_extremes": 13.3872,
"find_corners": 27.3674,
"find_points_in_Q": 0.002048,
"compaction": 6.37821,
"copy2host": 0.013888,
"filter": 47.1855,
"delete": 0,
"preparation": 0.00224,
"cgal_convex_hull": 0.010304,
"total": 47.1958
}