{
"n": 33554432,
"size": 87,
"hull": 21,
"seed": 0,
"copy2device": 20.0453,
"find_extremes": 2.34515,
"find_corners": 3.8809,
"find_points_in_Q": 0.002048,
"compaction": 0.930304,
"copy2host": 0.012576,
"filter": 7.20563,
"delete": 0,
"preparation": 0.002624,
"cgal_convex_hull": 0.01152,
"total": 7.21715
}