{
"n": 872415232,
"size": 189,
"hull": 22,
"seed": 0,
"copy2device": 669.806,
"find_extremes": 24.3948,
"find_corners": 86.4338,
"find_points_in_Q": 17.0383,
"compaction": 15.3651,
"copy2host": 0.014336,
"filter": 143.268,
"delete": 0,
"preparation": 0.016192,
"cgal_convex_hull": 0.017344,
"total": 143.285
}