{
"n": 1006632960,
"size": 745,
"hull": 21,
"seed": 0,
"copy2device": 692.385,
"find_extremes": 47.8633,
"find_corners": 100.696,
"find_points_in_Q": 0.001024,
"compaction": 23.2877,
"copy2host": 0.016864,
"filter": 171.906,
"delete": 0,
"preparation": 0.011392,
"cgal_convex_hull": 0.052256,
"total": 171.958
}