{
"n": 201326592,
"size": 104,
"hull": 20,
"seed": 0,
"copy2device": 135.128,
"find_extremes": 10.1943,
"find_corners": 20.6377,
"find_points_in_Q": 0.002048,
"compaction": 4.83162,
"copy2host": 0.013472,
"filter": 35.7146,
"delete": 0,
"preparation": 0.002848,
"cgal_convex_hull": 0.013248,
"total": 35.7279
}