{
"n": 100663296,
"size": 203,
"hull": 17,
"seed": 0,
"copy2device": 67.9664,
"find_extremes": 3.35238,
"find_corners": 10.7266,
"find_points_in_Q": 2.13549,
"compaction": 1.93238,
"copy2host": 0.010592,
"filter": 18.1764,
"delete": 0,
"preparation": 0.013536,
"cgal_convex_hull": 0.015808,
"total": 18.1923
}