{
"n": 301989888,
"size": 299,
"hull": 22,
"seed": 0,
"copy2device": 204.829,
"find_extremes": 14.9508,
"find_corners": 30.7702,
"find_points_in_Q": 0.002048,
"compaction": 7.12051,
"copy2host": 0.014656,
"filter": 52.8963,
"delete": 0,
"preparation": 0.010624,
"cgal_convex_hull": 0.020192,
"total": 52.9165
}