{
"n": 905969664,
"size": 221,
"hull": 18,
"seed": 0,
"copy2device": 626.089,
"find_extremes": 43.1744,
"find_corners": 90.8165,
"find_points_in_Q": 0.002048,
"compaction": 21.1037,
"copy2host": 0.01568,
"filter": 155.153,
"delete": 0,
"preparation": 0.003392,
"cgal_convex_hull": 0.018112,
"total": 155.171
}