{
"n": 436207616,
"size": 386,
"hull": 20,
"seed": 0,
"copy2device": 330.966,
"find_extremes": 12.4018,
"find_corners": 43.9835,
"find_points_in_Q": 8.62646,
"compaction": 7.7184,
"copy2host": 0.015072,
"filter": 72.7637,
"delete": 0,
"preparation": 0.056864,
"cgal_convex_hull": 0.026944,
"total": 72.7906
}