{
"n": 838860800,
"size": 73,
"hull": 17,
"seed": 0,
"copy2device": 625.934,
"find_extremes": 40.0706,
"find_corners": 84.2701,
"find_points_in_Q": 0.001024,
"compaction": 19.5638,
"copy2host": 0.01488,
"filter": 143.962,
"delete": 0,
"preparation": 0.002336,
"cgal_convex_hull": 0.010784,
"total": 143.972
}