{
"n": 570425344,
"size": 451,
"hull": 20,
"seed": 0,
"copy2device": 447.647,
"find_extremes": 15.9441,
"find_corners": 56.8263,
"find_points_in_Q": 11.1482,
"compaction": 12.2369,
"copy2host": 0.01744,
"filter": 96.19,
"delete": 0,
"preparation": 0.042144,
"cgal_convex_hull": 0.032928,
"total": 96.223
}