{
"n": 838860800,
"size": 130,
"hull": 23,
"seed": 0,
"copy2device": 754.344,
"find_extremes": 23.2938,
"find_corners": 84.0954,
"find_points_in_Q": 16.3193,
"compaction": 14.724,
"copy2host": 0.012864,
"filter": 138.466,
"delete": 0,
"preparation": 0.0168,
"cgal_convex_hull": 0.014944,
"total": 138.481
}