{
"n": 134217728,
"size": 77,
"hull": 20,
"seed": 0,
"copy2device": 95.3814,
"find_extremes": 4.27149,
"find_corners": 14.0812,
"find_points_in_Q": 2.80774,
"compaction": 2.52538,
"copy2host": 0.01184,
"filter": 23.7157,
"delete": 0,
"preparation": 0.006688,
"cgal_convex_hull": 0.011648,
"total": 23.7273
}