{
"n": 1040187392,
"size": 160,
"hull": 23,
"seed": 0,
"copy2device": 912.842,
"find_extremes": 28.6812,
"find_corners": 103.529,
"find_points_in_Q": 20.0914,
"compaction": 18.2559,
"copy2host": 0.012192,
"filter": 170.593,
"delete": 0,
"preparation": 0.019936,
"cgal_convex_hull": 0.015936,
"total": 170.608
}