{
"n": 671088640,
"size": 181,
"hull": 21,
"seed": 0,
"copy2device": 571.536,
"find_extremes": 18.7279,
"find_corners": 66.9479,
"find_points_in_Q": 13.1379,
"compaction": 11.8975,
"copy2host": 0.012512,
"filter": 110.747,
"delete": 0,
"preparation": 0.033344,
"cgal_convex_hull": 0.018688,
"total": 110.766
}