{
"n": 973078528,
"size": 21,
"hull": 17,
"seed": 0,
"copy2device": 673.785,
"find_extremes": 46.3753,
"find_corners": 97.4901,
"find_points_in_Q": 0.001024,
"compaction": 22.498,
"copy2host": 0.013568,
"filter": 166.421,
"delete": 0,
"preparation": 0.0024,
"cgal_convex_hull": 0.008224,
"total": 166.429
}