{
"n": 67108864,
"size": 752,
"hull": 17,
"seed": 0,
"copy2device": 42.2189,
"find_extremes": 3.86602,
"find_corners": 7.30016,
"find_points_in_Q": 0.002048,
"compaction": 1.71718,
"copy2host": 0.015296,
"filter": 12.9359,
"delete": 0,
"preparation": 0.004192,
"cgal_convex_hull": 0.038688,
"total": 12.9746
}