{
"n": 369098752,
"size": 141,
"hull": 22,
"seed": 0,
"copy2device": 251.448,
"find_extremes": 18.0901,
"find_corners": 37.3207,
"find_points_in_Q": 0.001024,
"compaction": 8.68506,
"copy2host": 0.014656,
"filter": 64.1506,
"delete": 0,
"preparation": 0.003776,
"cgal_convex_hull": 0.014656,
"total": 64.1652
}