{
"n": 939524096,
"size": 74,
"hull": 19,
"seed": 0,
"copy2device": 776.135,
"find_extremes": 25.9663,
"find_corners": 95.9632,
"find_points_in_Q": 18.1728,
"compaction": 16.5159,
"copy2host": 0.012416,
"filter": 156.656,
"delete": 0,
"preparation": 0.016032,
"cgal_convex_hull": 0.012,
"total": 156.668
}