{
"n": 939524096,
"size": 441,
"hull": 22,
"seed": 0,
"copy2device": 779.066,
"find_extremes": 25.8285,
"find_corners": 93.683,
"find_points_in_Q": 18.1676,
"compaction": 16.4973,
"copy2host": 0.013248,
"filter": 154.211,
"delete": 0,
"preparation": 0.029696,
"cgal_convex_hull": 0.033824,
"total": 154.245
}