{
"n": 704643072,
"size": 167,
"hull": 23,
"seed": 0,
"copy2device": 536.076,
"find_extremes": 33.808,
"find_corners": 70.7318,
"find_points_in_Q": 0.002048,
"compaction": 16.396,
"copy2host": 0.01568,
"filter": 120.994,
"delete": 0,
"preparation": 0.004832,
"cgal_convex_hull": 0.015744,
"total": 121.01
}