{
"n": 301989888,
"size": 726,
"hull": 18,
"seed": 0,
"copy2device": 204.912,
"find_extremes": 14.9626,
"find_corners": 30.8634,
"find_points_in_Q": 0.001024,
"compaction": 7.13587,
"copy2host": 0.015904,
"filter": 53.0183,
"delete": 0,
"preparation": 0.005408,
"cgal_convex_hull": 0.040416,
"total": 53.0587
}