{
"n": 973078528,
"size": 164,
"hull": 26,
"seed": 0,
"copy2device": 860.604,
"find_extremes": 26.863,
"find_corners": 96.478,
"find_points_in_Q": 18.9441,
"compaction": 17.0833,
"copy2host": 0.01232,
"filter": 159.405,
"delete": 0,
"preparation": 0.018464,
"cgal_convex_hull": 0.01808,
"total": 159.423
}