{
"n": 402653184,
"size": 152,
"hull": 18,
"seed": 0,
"copy2device": 274.588,
"find_extremes": 19.6908,
"find_corners": 40.6518,
"find_points_in_Q": 0.002048,
"compaction": 9.47456,
"copy2host": 0.014592,
"filter": 69.8726,
"delete": 0,
"preparation": 0.002496,
"cgal_convex_hull": 0.015008,
"total": 69.8876
}