{
"n": 805306368,
"size": 240,
"hull": 22,
"seed": 0,
"copy2device": 555.819,
"find_extremes": 38.5432,
"find_corners": 80.9236,
"find_points_in_Q": 0.002048,
"compaction": 18.7336,
"copy2host": 0.015616,
"filter": 138.259,
"delete": 0,
"preparation": 0.0032,
"cgal_convex_hull": 0.018912,
"total": 138.278
}