{
"n": 301989888,
"size": 122,
"hull": 21,
"seed": 0,
"copy2device": 224.753,
"find_extremes": 8.85914,
"find_corners": 30.4633,
"find_points_in_Q": 6.16512,
"compaction": 5.40362,
"copy2host": 0.011264,
"filter": 50.9227,
"delete": 0,
"preparation": 0.011648,
"cgal_convex_hull": 0.014272,
"total": 50.937
}