{
"n": 805306368,
"size": 31,
"hull": 19,
"seed": 0,
"copy2device": 553.017,
"find_extremes": 38.5295,
"find_corners": 80.7803,
"find_points_in_Q": 0.002048,
"compaction": 18.7568,
"copy2host": 0.014432,
"filter": 138.122,
"delete": 0,
"preparation": 0.002304,
"cgal_convex_hull": 0.008928,
"total": 138.131
}