{
"n": 939524096,
"size": 144,
"hull": 24,
"seed": 0,
"copy2device": 646.772,
"find_extremes": 44.866,
"find_corners": 94.4271,
"find_points_in_Q": 0.001984,
"compaction": 21.8046,
"copy2host": 0.013856,
"filter": 161.153,
"delete": 0,
"preparation": 0.00672,
"cgal_convex_hull": 0.015328,
"total": 161.168
}