{
"n": 301989888,
"size": 67,
"hull": 20,
"seed": 0,
"copy2device": 224.68,
"find_extremes": 8.79702,
"find_corners": 30.7159,
"find_points_in_Q": 6.23354,
"compaction": 5.392,
"copy2host": 0.011488,
"filter": 51.1714,
"delete": 0,
"preparation": 0.00992,
"cgal_convex_hull": 0.01136,
"total": 51.1828
}