{
"n": 671088640,
"size": 116,
"hull": 19,
"seed": 0,
"copy2device": 562.339,
"find_extremes": 18.7715,
"find_corners": 66.8627,
"find_points_in_Q": 13.2011,
"compaction": 11.862,
"copy2host": 0.011488,
"filter": 110.735,
"delete": 0,
"preparation": 0.011744,
"cgal_convex_hull": 0.01728,
"total": 110.753
}