{
"n": 704643072,
"size": 189,
"hull": 20,
"seed": 0,
"copy2device": 482.951,
"find_extremes": 33.76,
"find_corners": 70.8833,
"find_points_in_Q": 0.001024,
"compaction": 16.4151,
"copy2host": 0.01584,
"filter": 121.116,
"delete": 0,
"preparation": 0.003424,
"cgal_convex_hull": 0.014816,
"total": 121.13
}