{
"n": 201326592,
"size": 71,
"hull": 18,
"seed": 0,
"copy2device": 135.301,
"find_extremes": 10.2369,
"find_corners": 20.7688,
"find_points_in_Q": 0.001024,
"compaction": 4.81923,
"copy2host": 0.013184,
"filter": 35.8766,
"delete": 0,
"preparation": 0.002528,
"cgal_convex_hull": 0.010592,
"total": 35.8872
}