{
"n": 335544320,
"size": 196,
"hull": 22,
"seed": 0,
"copy2device": 228.24,
"find_extremes": 16.5081,
"find_corners": 34.0009,
"find_points_in_Q": 0.001024,
"compaction": 7.91747,
"copy2host": 0.015104,
"filter": 58.4806,
"delete": 0,
"preparation": 0.002944,
"cgal_convex_hull": 0.018464,
"total": 58.4991
}