{
"n": 637534208,
"size": 258,
"hull": 20,
"seed": 0,
"copy2device": 436.416,
"find_extremes": 30.6802,
"find_corners": 64.258,
"find_points_in_Q": 0.001984,
"compaction": 14.8656,
"copy2host": 0.014784,
"filter": 109.861,
"delete": 0,
"preparation": 0.003488,
"cgal_convex_hull": 0.019584,
"total": 109.881
}