{
"n": 838860800,
"size": 110,
"hull": 26,
"seed": 0,
"copy2device": 696.397,
"find_extremes": 23.2609,
"find_corners": 83.7567,
"find_points_in_Q": 16.2633,
"compaction": 14.713,
"copy2host": 0.0128,
"filter": 138.028,
"delete": 0,
"preparation": 0.011648,
"cgal_convex_hull": 0.014528,
"total": 138.043
}