{
"n": 603979776,
"size": 167,
"hull": 22,
"seed": 0,
"copy2device": 413.768,
"find_extremes": 29.024,
"find_corners": 60.668,
"find_points_in_Q": 0.001888,
"compaction": 14.0965,
"copy2host": 0.015168,
"filter": 103.845,
"delete": 0,
"preparation": 0.003552,
"cgal_convex_hull": 0.015424,
"total": 103.86
}