{
"n": 369098752,
"size": 341,
"hull": 20,
"seed": 0,
"copy2device": 289.284,
"find_extremes": 10.7068,
"find_corners": 37.1541,
"find_points_in_Q": 7.4479,
"compaction": 6.56438,
"copy2host": 0.011872,
"filter": 61.905,
"delete": 0,
"preparation": 0.02368,
"cgal_convex_hull": 0.023904,
"total": 61.9289
}