{
"n": 335544320,
"size": 703,
"hull": 21,
"seed": 0,
"copy2device": 263.438,
"find_extremes": 9.77981,
"find_corners": 34.1455,
"find_points_in_Q": 6.70349,
"compaction": 5.97901,
"copy2host": 0.012736,
"filter": 56.6394,
"delete": 0,
"preparation": 0.04224,
"cgal_convex_hull": 0.039488,
"total": 56.6789
}