{
"n": 1040187392,
"size": 135,
"hull": 21,
"seed": 0,
"copy2device": 770.603,
"find_extremes": 49.5373,
"find_corners": 104.189,
"find_points_in_Q": 0.002048,
"compaction": 24.1013,
"copy2host": 0.015168,
"filter": 177.887,
"delete": 0,
"preparation": 0.007232,
"cgal_convex_hull": 0.014496,
"total": 177.902
}