{
"n": 570425344,
"size": 84,
"hull": 19,
"seed": 0,
"copy2device": 447.216,
"find_extremes": 16.0509,
"find_corners": 56.9037,
"find_points_in_Q": 11.1931,
"compaction": 10.1512,
"copy2host": 0.011936,
"filter": 94.3325,
"delete": 0,
"preparation": 0.010624,
"cgal_convex_hull": 0.012384,
"total": 94.3449
}