{
"n": 134217728,
"size": 101,
"hull": 21,
"seed": 0,
"copy2device": 88.6423,
"find_extremes": 7.05376,
"find_corners": 14.0021,
"find_points_in_Q": 0.001856,
"compaction": 3.26512,
"copy2host": 0.013504,
"filter": 24.372,
"delete": 0,
"preparation": 0.002272,
"cgal_convex_hull": 0.011296,
"total": 24.3833
}