{
"n": 369098752,
"size": 95,
"hull": 20,
"seed": 0,
"copy2device": 329.681,
"find_extremes": 10.6569,
"find_corners": 37.2941,
"find_points_in_Q": 7.43005,
"compaction": 6.59034,
"copy2host": 0.011104,
"filter": 62.0049,
"delete": 0,
"preparation": 0.009952,
"cgal_convex_hull": 0.01376,
"total": 62.0187
}