{
"n": 134217728,
"size": 74,
"hull": 19,
"seed": 0,
"copy2device": 88.6318,
"find_extremes": 7.05226,
"find_corners": 13.9735,
"find_points_in_Q": 0.001024,
"compaction": 3.25706,
"copy2host": 0.013248,
"filter": 24.3336,
"delete": 0,
"preparation": 0.002272,
"cgal_convex_hull": 0.010688,
"total": 24.3443
}