{
"n": 201326592,
"size": 120,
"hull": 23,
"seed": 0,
"copy2device": 198.683,
"find_extremes": 6.2064,
"find_corners": 20.8394,
"find_points_in_Q": 4.16634,
"compaction": 3.67926,
"copy2host": 0.00976,
"filter": 34.9241,
"delete": 0,
"preparation": 0.010528,
"cgal_convex_hull": 0.01456,
"total": 34.9387
}