{
"n": 33554432,
"size": 74,
"hull": 17,
"seed": 0,
"copy2device": 50.4077,
"find_extremes": 1.52701,
"find_corners": 3.87469,
"find_points_in_Q": 0.740928,
"compaction": 0.734272,
"copy2host": 0.010016,
"filter": 6.90579,
"delete": 0,
"preparation": 0.006592,
"cgal_convex_hull": 0.011136,
"total": 6.91693
}