{
"n": 771751936,
"size": 100,
"hull": 24,
"seed": 0,
"copy2device": 575.702,
"find_extremes": 36.9192,
"find_corners": 77.4012,
"find_points_in_Q": 0.00192,
"compaction": 17.9661,
"copy2host": 0.014528,
"filter": 132.343,
"delete": 0,
"preparation": 0.003264,
"cgal_convex_hull": 0.012416,
"total": 132.356
}