{
"n": 838860800,
"size": 229,
"hull": 21,
"seed": 0,
"copy2device": 579.086,
"find_extremes": 40.1237,
"find_corners": 84.2906,
"find_points_in_Q": 0.001024,
"compaction": 19.4625,
"copy2host": 0.015328,
"filter": 143.934,
"delete": 0,
"preparation": 0.003456,
"cgal_convex_hull": 0.017536,
"total": 143.952
}