{
"n": 872415232,
"size": 148,
"hull": 25,
"seed": 0,
"copy2device": 723.688,
"find_extremes": 24.219,
"find_corners": 87.0864,
"find_points_in_Q": 16.9458,
"compaction": 15.3223,
"copy2host": 0.011488,
"filter": 143.609,
"delete": 0,
"preparation": 0.014752,
"cgal_convex_hull": 0.01568,
"total": 143.625
}