{
"n": 838860800,
"size": 126,
"hull": 25,
"seed": 0,
"copy2device": 577.598,
"find_extremes": 40.0645,
"find_corners": 84.5875,
"find_points_in_Q": 0.002048,
"compaction": 19.553,
"copy2host": 0.013952,
"filter": 144.26,
"delete": 0,
"preparation": 0.004032,
"cgal_convex_hull": 0.015104,
"total": 144.275
}