{
"n": 939524096,
"size": 154,
"hull": 21,
"seed": 0,
"copy2device": 646.638,
"find_extremes": 44.8165,
"find_corners": 94.3114,
"find_points_in_Q": 0.002048,
"compaction": 21.8061,
"copy2host": 0.015776,
"filter": 160.995,
"delete": 0,
"preparation": 0.006688,
"cgal_convex_hull": 0.014912,
"total": 161.01
}