{
"n": 301989888,
"size": 270,
"hull": 21,
"seed": 0,
"copy2device": 260.302,
"find_extremes": 8.90746,
"find_corners": 30.6596,
"find_points_in_Q": 6.22848,
"compaction": 5.41261,
"copy2host": 0.012192,
"filter": 51.2389,
"delete": 0,
"preparation": 0.023456,
"cgal_convex_hull": 0.020768,
"total": 51.2597
}