{
"n": 805306368,
"size": 178,
"hull": 24,
"seed": 0,
"copy2device": 616.875,
"find_extremes": 22.3907,
"find_corners": 80.0091,
"find_points_in_Q": 15.5814,
"compaction": 14.1876,
"copy2host": 0.010816,
"filter": 132.202,
"delete": 0,
"preparation": 0.030208,
"cgal_convex_hull": 0.016384,
"total": 132.219
}