{
"n": 637534208,
"size": 86,
"hull": 19,
"seed": 0,
"copy2device": 437.288,
"find_extremes": 30.6802,
"find_corners": 64.0553,
"find_points_in_Q": 0.001024,
"compaction": 14.8804,
"copy2host": 0.01504,
"filter": 109.673,
"delete": 0,
"preparation": 0.002304,
"cgal_convex_hull": 0.011712,
"total": 109.684
}