{
"n": 570425344,
"size": 71,
"hull": 16,
"seed": 0,
"copy2device": 411.617,
"find_extremes": 27.4911,
"find_corners": 57.43,
"find_points_in_Q": 0.002048,
"compaction": 13.3163,
"copy2host": 0.014624,
"filter": 98.2925,
"delete": 0,
"preparation": 0.002592,
"cgal_convex_hull": 0.011456,
"total": 98.304
}