{
"n": 167772160,
"size": 150,
"hull": 21,
"seed": 0,
"copy2device": 132.283,
"find_extremes": 5.13514,
"find_corners": 17.3867,
"find_points_in_Q": 3.43677,
"compaction": 3.0695,
"copy2host": 0.010976,
"filter": 29.059,
"delete": 0,
"preparation": 0.012224,
"cgal_convex_hull": 0.015456,
"total": 29.0744
}