{
"n": 973078528,
"size": 169,
"hull": 21,
"seed": 0,
"copy2device": 859.769,
"find_extremes": 26.913,
"find_corners": 96.4657,
"find_points_in_Q": 18.9036,
"compaction": 17.0112,
"copy2host": 0.014624,
"filter": 159.33,
"delete": 0,
"preparation": 0.01744,
"cgal_convex_hull": 0.017344,
"total": 159.347
}