{
"n": 738197504,
"size": 185,
"hull": 23,
"seed": 0,
"copy2device": 506.186,
"find_extremes": 35.3116,
"find_corners": 74.2154,
"find_points_in_Q": 0.001024,
"compaction": 17.1697,
"copy2host": 0.017792,
"filter": 126.758,
"delete": 0,
"preparation": 0.006592,
"cgal_convex_hull": 0.016256,
"total": 126.774
}