{
"n": 469762048,
"size": 383,
"hull": 27,
"seed": 0,
"copy2device": 320.905,
"find_extremes": 22.826,
"find_corners": 47.3539,
"find_points_in_Q": 0.001952,
"compaction": 11.0054,
"copy2host": 0.014592,
"filter": 81.2406,
"delete": 0,
"preparation": 0.00352,
"cgal_convex_hull": 0.024768,
"total": 81.2654
}