{
"n": 603979776,
"size": 93,
"hull": 22,
"seed": 0,
"copy2device": 521.007,
"find_extremes": 16.8817,
"find_corners": 60.6952,
"find_points_in_Q": 11.8876,
"compaction": 10.7591,
"copy2host": 0.014304,
"filter": 100.258,
"delete": 0,
"preparation": 0.010336,
"cgal_convex_hull": 0.01296,
"total": 100.271
}