{
"n": 469762048,
"size": 232,
"hull": 18,
"seed": 0,
"copy2device": 357.269,
"find_extremes": 13.2713,
"find_corners": 47.2044,
"find_points_in_Q": 9.2232,
"compaction": 8.27155,
"copy2host": 0.011872,
"filter": 78.0041,
"delete": 0,
"preparation": 0.01744,
"cgal_convex_hull": 0.019456,
"total": 78.0235
}