{
"n": 436207616,
"size": 108,
"hull": 19,
"seed": 0,
"copy2device": 364.823,
"find_extremes": 12.5587,
"find_corners": 43.9826,
"find_points_in_Q": 8.83594,
"compaction": 7.69216,
"copy2host": 0.010656,
"filter": 73.1015,
"delete": 0,
"preparation": 0.011936,
"cgal_convex_hull": 0.01568,
"total": 73.1171
}