{
"n": 939524096,
"size": 135,
"hull": 18,
"seed": 0,
"copy2device": 776.524,
"find_extremes": 25.9597,
"find_corners": 96.2581,
"find_points_in_Q": 18.2643,
"compaction": 16.5527,
"copy2host": 0.012096,
"filter": 157.07,
"delete": 0,
"preparation": 0.02624,
"cgal_convex_hull": 0.015136,
"total": 157.085
}