{
"n": 268435456,
"size": 91,
"hull": 20,
"seed": 0,
"copy2device": 181.596,
"find_extremes": 13.3485,
"find_corners": 27.3583,
"find_points_in_Q": 0.001024,
"compaction": 6.37651,
"copy2host": 0.014336,
"filter": 47.136,
"delete": 0,
"preparation": 0.002336,
"cgal_convex_hull": 0.012,
"total": 47.148
}