{
"n": 436207616,
"size": 128,
"hull": 22,
"seed": 0,
"copy2device": 331.181,
"find_extremes": 12.4607,
"find_corners": 43.9201,
"find_points_in_Q": 8.58659,
"compaction": 7.7231,
"copy2host": 0.01216,
"filter": 72.7233,
"delete": 0,
"preparation": 0.022272,
"cgal_convex_hull": 0.014112,
"total": 72.7374
}