{
"n": 369098752,
"size": 36,
"hull": 18,
"seed": 0,
"copy2device": 251.105,
"find_extremes": 18.0434,
"find_corners": 37.3832,
"find_points_in_Q": 0.001024,
"compaction": 8.71062,
"copy2host": 0.013664,
"filter": 64.1901,
"delete": 0,
"preparation": 0.00224,
"cgal_convex_hull": 0.009408,
"total": 64.1995
}