{
"n": 1040187392,
"size": 367,
"hull": 21,
"seed": 0,
"copy2device": 720.446,
"find_extremes": 49.5162,
"find_corners": 104.416,
"find_points_in_Q": 0.001024,
"compaction": 24.1188,
"copy2host": 0.01488,
"filter": 178.108,
"delete": 0,
"preparation": 0.00384,
"cgal_convex_hull": 0.024416,
"total": 178.132
}