{
"n": 335544320,
"size": 362,
"hull": 19,
"seed": 0,
"copy2device": 228.143,
"find_extremes": 16.5313,
"find_corners": 34.0562,
"find_points_in_Q": 0.002048,
"compaction": 7.91686,
"copy2host": 0.014752,
"filter": 58.5588,
"delete": 0,
"preparation": 0.012096,
"cgal_convex_hull": 0.023904,
"total": 58.5828
}