{
"n": 1006632960,
"size": 79,
"hull": 25,
"seed": 0,
"copy2device": 743.317,
"find_extremes": 47.9617,
"find_corners": 100.713,
"find_points_in_Q": 0.001952,
"compaction": 23.4076,
"copy2host": 0.014336,
"filter": 172.141,
"delete": 0,
"preparation": 0.002752,
"cgal_convex_hull": 0.010848,
"total": 172.152
}