{
"n": 234881024,
"size": 77,
"hull": 20,
"seed": 0,
"copy2device": 173.884,
"find_extremes": 7.0792,
"find_corners": 24.0794,
"find_points_in_Q": 4.82816,
"compaction": 4.27014,
"copy2host": 0.010656,
"filter": 40.2891,
"delete": 0,
"preparation": 0.007936,
"cgal_convex_hull": 0.011552,
"total": 40.3007
}