{
"n": 234881024,
"size": 193,
"hull": 17,
"seed": 0,
"copy2device": 176.178,
"find_extremes": 11.8978,
"find_corners": 24.0435,
"find_points_in_Q": 0.002048,
"compaction": 5.60054,
"copy2host": 0.01872,
"filter": 41.6004,
"delete": 0,
"preparation": 0.005248,
"cgal_convex_hull": 0.015936,
"total": 41.6163
}