{
"n": 704643072,
"size": 126,
"hull": 24,
"seed": 0,
"copy2device": 533.38,
"find_extremes": 33.6747,
"find_corners": 70.5568,
"find_points_in_Q": 0.002048,
"compaction": 16.4145,
"copy2host": 0.01488,
"filter": 120.703,
"delete": 0,
"preparation": 0.007488,
"cgal_convex_hull": 0.013184,
"total": 120.716
}