{
"n": 33554432,
"size": 51,
"hull": 16,
"seed": 0,
"copy2device": 18.134,
"find_extremes": 1.54957,
"find_corners": 3.93162,
"find_points_in_Q": 0.741664,
"compaction": 0.710848,
"copy2host": 0.009568,
"filter": 6.96198,
"delete": 0,
"preparation": 0.005152,
"cgal_convex_hull": 0.010464,
"total": 6.97245
}