{
"n": 335544320,
"size": 150,
"hull": 27,
"seed": 0,
"copy2device": 252.137,
"find_extremes": 9.74675,
"find_corners": 33.9729,
"find_points_in_Q": 6.79062,
"compaction": 6.01533,
"copy2host": 0.01184,
"filter": 56.5591,
"delete": 0,
"preparation": 0.012416,
"cgal_convex_hull": 0.01568,
"total": 56.5747
}