{
"n": 100663296,
"size": 78,
"hull": 17,
"seed": 0,
"copy2device": 65.436,
"find_extremes": 5.48013,
"find_corners": 10.6394,
"find_points_in_Q": 0.002048,
"compaction": 2.49101,
"copy2host": 0.013632,
"filter": 18.6647,
"delete": 0,
"preparation": 0.002272,
"cgal_convex_hull": 0.011552,
"total": 18.6763
}