{
"n": 134217728,
"size": 105,
"hull": 19,
"seed": 0,
"copy2device": 95.4358,
"find_extremes": 4.25789,
"find_corners": 14.008,
"find_points_in_Q": 2.80458,
"compaction": 2.5167,
"copy2host": 0.013152,
"filter": 23.6189,
"delete": 0,
"preparation": 0.009632,
"cgal_convex_hull": 0.012768,
"total": 23.6317
}