{
"n": 33554432,
"size": 113,
"hull": 25,
"seed": 0,
"copy2device": 50.1397,
"find_extremes": 1.58413,
"find_corners": 3.91424,
"find_points_in_Q": 0.742336,
"compaction": 0.708736,
"copy2host": 0.009696,
"filter": 6.97798,
"delete": 0,
"preparation": 0.010592,
"cgal_convex_hull": 0.014496,
"total": 6.99248
}