{
"n": 570425344,
"size": 105,
"hull": 19,
"seed": 0,
"copy2device": 390.484,
"find_extremes": 27.556,
"find_corners": 57.5181,
"find_points_in_Q": 0.001984,
"compaction": 13.2752,
"copy2host": 0.01904,
"filter": 98.4119,
"delete": 0,
"preparation": 0.00544,
"cgal_convex_hull": 0.013088,
"total": 98.425
}