{
"n": 1073741824,
"size": 317,
"hull": 20,
"seed": 0,
"copy2device": 844.615,
"find_extremes": 51.1184,
"find_corners": 107.53,
"find_points_in_Q": 0.001024,
"compaction": 24.8767,
"copy2host": 0.015712,
"filter": 183.583,
"delete": 0,
"preparation": 0.012288,
"cgal_convex_hull": 0.022496,
"total": 183.605
}