{
"n": 335544320,
"size": 128,
"hull": 18,
"seed": 0,
"copy2device": 251.126,
"find_extremes": 9.7064,
"find_corners": 33.5772,
"find_points_in_Q": 6.84816,
"compaction": 5.98106,
"copy2host": 0.011744,
"filter": 56.1436,
"delete": 0,
"preparation": 0.010912,
"cgal_convex_hull": 0.013888,
"total": 56.1574
}