{
"n": 637534208,
"size": 110,
"hull": 19,
"seed": 0,
"copy2device": 488.004,
"find_extremes": 17.7243,
"find_corners": 64.4026,
"find_points_in_Q": 12.8169,
"compaction": 11.2945,
"copy2host": 0.012576,
"filter": 106.271,
"delete": 0,
"preparation": 0.011904,
"cgal_convex_hull": 0.0136,
"total": 106.285
}