{
"n": 369098752,
"size": 108,
"hull": 20,
"seed": 0,
"copy2device": 278.583,
"find_extremes": 10.6521,
"find_corners": 37.4979,
"find_points_in_Q": 7.32998,
"compaction": 6.55594,
"copy2host": 0.0104,
"filter": 62.0683,
"delete": 0,
"preparation": 0.010624,
"cgal_convex_hull": 0.014112,
"total": 62.0824
}