{
"n": 301989888,
"size": 231,
"hull": 21,
"seed": 0,
"copy2device": 204.674,
"find_extremes": 14.9243,
"find_corners": 30.7814,
"find_points_in_Q": 0.001024,
"compaction": 7.14067,
"copy2host": 0.015104,
"filter": 52.9012,
"delete": 0,
"preparation": 0.003328,
"cgal_convex_hull": 0.017152,
"total": 52.9184
}