{
"n": 503316480,
"size": 66,
"hull": 19,
"seed": 0,
"copy2device": 344.345,
"find_extremes": 24.4646,
"find_corners": 50.7484,
"find_points_in_Q": 0.00512,
"compaction": 11.8391,
"copy2host": 0.01728,
"filter": 87.1156,
"delete": 0,
"preparation": 0.003872,
"cgal_convex_hull": 0.01232,
"total": 87.1279
}