{
"n": 536870912,
"size": 794,
"hull": 21,
"seed": 0,
"copy2device": 420.534,
"find_extremes": 15.1225,
"find_corners": 53.3468,
"find_points_in_Q": 10.5715,
"compaction": 9.57834,
"copy2host": 0.013856,
"filter": 88.6528,
"delete": 0,
"preparation": 0.04912,
"cgal_convex_hull": 0.045856,
"total": 88.6987
}