{
"n": 939524096,
"size": 399,
"hull": 20,
"seed": 0,
"copy2device": 776.095,
"find_extremes": 25.969,
"find_corners": 95.1617,
"find_points_in_Q": 18.2166,
"compaction": 16.4865,
"copy2host": 0.01408,
"filter": 155.869,
"delete": 0,
"preparation": 0.048384,
"cgal_convex_hull": 0.02672,
"total": 155.896
}