{
"n": 905969664,
"size": 388,
"hull": 24,
"seed": 0,
"copy2device": 626.244,
"find_extremes": 43.2297,
"find_corners": 91.1297,
"find_points_in_Q": 0.002048,
"compaction": 21.0635,
"copy2host": 0.016064,
"filter": 155.481,
"delete": 0,
"preparation": 0.00384,
"cgal_convex_hull": 0.024256,
"total": 155.505
}