{
"n": 771751936,
"size": 178,
"hull": 21,
"seed": 0,
"copy2device": 629.028,
"find_extremes": 36.8904,
"find_corners": 77.5864,
"find_points_in_Q": 0.001888,
"compaction": 17.9412,
"copy2host": 0.015296,
"filter": 132.476,
"delete": 0,
"preparation": 0.007456,
"cgal_convex_hull": 0.017856,
"total": 132.494
}