{
"n": 167772160,
"size": 70,
"hull": 16,
"seed": 0,
"copy2device": 111.856,
"find_extremes": 8.65622,
"find_corners": 17.3527,
"find_points_in_Q": 0.002048,
"compaction": 4.06989,
"copy2host": 0.01312,
"filter": 30.1295,
"delete": 0,
"preparation": 0.002592,
"cgal_convex_hull": 0.01024,
"total": 30.1397
}