{
"n": 67108864,
"size": 128,
"hull": 26,
"seed": 0,
"copy2device": 43.2881,
"find_extremes": 3.91754,
"find_corners": 7.30931,
"find_points_in_Q": 0.002048,
"compaction": 1.72851,
"copy2host": 0.013408,
"filter": 13.0054,
"delete": 0,
"preparation": 0.00224,
"cgal_convex_hull": 0.013664,
"total": 13.0191
}