{
"n": 704643072,
"size": 180,
"hull": 20,
"seed": 0,
"copy2device": 483.171,
"find_extremes": 33.7999,
"find_corners": 70.9007,
"find_points_in_Q": 0.002048,
"compaction": 16.4012,
"copy2host": 0.014528,
"filter": 121.159,
"delete": 0,
"preparation": 0.003712,
"cgal_convex_hull": 0.015904,
"total": 121.175
}