{
"n": 872415232,
"size": 160,
"hull": 26,
"seed": 0,
"copy2device": 681.443,
"find_extremes": 41.6639,
"find_corners": 87.5274,
"find_points_in_Q": 0.002048,
"compaction": 20.2941,
"copy2host": 0.018496,
"filter": 149.546,
"delete": 0,
"preparation": 0.00416,
"cgal_convex_hull": 0.017024,
"total": 149.563
}