{
"n": 1073741824,
"size": 500,
"hull": 22,
"seed": 0,
"copy2device": 740.782,
"find_extremes": 51.0444,
"find_corners": 107.628,
"find_points_in_Q": 0.002048,
"compaction": 24.8436,
"copy2host": 0.016928,
"filter": 183.575,
"delete": 0,
"preparation": 0.004384,
"cgal_convex_hull": 0.034368,
"total": 183.609
}