{
"n": 704643072,
"size": 474,
"hull": 18,
"seed": 0,
"copy2device": 483.254,
"find_extremes": 33.8333,
"find_corners": 70.9059,
"find_points_in_Q": 0.001024,
"compaction": 16.4536,
"copy2host": 0.015584,
"filter": 121.252,
"delete": 0,
"preparation": 0.004288,
"cgal_convex_hull": 0.031136,
"total": 121.283
}