{
"n": 1040187392,
"size": 143,
"hull": 22,
"seed": 0,
"copy2device": 856.94,
"find_extremes": 28.7195,
"find_corners": 103.474,
"find_points_in_Q": 20.2815,
"compaction": 18.2633,
"copy2host": 0.011968,
"filter": 170.772,
"delete": 0,
"preparation": 0.015552,
"cgal_convex_hull": 0.016,
"total": 170.788
}