{
"n": 771751936,
"size": 350,
"hull": 22,
"seed": 0,
"copy2device": 576.239,
"find_extremes": 36.811,
"find_corners": 77.4,
"find_points_in_Q": 0.001024,
"compaction": 17.9028,
"copy2host": 0.01488,
"filter": 132.171,
"delete": 0,
"preparation": 0.00944,
"cgal_convex_hull": 0.027808,
"total": 132.199
}