{
"n": 33554432,
"size": 116,
"hull": 18,
"seed": 0,
"copy2device": 23.6877,
"find_extremes": 1.57965,
"find_corners": 3.93162,
"find_points_in_Q": 0.75216,
"compaction": 0.742272,
"copy2host": 0.011488,
"filter": 7.03517,
"delete": 0,
"preparation": 0.008416,
"cgal_convex_hull": 0.01488,
"total": 7.05005
}