{
"n": 201326592,
"size": 133,
"hull": 19,
"seed": 0,
"copy2device": 158.705,
"find_extremes": 6.12803,
"find_corners": 20.7718,
"find_points_in_Q": 4.15107,
"compaction": 3.69437,
"copy2host": 0.011712,
"filter": 34.7757,
"delete": 0,
"preparation": 0.011488,
"cgal_convex_hull": 0.015456,
"total": 34.7912
}