{
"n": 436207616,
"size": 100,
"hull": 23,
"seed": 0,
"copy2device": 297.732,
"find_extremes": 21.2523,
"find_corners": 44.2564,
"find_points_in_Q": 0.001024,
"compaction": 10.2417,
"copy2host": 0.014592,
"filter": 75.8063,
"delete": 0,
"preparation": 0.002912,
"cgal_convex_hull": 0.01216,
"total": 75.8185
}