{
"n": 905969664,
"size": 112,
"hull": 23,
"seed": 0,
"copy2device": 696.084,
"find_extremes": 25.0814,
"find_corners": 90.238,
"find_points_in_Q": 17.6959,
"compaction": 15.9457,
"copy2host": 0.01312,
"filter": 148.997,
"delete": 0,
"preparation": 0.012416,
"cgal_convex_hull": 0.01408,
"total": 149.011
}