{
"n": 603979776,
"size": 113,
"hull": 23,
"seed": 0,
"copy2device": 497.592,
"find_extremes": 16.9802,
"find_corners": 63.5478,
"find_points_in_Q": 11.9452,
"compaction": 10.6996,
"copy2host": 0.012032,
"filter": 103.206,
"delete": 0,
"preparation": 0.020864,
"cgal_convex_hull": 0.014816,
"total": 103.22
}