{
"n": 369098752,
"size": 50,
"hull": 20,
"seed": 0,
"copy2device": 251.228,
"find_extremes": 18.0569,
"find_corners": 37.4118,
"find_points_in_Q": 0.002048,
"compaction": 8.70531,
"copy2host": 0.01376,
"filter": 64.2254,
"delete": 0,
"preparation": 0.00224,
"cgal_convex_hull": 0.009536,
"total": 64.235
}