{
"n": 469762048,
"size": 395,
"hull": 21,
"seed": 0,
"copy2device": 320.994,
"find_extremes": 22.8107,
"find_corners": 47.5249,
"find_points_in_Q": 0.002048,
"compaction": 10.9935,
"copy2host": 0.022464,
"filter": 81.3919,
"delete": 0,
"preparation": 0.007264,
"cgal_convex_hull": 0.026176,
"total": 81.418
}