{
"n": 369098752,
"size": 422,
"hull": 22,
"seed": 0,
"copy2device": 277.739,
"find_extremes": 10.6592,
"find_corners": 37.2246,
"find_points_in_Q": 7.49139,
"compaction": 6.58403,
"copy2host": 0.012128,
"filter": 61.993,
"delete": 0,
"preparation": 0.027488,
"cgal_convex_hull": 0.028864,
"total": 62.0219
}