{
"n": 100663296,
"size": 252,
"hull": 19,
"seed": 0,
"copy2device": 65.5212,
"find_extremes": 5.50778,
"find_corners": 10.6691,
"find_points_in_Q": 0.001888,
"compaction": 2.5017,
"copy2host": 0.013984,
"filter": 18.731,
"delete": 0,
"preparation": 0.003296,
"cgal_convex_hull": 0.017984,
"total": 18.749
}