{
"n": 771751936,
"size": 189,
"hull": 26,
"seed": 0,
"copy2device": 580.143,
"find_extremes": 37.019,
"find_corners": 77.2577,
"find_points_in_Q": 0.001024,
"compaction": 17.9462,
"copy2host": 0.017504,
"filter": 132.282,
"delete": 0,
"preparation": 0.00416,
"cgal_convex_hull": 0.0216,
"total": 132.303
}