{
"n": 33554432,
"size": 51,
"hull": 17,
"seed": 0,
"copy2device": 20.0494,
"find_extremes": 2.18538,
"find_corners": 3.88096,
"find_points_in_Q": 0.001024,
"compaction": 0.956128,
"copy2host": 0.011904,
"filter": 7.07069,
"delete": 0,
"preparation": 0.002304,
"cgal_convex_hull": 0.008992,
"total": 7.07968
}