{
"n": 503316480,
"size": 161,
"hull": 23,
"seed": 0,
"copy2device": 421.492,
"find_extremes": 14.1941,
"find_corners": 50.6586,
"find_points_in_Q": 10.1841,
"compaction": 8.96998,
"copy2host": 0.011456,
"filter": 84.0396,
"delete": 0,
"preparation": 0.025088,
"cgal_convex_hull": 0.016992,
"total": 84.0566
}