{
"n": 100663296,
"size": 40,
"hull": 14,
"seed": 0,
"copy2device": 65.5808,
"find_extremes": 5.47664,
"find_corners": 10.6455,
"find_points_in_Q": 0.002048,
"compaction": 2.49728,
"copy2host": 0.013376,
"filter": 18.669,
"delete": 0,
"preparation": 0.002272,
"cgal_convex_hull": 0.008864,
"total": 18.6779
}