{
"n": 1073741824,
"size": 78,
"hull": 17,
"seed": 0,
"copy2device": 744.203,
"find_extremes": 51.1083,
"find_corners": 107.365,
"find_points_in_Q": 0.002048,
"compaction": 24.911,
"copy2host": 0.015136,
"filter": 183.443,
"delete": 0,
"preparation": 0.00368,
"cgal_convex_hull": 0.011456,
"total": 183.454
}