{
"n": 939524096,
"size": 159,
"hull": 18,
"seed": 0,
"copy2device": 748.646,
"find_extremes": 44.8198,
"find_corners": 94.2684,
"find_points_in_Q": 0.002048,
"compaction": 21.8357,
"copy2host": 0.015904,
"filter": 160.981,
"delete": 0,
"preparation": 0.006048,
"cgal_convex_hull": 0.015776,
"total": 160.997
}