{
"n": 671088640,
"size": 77,
"hull": 22,
"seed": 0,
"copy2device": 514.731,
"find_extremes": 18.6726,
"find_corners": 67.0218,
"find_points_in_Q": 13.1831,
"compaction": 11.8831,
"copy2host": 0.013536,
"filter": 110.797,
"delete": 0,
"preparation": 0.017024,
"cgal_convex_hull": 0.012704,
"total": 110.809
}