{
"n": 402653184,
"size": 373,
"hull": 24,
"seed": 0,
"copy2device": 276.977,
"find_extremes": 19.7564,
"find_corners": 40.8422,
"find_points_in_Q": 0.002048,
"compaction": 9.46528,
"copy2host": 0.020832,
"filter": 70.124,
"delete": 0,
"preparation": 0.008768,
"cgal_convex_hull": 0.026432,
"total": 70.1505
}