{
"n": 469762048,
"size": 133,
"hull": 21,
"seed": 0,
"copy2device": 321.187,
"find_extremes": 22.8404,
"find_corners": 47.4747,
"find_points_in_Q": 0.001952,
"compaction": 10.9977,
"copy2host": 0.014848,
"filter": 81.3686,
"delete": 0,
"preparation": 0.003232,
"cgal_convex_hull": 0.014176,
"total": 81.3828
}