{
"n": 268435456,
"size": 123,
"hull": 19,
"seed": 0,
"copy2device": 181.698,
"find_extremes": 13.3638,
"find_corners": 27.4226,
"find_points_in_Q": 0.002048,
"compaction": 6.36742,
"copy2host": 0.014528,
"filter": 47.207,
"delete": 0,
"preparation": 0.0032,
"cgal_convex_hull": 0.01312,
"total": 47.2202
}