{
"n": 838860800,
"size": 165,
"hull": 22,
"seed": 0,
"copy2device": 646.183,
"find_extremes": 23.1194,
"find_corners": 84.5182,
"find_points_in_Q": 16.4876,
"compaction": 14.7608,
"copy2host": 0.012544,
"filter": 138.921,
"delete": 0,
"preparation": 0.02624,
"cgal_convex_hull": 0.01584,
"total": 138.937
}