{
"n": 838860800,
"size": 140,
"hull": 21,
"seed": 0,
"copy2device": 619.823,
"find_extremes": 40.048,
"find_corners": 85.0248,
"find_points_in_Q": 0.002016,
"compaction": 19.4744,
"copy2host": 0.0152,
"filter": 144.606,
"delete": 0,
"preparation": 0.007424,
"cgal_convex_hull": 0.017376,
"total": 144.623
}