{
"n": 1073741824,
"size": 238,
"hull": 23,
"seed": 0,
"copy2device": 883.225,
"find_extremes": 29.568,
"find_corners": 106.473,
"find_points_in_Q": 20.7881,
"compaction": 18.8166,
"copy2host": 0.015552,
"filter": 175.681,
"delete": 0,
"preparation": 0.02032,
"cgal_convex_hull": 0.021248,
"total": 175.702
}