{
"n": 570425344,
"size": 202,
"hull": 25,
"seed": 0,
"copy2device": 390.692,
"find_extremes": 27.5348,
"find_corners": 57.3573,
"find_points_in_Q": 0.001952,
"compaction": 13.3859,
"copy2host": 0.014624,
"filter": 98.3349,
"delete": 0,
"preparation": 0.003136,
"cgal_convex_hull": 0.01808,
"total": 98.353
}