{
"n": 301989888,
"size": 170,
"hull": 23,
"seed": 0,
"copy2device": 204.759,
"find_extremes": 14.9849,
"find_corners": 30.7324,
"find_points_in_Q": 0.002048,
"compaction": 7.12672,
"copy2host": 0.014656,
"filter": 52.8994,
"delete": 0,
"preparation": 0.003136,
"cgal_convex_hull": 0.015136,
"total": 52.9146
}