{
"n": 268435456,
"size": 1325,
"hull": 19,
"seed": 0,
"copy2device": 181.697,
"find_extremes": 13.348,
"find_corners": 27.4401,
"find_points_in_Q": 0.001888,
"compaction": 6.38131,
"copy2host": 0.016512,
"filter": 47.2253,
"delete": 0,
"preparation": 0.0064,
"cgal_convex_hull": 0.072256,
"total": 47.2975
}