{
"n": 536870912,
"size": 123,
"hull": 17,
"seed": 0,
"copy2device": 410.367,
"find_extremes": 15.0922,
"find_corners": 53.6074,
"find_points_in_Q": 10.704,
"compaction": 9.536,
"copy2host": 0.012608,
"filter": 88.9721,
"delete": 0,
"preparation": 0.012992,
"cgal_convex_hull": 0.01312,
"total": 88.9853
}