{
"n": 33554432,
"size": 77,
"hull": 20,
"seed": 0,
"copy2device": 23.0408,
"find_extremes": 1.4569,
"find_corners": 3.87894,
"find_points_in_Q": 0.769728,
"compaction": 0.711584,
"copy2host": 0.010144,
"filter": 6.84646,
"delete": 0,
"preparation": 0.00656,
"cgal_convex_hull": 0.010368,
"total": 6.85683
}