{
"n": 570425344,
"size": 452,
"hull": 25,
"seed": 0,
"copy2device": 390.708,
"find_extremes": 27.4867,
"find_corners": 57.3911,
"find_points_in_Q": 0.001824,
"compaction": 13.3146,
"copy2host": 0.015648,
"filter": 98.2498,
"delete": 0,
"preparation": 0.012064,
"cgal_convex_hull": 0.029088,
"total": 98.2789
}