{
"n": 1006632960,
"size": 120,
"hull": 18,
"seed": 0,
"copy2device": 829.775,
"find_extremes": 27.7924,
"find_corners": 100.276,
"find_points_in_Q": 20.1412,
"compaction": 17.6489,
"copy2host": 0.012064,
"filter": 165.894,
"delete": 0,
"preparation": 0.012704,
"cgal_convex_hull": 0.015552,
"total": 165.91
}