{
"n": 536870912,
"size": 78,
"hull": 18,
"seed": 0,
"copy2device": 392.363,
"find_extremes": 25.8993,
"find_corners": 54.1522,
"find_points_in_Q": 0.001024,
"compaction": 12.5341,
"copy2host": 0.01408,
"filter": 92.641,
"delete": 0,
"preparation": 0.003104,
"cgal_convex_hull": 0.011296,
"total": 92.6523
}