{
"n": 369098752,
"size": 158,
"hull": 19,
"seed": 0,
"copy2device": 331.426,
"find_extremes": 10.6773,
"find_corners": 37.1171,
"find_points_in_Q": 7.54173,
"compaction": 6.56544,
"copy2host": 0.012768,
"filter": 61.9341,
"delete": 0,
"preparation": 0.013056,
"cgal_convex_hull": 0.01632,
"total": 61.9504
}