{
"n": 939524096,
"size": 120,
"hull": 25,
"seed": 0,
"copy2device": 776.295,
"find_extremes": 25.7977,
"find_corners": 93.8429,
"find_points_in_Q": 18.1408,
"compaction": 16.5156,
"copy2host": 0.012096,
"filter": 154.33,
"delete": 0,
"preparation": 0.012768,
"cgal_convex_hull": 0.01552,
"total": 154.346
}