{
"n": 469762048,
"size": 285,
"hull": 19,
"seed": 0,
"copy2device": 320.742,
"find_extremes": 22.7892,
"find_corners": 47.36,
"find_points_in_Q": 0.002048,
"compaction": 11.0074,
"copy2host": 0.0152,
"filter": 81.2135,
"delete": 0,
"preparation": 0.003456,
"cgal_convex_hull": 0.019808,
"total": 81.2333
}