{
"n": 704643072,
"size": 122,
"hull": 19,
"seed": 0,
"copy2device": 537.507,
"find_extremes": 19.6636,
"find_corners": 70.2735,
"find_points_in_Q": 13.8985,
"compaction": 12.4184,
"copy2host": 0.011648,
"filter": 116.287,
"delete": 0,
"preparation": 0.014016,
"cgal_convex_hull": 0.014048,
"total": 116.301
}