{
"n": 335544320,
"size": 74,
"hull": 19,
"seed": 0,
"copy2device": 252.214,
"find_extremes": 9.79338,
"find_corners": 34.2136,
"find_points_in_Q": 6.69373,
"compaction": 5.96723,
"copy2host": 0.011648,
"filter": 56.6998,
"delete": 0,
"preparation": 0.007936,
"cgal_convex_hull": 0.01152,
"total": 56.7113
}