{
"n": 1006632960,
"size": 354,
"hull": 25,
"seed": 0,
"copy2device": 696.076,
"find_extremes": 47.9722,
"find_corners": 100.878,
"find_points_in_Q": 0.001024,
"compaction": 23.294,
"copy2host": 0.016864,
"filter": 172.204,
"delete": 0,
"preparation": 0.003744,
"cgal_convex_hull": 0.024096,
"total": 172.228
}