{
"n": 134217728,
"size": 135,
"hull": 16,
"seed": 0,
"copy2device": 95.3768,
"find_extremes": 4.23299,
"find_corners": 14.016,
"find_points_in_Q": 2.77539,
"compaction": 2.49846,
"copy2host": 0.010528,
"filter": 23.5525,
"delete": 0,
"preparation": 0.010944,
"cgal_convex_hull": 0.01488,
"total": 23.5674
}