{
"n": 536870912,
"size": 133,
"hull": 20,
"seed": 0,
"copy2device": 367.573,
"find_extremes": 26.1273,
"find_corners": 54.147,
"find_points_in_Q": 0.004096,
"compaction": 12.559,
"copy2host": 0.017472,
"filter": 92.8933,
"delete": 0,
"preparation": 0.004992,
"cgal_convex_hull": 0.014784,
"total": 92.9081
}