{
"n": 536870912,
"size": 111,
"hull": 17,
"seed": 0,
"copy2device": 369.824,
"find_extremes": 26.078,
"find_corners": 54.1829,
"find_points_in_Q": 0.001024,
"compaction": 12.6177,
"copy2host": 0.018016,
"filter": 92.9366,
"delete": 0,
"preparation": 0.003744,
"cgal_convex_hull": 0.014528,
"total": 92.9512
}