{
"n": 603979776,
"size": 345,
"hull": 20,
"seed": 0,
"copy2device": 462.728,
"find_extremes": 16.9757,
"find_corners": 60.4404,
"find_points_in_Q": 11.9985,
"compaction": 10.7103,
"copy2host": 0.012672,
"filter": 100.158,
"delete": 0,
"preparation": 0.0296,
"cgal_convex_hull": 0.027296,
"total": 100.186
}