{
"n": 201326592,
"size": 228,
"hull": 18,
"seed": 0,
"copy2device": 159.013,
"find_extremes": 6.18547,
"find_corners": 20.839,
"find_points_in_Q": 4.20122,
"compaction": 3.65382,
"copy2host": 0.011584,
"filter": 34.9125,
"delete": 0,
"preparation": 0.016384,
"cgal_convex_hull": 0.020928,
"total": 34.9335
}