{
"n": 134217728,
"size": 80,
"hull": 21,
"seed": 0,
"copy2device": 88.8506,
"find_extremes": 7.06874,
"find_corners": 14.001,
"find_points_in_Q": 0.002048,
"compaction": 3.28701,
"copy2host": 0.01392,
"filter": 24.4084,
"delete": 0,
"preparation": 0.002688,
"cgal_convex_hull": 0.012064,
"total": 24.4205
}