{
"n": 402653184,
"size": 201,
"hull": 20,
"seed": 0,
"copy2device": 274.462,
"find_extremes": 19.7821,
"find_corners": 40.8095,
"find_points_in_Q": 0.002016,
"compaction": 9.49981,
"copy2host": 0.018304,
"filter": 70.1514,
"delete": 0,
"preparation": 0.005664,
"cgal_convex_hull": 0.017888,
"total": 70.1693
}