{
"n": 1073741824,
"size": 108,
"hull": 19,
"seed": 0,
"copy2device": 740.433,
"find_extremes": 50.9175,
"find_corners": 107.37,
"find_points_in_Q": 0.001024,
"compaction": 24.9511,
"copy2host": 0.015136,
"filter": 183.298,
"delete": 0,
"preparation": 0.0024,
"cgal_convex_hull": 0.012704,
"total": 183.31
}