{
"n": 1040187392,
"size": 244,
"hull": 23,
"seed": 0,
"copy2device": 716.987,
"find_extremes": 49.464,
"find_corners": 104.289,
"find_points_in_Q": 0.001984,
"compaction": 24.1316,
"copy2host": 0.015744,
"filter": 177.945,
"delete": 0,
"preparation": 0.003296,
"cgal_convex_hull": 0.019456,
"total": 177.964
}