{
"n": 201326592,
"size": 51,
"hull": 17,
"seed": 0,
"copy2device": 135.627,
"find_extremes": 10.2209,
"find_corners": 20.6326,
"find_points_in_Q": 0.002048,
"compaction": 4.80803,
"copy2host": 0.013984,
"filter": 35.7141,
"delete": 0,
"preparation": 0.002272,
"cgal_convex_hull": 0.01584,
"total": 35.7299
}