{
"n": 134217728,
"size": 135,
"hull": 24,
"seed": 0,
"copy2device": 88.6734,
"find_extremes": 7.06867,
"find_corners": 13.9715,
"find_points_in_Q": 0.001024,
"compaction": 3.27827,
"copy2host": 0.01424,
"filter": 24.3699,
"delete": 0,
"preparation": 0.002944,
"cgal_convex_hull": 0.013344,
"total": 24.3832
}