{
"n": 268435456,
"size": 69,
"hull": 19,
"seed": 0,
"copy2device": 193.897,
"find_extremes": 13.3598,
"find_corners": 27.3724,
"find_points_in_Q": 0.002048,
"compaction": 6.3545,
"copy2host": 0.01408,
"filter": 47.1393,
"delete": 0,
"preparation": 0.00224,
"cgal_convex_hull": 0.010112,
"total": 47.1494
}