{
"n": 905969664,
"size": 396,
"hull": 24,
"seed": 0,
"copy2device": 674.149,
"find_extremes": 43.2556,
"find_corners": 90.7397,
"find_points_in_Q": 0.00192,
"compaction": 20.9925,
"copy2host": 0.016224,
"filter": 155.049,
"delete": 0,
"preparation": 0.012736,
"cgal_convex_hull": 0.027552,
"total": 155.076
}