{
"n": 100663296,
"size": 240,
"hull": 22,
"seed": 0,
"copy2device": 66.5098,
"find_extremes": 5.49219,
"find_corners": 10.6436,
"find_points_in_Q": 0.001024,
"compaction": 2.5152,
"copy2host": 0.014336,
"filter": 18.7028,
"delete": 0,
"preparation": 0.002816,
"cgal_convex_hull": 0.018944,
"total": 18.7217
}