{
"n": 838860800,
"size": 189,
"hull": 19,
"seed": 0,
"copy2device": 754.328,
"find_extremes": 23.1348,
"find_corners": 84.1431,
"find_points_in_Q": 16.2948,
"compaction": 14.8123,
"copy2host": 0.013088,
"filter": 138.42,
"delete": 0,
"preparation": 0.017664,
"cgal_convex_hull": 0.018432,
"total": 138.439
}