{
"n": 268435456,
"size": 126,
"hull": 21,
"seed": 0,
"copy2device": 199.308,
"find_extremes": 7.99334,
"find_corners": 27.242,
"find_points_in_Q": 5.41037,
"compaction": 4.82141,
"copy2host": 0.012672,
"filter": 45.4984,
"delete": 0,
"preparation": 0.010976,
"cgal_convex_hull": 0.014784,
"total": 45.5132
}