{
"n": 234881024,
"size": 241,
"hull": 20,
"seed": 0,
"copy2device": 172.934,
"find_extremes": 7.09914,
"find_corners": 24.1027,
"find_points_in_Q": 4.83597,
"compaction": 4.22614,
"copy2host": 0.010816,
"filter": 40.2959,
"delete": 0,
"preparation": 0.017184,
"cgal_convex_hull": 0.020512,
"total": 40.3164
}