{
"n": 939524096,
"size": 318,
"hull": 23,
"seed": 0,
"copy2device": 649.455,
"find_extremes": 44.7647,
"find_corners": 94.677,
"find_points_in_Q": 0.001024,
"compaction": 21.8074,
"copy2host": 0.015808,
"filter": 161.308,
"delete": 0,
"preparation": 0.003808,
"cgal_convex_hull": 0.02336,
"total": 161.331
}