{
"n": 469762048,
"size": 87,
"hull": 24,
"seed": 0,
"copy2device": 357.282,
"find_extremes": 13.2926,
"find_corners": 47.0852,
"find_points_in_Q": 9.31901,
"compaction": 8.30202,
"copy2host": 0.011392,
"filter": 78.0309,
"delete": 0,
"preparation": 0.009312,
"cgal_convex_hull": 0.012544,
"total": 78.0435
}