{
"n": 268435456,
"size": 94,
"hull": 19,
"seed": 0,
"copy2device": 198.275,
"find_extremes": 7.97946,
"find_corners": 27.3359,
"find_points_in_Q": 5.45267,
"compaction": 4.86058,
"copy2host": 0.017792,
"filter": 45.6614,
"delete": 0,
"preparation": 0.00848,
"cgal_convex_hull": 0.013376,
"total": 45.6748
}