{
"n": 134217728,
"size": 56,
"hull": 22,
"seed": 0,
"copy2device": 95.4403,
"find_extremes": 4.25882,
"find_corners": 14.0423,
"find_points_in_Q": 2.8057,
"compaction": 2.54042,
"copy2host": 0.009952,
"filter": 23.6777,
"delete": 0,
"preparation": 0.005888,
"cgal_convex_hull": 0.011072,
"total": 23.6888
}