{
"n": 637534208,
"size": 213,
"hull": 20,
"seed": 0,
"copy2device": 438.851,
"find_extremes": 30.8216,
"find_corners": 64.2478,
"find_points_in_Q": 0.001856,
"compaction": 14.9078,
"copy2host": 0.019712,
"filter": 110.039,
"delete": 0,
"preparation": 0.006272,
"cgal_convex_hull": 0.017344,
"total": 110.056
}