{
"n": 369098752,
"size": 137,
"hull": 25,
"seed": 0,
"copy2device": 278.785,
"find_extremes": 10.6387,
"find_corners": 37.3148,
"find_points_in_Q": 7.44131,
"compaction": 6.56701,
"copy2host": 0.011136,
"filter": 61.9956,
"delete": 0,
"preparation": 0.01216,
"cgal_convex_hull": 0.01504,
"total": 62.0107
}