{
"n": 402653184,
"size": 114,
"hull": 26,
"seed": 0,
"copy2device": 274.53,
"find_extremes": 19.6871,
"find_corners": 40.7153,
"find_points_in_Q": 0.001952,
"compaction": 9.45994,
"copy2host": 0.013632,
"filter": 69.9159,
"delete": 0,
"preparation": 0.002464,
"cgal_convex_hull": 0.01584,
"total": 69.9317
}