{
"n": 1006632960,
"size": 127,
"hull": 18,
"seed": 0,
"copy2device": 777.838,
"find_extremes": 28.2295,
"find_corners": 100.093,
"find_points_in_Q": 20.1008,
"compaction": 17.6378,
"copy2host": 0.017216,
"filter": 166.098,
"delete": 0,
"preparation": 0.021184,
"cgal_convex_hull": 0.016576,
"total": 166.114
}