{
"n": 603979776,
"size": 91,
"hull": 18,
"seed": 0,
"copy2device": 414.092,
"find_extremes": 29.2012,
"find_corners": 60.8481,
"find_points_in_Q": 0.00512,
"compaction": 14.1385,
"copy2host": 0.018464,
"filter": 104.255,
"delete": 0,
"preparation": 0.004096,
"cgal_convex_hull": 0.013888,
"total": 104.269
}