{
"n": 570425344,
"size": 315,
"hull": 26,
"seed": 0,
"copy2device": 436.207,
"find_extremes": 15.9684,
"find_corners": 57.461,
"find_points_in_Q": 11.1868,
"compaction": 10.1056,
"copy2host": 0.01216,
"filter": 94.7545,
"delete": 0,
"preparation": 0.02208,
"cgal_convex_hull": 0.024864,
"total": 94.7794
}