{
"n": 771751936,
"size": 269,
"hull": 23,
"seed": 0,
"copy2device": 643.825,
"find_extremes": 21.445,
"find_corners": 76.8641,
"find_points_in_Q": 15.3684,
"compaction": 13.6226,
"copy2host": 0.013024,
"filter": 127.334,
"delete": 0,
"preparation": 0.027776,
"cgal_convex_hull": 0.021344,
"total": 127.355
}