{
"n": 603979776,
"size": 200,
"hull": 21,
"seed": 0,
"copy2device": 514.024,
"find_extremes": 16.9572,
"find_corners": 60.6057,
"find_points_in_Q": 11.951,
"compaction": 10.7178,
"copy2host": 0.011776,
"filter": 100.265,
"delete": 0,
"preparation": 0.016352,
"cgal_convex_hull": 0.018944,
"total": 100.284
}