{
"n": 704643072,
"size": 354,
"hull": 24,
"seed": 0,
"copy2device": 572.012,
"find_extremes": 19.6118,
"find_corners": 70.487,
"find_points_in_Q": 13.8834,
"compaction": 12.4985,
"copy2host": 0.0136,
"filter": 116.515,
"delete": 0,
"preparation": 0.031808,
"cgal_convex_hull": 0.029824,
"total": 116.545
}