{
"n": 402653184,
"size": 87,
"hull": 23,
"seed": 0,
"copy2device": 304.269,
"find_extremes": 11.5564,
"find_corners": 40.6987,
"find_points_in_Q": 8.22122,
"compaction": 7.11619,
"copy2host": 0.011136,
"filter": 67.63,
"delete": 0,
"preparation": 0.008512,
"cgal_convex_hull": 0.01312,
"total": 67.6431
}