{
"n": 436207616,
"size": 161,
"hull": 21,
"seed": 0,
"copy2device": 341.341,
"find_extremes": 12.4559,
"find_corners": 43.9147,
"find_points_in_Q": 8.62378,
"compaction": 7.71946,
"copy2host": 0.013152,
"filter": 72.7476,
"delete": 0,
"preparation": 0.014688,
"cgal_convex_hull": 0.015392,
"total": 72.763
}