{
"n": 301989888,
"size": 184,
"hull": 21,
"seed": 0,
"copy2device": 225.808,
"find_extremes": 8.87261,
"find_corners": 30.6676,
"find_points_in_Q": 6.20384,
"compaction": 5.4135,
"copy2host": 0.01568,
"filter": 51.189,
"delete": 0,
"preparation": 0.019072,
"cgal_convex_hull": 0.016512,
"total": 51.2055
}