{
"n": 301989888,
"size": 104,
"hull": 18,
"seed": 0,
"copy2device": 204.655,
"find_extremes": 14.8885,
"find_corners": 30.6862,
"find_points_in_Q": 0.001024,
"compaction": 7.1792,
"copy2host": 0.014112,
"filter": 52.8047,
"delete": 0,
"preparation": 0.002464,
"cgal_convex_hull": 0.011776,
"total": 52.8164
}