{
"n": 436207616,
"size": 270,
"hull": 20,
"seed": 0,
"copy2device": 297.874,
"find_extremes": 21.2124,
"find_corners": 44.2624,
"find_points_in_Q": 0.002048,
"compaction": 10.2302,
"copy2host": 0.014144,
"filter": 75.7591,
"delete": 0,
"preparation": 0.010528,
"cgal_convex_hull": 0.018656,
"total": 75.7778
}