{
"n": 100663296,
"size": 50,
"hull": 18,
"seed": 0,
"copy2device": 67.967,
"find_extremes": 3.37254,
"find_corners": 10.6624,
"find_points_in_Q": 2.10794,
"compaction": 1.93907,
"copy2host": 0.00992,
"filter": 18.1111,
"delete": 0,
"preparation": 0.005536,
"cgal_convex_hull": 0.009472,
"total": 18.1206
}