{
"n": 33554432,
"size": 87,
"hull": 17,
"seed": 0,
"copy2device": 20.0281,
"find_extremes": 2.22106,
"find_corners": 3.87686,
"find_points_in_Q": 0.001024,
"compaction": 0.954112,
"copy2host": 0.01248,
"filter": 7.10237,
"delete": 0,
"preparation": 0.002272,
"cgal_convex_hull": 0.010656,
"total": 7.11302
}