{
"n": 805306368,
"size": 201,
"hull": 19,
"seed": 0,
"copy2device": 602.538,
"find_extremes": 38.3646,
"find_corners": 81.0342,
"find_points_in_Q": 0.001856,
"compaction": 18.7874,
"copy2host": 0.018528,
"filter": 138.248,
"delete": 0,
"preparation": 0.005344,
"cgal_convex_hull": 0.017792,
"total": 138.265
}