{
"n": 100663296,
"size": 196,
"hull": 21,
"seed": 0,
"copy2device": 67.9461,
"find_extremes": 3.37469,
"find_corners": 10.6992,
"find_points_in_Q": 2.13843,
"compaction": 1.91411,
"copy2host": 0.012288,
"filter": 18.1562,
"delete": 0,
"preparation": 0.013696,
"cgal_convex_hull": 0.017248,
"total": 18.1734
}