{
"n": 201326592,
"size": 227,
"hull": 17,
"seed": 0,
"copy2device": 135.147,
"find_extremes": 10.2022,
"find_corners": 20.6776,
"find_points_in_Q": 0.002048,
"compaction": 4.83632,
"copy2host": 0.015232,
"filter": 35.7699,
"delete": 0,
"preparation": 0.002816,
"cgal_convex_hull": 0.017696,
"total": 35.7876
}