{
"n": 134217728,
"size": 132,
"hull": 25,
"seed": 0,
"copy2device": 95.4114,
"find_extremes": 4.25632,
"find_corners": 14.1102,
"find_points_in_Q": 2.81357,
"compaction": 2.50986,
"copy2host": 0.01088,
"filter": 23.7191,
"delete": 0,
"preparation": 0.01072,
"cgal_convex_hull": 0.014336,
"total": 23.7334
}