{
"n": 838860800,
"size": 269,
"hull": 17,
"seed": 0,
"copy2device": 579.463,
"find_extremes": 40.0632,
"find_corners": 84.144,
"find_points_in_Q": 0.002048,
"compaction": 19.4719,
"copy2host": 0.015488,
"filter": 143.737,
"delete": 0,
"preparation": 0.003872,
"cgal_convex_hull": 0.020064,
"total": 143.757
}