{
"n": 301989888,
"size": 145,
"hull": 18,
"seed": 0,
"copy2device": 207.26,
"find_extremes": 15.0421,
"find_corners": 30.7159,
"find_points_in_Q": 0.001888,
"compaction": 7.15421,
"copy2host": 0.018432,
"filter": 52.9721,
"delete": 0,
"preparation": 0.004672,
"cgal_convex_hull": 0.014624,
"total": 52.9867
}