{
"n": 167772160,
"size": 153,
"hull": 18,
"seed": 0,
"copy2device": 121.004,
"find_extremes": 5.1415,
"find_corners": 17.426,
"find_points_in_Q": 3.47325,
"compaction": 3.08512,
"copy2host": 0.009856,
"filter": 29.1569,
"delete": 0,
"preparation": 0.011776,
"cgal_convex_hull": 0.016512,
"total": 29.1734
}