{
"n": 1006632960,
"size": 314,
"hull": 20,
"seed": 0,
"copy2device": 829.524,
"find_extremes": 27.7885,
"find_corners": 100.169,
"find_points_in_Q": 20.0938,
"compaction": 17.6855,
"copy2host": 0.01392,
"filter": 165.77,
"delete": 0,
"preparation": 0.023392,
"cgal_convex_hull": 0.026016,
"total": 165.796
}