{
"n": 838860800,
"size": 109,
"hull": 22,
"seed": 0,
"copy2device": 576.789,
"find_extremes": 40.0867,
"find_corners": 84.3203,
"find_points_in_Q": 0.001024,
"compaction": 19.5131,
"copy2host": 0.014848,
"filter": 143.979,
"delete": 0,
"preparation": 0.002336,
"cgal_convex_hull": 0.01296,
"total": 143.992
}