{
"n": 503316480,
"size": 142,
"hull": 28,
"seed": 0,
"copy2device": 383.523,
"find_extremes": 14.2863,
"find_corners": 50.401,
"find_points_in_Q": 9.86246,
"compaction": 8.96387,
"copy2host": 0.012352,
"filter": 83.5465,
"delete": 0,
"preparation": 0.013216,
"cgal_convex_hull": 0.016448,
"total": 83.563
}