{
"n": 100663296,
"size": 92,
"hull": 21,
"seed": 0,
"copy2device": 68.1138,
"find_extremes": 5.50522,
"find_corners": 10.6711,
"find_points_in_Q": 0.001024,
"compaction": 2.48426,
"copy2host": 0.013024,
"filter": 18.712,
"delete": 0,
"preparation": 0.002336,
"cgal_convex_hull": 0.01152,
"total": 18.7236
}