{
"n": 469762048,
"size": 306,
"hull": 22,
"seed": 0,
"copy2device": 320.776,
"find_extremes": 22.8675,
"find_corners": 47.2054,
"find_points_in_Q": 0.002048,
"compaction": 10.9784,
"copy2host": 0.014752,
"filter": 81.1053,
"delete": 0,
"preparation": 0.01184,
"cgal_convex_hull": 0.021888,
"total": 81.1272
}