{
"n": 301989888,
"size": 141,
"hull": 20,
"seed": 0,
"copy2device": 236.439,
"find_extremes": 8.88259,
"find_corners": 30.6911,
"find_points_in_Q": 6.2209,
"compaction": 5.41773,
"copy2host": 0.010464,
"filter": 51.244,
"delete": 0,
"preparation": 0.012224,
"cgal_convex_hull": 0.013824,
"total": 51.2578
}