{
"n": 939524096,
"size": 165,
"hull": 25,
"seed": 0,
"copy2device": 649.769,
"find_extremes": 44.6418,
"find_corners": 94.5347,
"find_points_in_Q": 0.001024,
"compaction": 21.8019,
"copy2host": 0.015008,
"filter": 161.037,
"delete": 0,
"preparation": 0.003744,
"cgal_convex_hull": 0.016736,
"total": 161.053
}