{
"n": 973078528,
"size": 191,
"hull": 24,
"seed": 0,
"copy2device": 670.73,
"find_extremes": 46.4319,
"find_corners": 96.9697,
"find_points_in_Q": 0.00192,
"compaction": 22.5941,
"copy2host": 0.016224,
"filter": 166.055,
"delete": 0,
"preparation": 0.003584,
"cgal_convex_hull": 0.01776,
"total": 166.073
}