{
"n": 167772160,
"size": 99,
"hull": 20,
"seed": 0,
"copy2device": 111.937,
"find_extremes": 8.65126,
"find_corners": 17.3076,
"find_points_in_Q": 0.002048,
"compaction": 4.07034,
"copy2host": 0.014112,
"filter": 30.0827,
"delete": 0,
"preparation": 0.002272,
"cgal_convex_hull": 0.012768,
"total": 30.0955
}