{
"n": 805306368,
"size": 75,
"hull": 24,
"seed": 0,
"copy2device": 670.358,
"find_extremes": 22.2459,
"find_corners": 80.2821,
"find_points_in_Q": 15.5417,
"compaction": 14.1488,
"copy2host": 0.013376,
"filter": 132.255,
"delete": 0,
"preparation": 0.00976,
"cgal_convex_hull": 0.012384,
"total": 132.267
}