{
"n": 234881024,
"size": 567,
"hull": 21,
"seed": 0,
"copy2device": 172.947,
"find_extremes": 7.02288,
"find_corners": 23.9764,
"find_points_in_Q": 4.81955,
"compaction": 4.2679,
"copy2host": 0.011168,
"filter": 40.1183,
"delete": 0,
"preparation": 0.033344,
"cgal_convex_hull": 0.03456,
"total": 40.1529
}