{
"n": 805306368,
"size": 146,
"hull": 25,
"seed": 0,
"copy2device": 616.768,
"find_extremes": 22.3584,
"find_corners": 80.0732,
"find_points_in_Q": 15.586,
"compaction": 14.193,
"copy2host": 0.013312,
"filter": 132.245,
"delete": 0,
"preparation": 0.014976,
"cgal_convex_hull": 0.01584,
"total": 132.261
}