{
"n": 167772160,
"size": 10155,
"hull": 45,
"seed": 0,
"copy2device": 0,
"find_extremes": 546.682,
"find_corners": 717.401,
"find_points_in_Q": 0,
"compaction": 2077.38,
"copy2host": 0,
"delete": 0,
"preparation": 0.406464,
"cgal_convex_hull": 0.978944,
"total": 3342.44
}