{
"n": 268435456,
"size": 121,
"hull": 21,
"seed": 0,
"copy2device": 180.934,
"find_extremes": 5.98515,
"find_corners": 25.9985,
"find_points_in_Q": 5.49475,
"compaction": 3.80918,
"copy2host": 338.392,
"delete": 0,
"preparation": 0.011712,
"cgal_convex_hull": 0.015488,
"total": 379.695
}