{
"n": 570425344,
"size": 326,
"hull": 22,
"seed": 0,
"copy2device": 434.09,
"find_extremes": 12.8334,
"find_corners": 56.5558,
"find_points_in_Q": 11.2943,
"compaction": 8.02461,
"copy2host": 627.336,
"delete": 0,
"preparation": 0.069472,
"cgal_convex_hull": 0.029088,
"total": 716.074
}