{
"n": 134217728,
"size": 137,
"hull": 19,
"seed": 0,
"copy2device": 85.1012,
"find_extremes": 3.00058,
"find_corners": 13.2726,
"find_points_in_Q": 2.79568,
"compaction": 1.93088,
"copy2host": 169.154,
"delete": 0,
"preparation": 0.015904,
"cgal_convex_hull": 0.01632,
"total": 190.17
}