{
"n": 603979776,
"size": 47376,
"hull": 39,
"seed": 0,
"copy2device": 1027.29,
"find_extremes": 13.5965,
"find_corners": 58.6876,
"find_points_in_Q": 12.0421,
"compaction": 8.49325,
"copy2host": 712.476,
"delete": 0,
"preparation": 14.1725,
"cgal_convex_hull": 4.96653,
"total": 810.262
}