{
"n": 704643072,
"size": 183,
"hull": 19,
"seed": 0,
"copy2device": 593.136,
"find_extremes": 15.9117,
"find_corners": 68.0747,
"find_points_in_Q": 13.6492,
"compaction": 9.85008,
"copy2host": 808.582,
"delete": 0,
"preparation": 0.04944,
"cgal_convex_hull": 0.019584,
"total": 916.087
}