{
"n": 167772160,
"size": 13762,
"hull": 50,
"seed": 0,
"copy2device": 187.307,
"find_extremes": 3.73862,
"find_corners": 16.4896,
"find_points_in_Q": 3.48186,
"compaction": 2.38778,
"copy2host": 170.463,
"delete": 0,
"preparation": 5.89248,
"cgal_convex_hull": 1.35494,
"total": 197.916
}