{
"n": 335544320,
"size": 21619,
"hull": 43,
"seed": 0,
"copy2device": 332.654,
"find_extremes": 7.48221,
"find_corners": 33.309,
"find_points_in_Q": 6.7319,
"compaction": 4.72925,
"copy2host": 353.184,
"delete": 0,
"preparation": 7.48643,
"cgal_convex_hull": 2.20083,
"total": 407.637
}