{
"n": 1006632960,
"size": 262,
"hull": 21,
"seed": 0,
"copy2device": 803.728,
"find_extremes": 22.9156,
"find_corners": 99.0361,
"find_points_in_Q": 19.6143,
"compaction": 14.092,
"copy2host": 1240.4,
"delete": 0,
"preparation": 0.059168,
"cgal_convex_hull": 0.023104,
"total": 1396.08
}