{
"n": 637534208,
"size": 82,
"hull": 20,
"seed": 0,
"copy2device": 548.869,
"find_extremes": 14.3579,
"find_corners": 62.9736,
"find_points_in_Q": 12.5765,
"compaction": 8.95517,
"copy2host": 767.188,
"delete": 0,
"preparation": 0.028128,
"cgal_convex_hull": 0.0128,
"total": 866.064
}