{
"n": 704643072,
"size": 170,
"hull": 23,
"seed": 0,
"copy2device": 649.84,
"find_extremes": 15.9119,
"find_corners": 68.1562,
"find_points_in_Q": 13.6723,
"compaction": 9.88403,
"copy2host": 754.625,
"delete": 0,
"preparation": 0.032928,
"cgal_convex_hull": 0.020064,
"total": 862.27
}