{
"n": 436207616,
"size": 175,
"hull": 31,
"seed": 0,
"copy2device": 301.518,
"find_extremes": 9.76154,
"find_corners": 42.7441,
"find_points_in_Q": 8.6921,
"compaction": 6.12867,
"copy2host": 482.023,
"delete": 0,
"preparation": 0.038912,
"cgal_convex_hull": 0.020544,
"total": 549.37
}