{
"n": 167772160,
"size": 9899,
"hull": 33,
"seed": 0,
"copy2device": 187.949,
"find_extremes": 3.74851,
"find_corners": 16.7488,
"find_points_in_Q": 3.48208,
"compaction": 2.4033,
"copy2host": 185.228,
"delete": 0,
"preparation": 4.63498,
"cgal_convex_hull": 0.948448,
"total": 212.56
}