{
"n": 738197504,
"size": 29573,
"hull": 39,
"seed": 0,
"copy2device": 885.432,
"find_extremes": 16.6755,
"find_corners": 71.5456,
"find_points_in_Q": 14.4804,
"compaction": 10.3569,
"copy2host": 870.332,
"delete": 0,
"preparation": 8.91021,
"cgal_convex_hull": 3.16605,
"total": 986.557
}