{
"n": 469762048,
"size": 128,
"hull": 23,
"seed": 0,
"copy2device": 326.429,
"find_extremes": 10.5358,
"find_corners": 46.2077,
"find_points_in_Q": 9.3265,
"compaction": 6.60016,
"copy2host": 519.08,
"delete": 0,
"preparation": 0.032256,
"cgal_convex_hull": 0.017216,
"total": 591.767
}