{
"n": 704643072,
"size": 41322,
"hull": 39,
"seed": 0,
"copy2device": 811.13,
"find_extremes": 15.9178,
"find_corners": 68.1556,
"find_points_in_Q": 13.6043,
"compaction": 9.87853,
"copy2host": 816.065,
"delete": 0,
"preparation": 16.5344,
"cgal_convex_hull": 4.28877,
"total": 927.91
}