{
"n": 671088640,
"size": 40,
"hull": 15,
"seed": 0,
"copy2device": 607.06,
"find_extremes": 15.13,
"find_corners": 65.1337,
"find_points_in_Q": 13.1518,
"compaction": 9.42074,
"copy2host": 736.008,
"delete": 0,
"preparation": 0.012416,
"cgal_convex_hull": 0.010048,
"total": 838.854
}