{
"n": 100663296,
"size": 6043,
"hull": 41,
"seed": 0,
"copy2device": 97.1034,
"find_extremes": 2.27549,
"find_corners": 9.97594,
"find_points_in_Q": 2.10032,
"compaction": 1.39475,
"copy2host": 115.423,
"delete": 0,
"preparation": 2.3809,
"cgal_convex_hull": 0.521248,
"total": 131.691
}