{
"n": 100663296,
"size": 9143,
"hull": 37,
"seed": 0,
"copy2device": 94.7389,
"find_extremes": 2.26941,
"find_corners": 9.95133,
"find_points_in_Q": 2.10237,
"compaction": 1.39667,
"copy2host": 106.102,
"delete": 0,
"preparation": 3.46688,
"cgal_convex_hull": 0.86048,
"total": 122.683
}