{
"n": 268435456,
"size": 144,
"hull": 21,
"seed": 0,
"copy2device": 180.877,
"find_extremes": 5.97354,
"find_corners": 26.0694,
"find_points_in_Q": 5.47459,
"compaction": 3.79558,
"copy2host": 346.529,
"delete": 0,
"preparation": 0.013664,
"cgal_convex_hull": 0.017664,
"total": 387.86
}