{
"n": 402653184,
"size": 123,
"hull": 20,
"seed": 0,
"copy2device": 276.596,
"find_extremes": 9.01658,
"find_corners": 39.5879,
"find_points_in_Q": 8.2855,
"compaction": 5.69405,
"copy2host": 503.085,
"delete": 0,
"preparation": 0.028224,
"cgal_convex_hull": 0.016352,
"total": 565.685
}