{
"n": 167772160,
"size": 38,
"hull": 20,
"seed": 0,
"copy2device": 109.124,
"find_extremes": 3.74352,
"find_corners": 16.5279,
"find_points_in_Q": 3.49478,
"compaction": 2.38272,
"copy2host": 196.664,
"delete": 0,
"preparation": 0.006208,
"cgal_convex_hull": 0.010432,
"total": 222.823
}