{
"n": 67108864,
"size": 476,
"hull": 21,
"seed": 0,
"copy2device": 39.4437,
"find_extremes": 1.53386,
"find_corners": 6.59834,
"find_points_in_Q": 1.4225,
"compaction": 0.990784,
"copy2host": 84.2232,
"delete": 0,
"preparation": 0.026432,
"cgal_convex_hull": 0.031072,
"total": 94.7998
}