{
"n": 771751936,
"size": 133,
"hull": 28,
"seed": 0,
"copy2device": 642.64,
"find_extremes": 17.4573,
"find_corners": 74.7932,
"find_points_in_Q": 15.0571,
"compaction": 10.8501,
"copy2host": 907.111,
"delete": 0,
"preparation": 0.033536,
"cgal_convex_hull": 0.017248,
"total": 1025.29
}