{
"n": 570425344,
"size": 97,
"hull": 15,
"seed": 0,
"copy2device": 549.491,
"find_extremes": 12.8118,
"find_corners": 56.4478,
"find_points_in_Q": 11.2203,
"compaction": 8.01139,
"copy2host": 620.226,
"delete": 0,
"preparation": 0.027136,
"cgal_convex_hull": 0.01424,
"total": 708.731
}