{
"n": 402653184,
"size": 20941,
"hull": 42,
"seed": 0,
"copy2device": 486.042,
"find_extremes": 9.0031,
"find_corners": 39.6187,
"find_points_in_Q": 8.29792,
"compaction": 5.6896,
"copy2host": 505.747,
"delete": 0,
"preparation": 8.63254,
"cgal_convex_hull": 2.04384,
"total": 570.4
}