{
"n": 201326592,
"size": 41,
"hull": 21,
"seed": 0,
"copy2device": 134.148,
"find_extremes": 4.48269,
"find_corners": 20.0537,
"find_points_in_Q": 4.17923,
"compaction": 2.83882,
"copy2host": 235.815,
"delete": 0,
"preparation": 0.006656,
"cgal_convex_hull": 0.01104,
"total": 267.381
}