{
"n": 167772160,
"size": 40,
"hull": 17,
"seed": 0,
"copy2device": 109.018,
"find_extremes": 3.73933,
"find_corners": 16.5554,
"find_points_in_Q": 3.50282,
"compaction": 2.37114,
"copy2host": 211.974,
"delete": 0,
"preparation": 0.007136,
"cgal_convex_hull": 0.010688,
"total": 238.153
}