{
"n": 201326592,
"size": 26494,
"hull": 46,
"seed": 0,
"copy2device": 227.926,
"find_extremes": 4.51795,
"find_corners": 20.1057,
"find_points_in_Q": 4.14038,
"compaction": 2.84067,
"copy2host": 253.293,
"delete": 0,
"preparation": 8.78106,
"cgal_convex_hull": 2.72333,
"total": 287.621
}