{
"n": 1073741824,
"size": 130,
"hull": 19,
"seed": 0,
"copy2device": 812.811,
"find_extremes": 24.4292,
"find_corners": 104.77,
"find_points_in_Q": 20.7648,
"compaction": 15.0351,
"copy2host": 1126.07,
"delete": 0,
"preparation": 0.028704,
"cgal_convex_hull": 0.017216,
"total": 1291.09
}