{
"n": 301989888,
"size": 27187,
"hull": 39,
"seed": 0,
"copy2device": 318.921,
"find_extremes": 6.73155,
"find_corners": 29.9935,
"find_points_in_Q": 6.21597,
"compaction": 4.32774,
"copy2host": 320.498,
"delete": 0,
"preparation": 10.4055,
"cgal_convex_hull": 2.74093,
"total": 370.507
}