{
"n": 1006632960,
"size": 179,
"hull": 18,
"seed": 0,
"copy2device": 917.13,
"find_extremes": 22.9178,
"find_corners": 99.0198,
"find_points_in_Q": 19.6275,
"compaction": 14.0866,
"copy2host": 1082.6,
"delete": 0,
"preparation": 0.041376,
"cgal_convex_hull": 0.02032,
"total": 1238.27
}