{
"n": 469762048,
"size": 20146,
"hull": 41,
"seed": 0,
"copy2device": 670.394,
"find_extremes": 10.5396,
"find_corners": 48.4614,
"find_points_in_Q": 9.31446,
"compaction": 6.61334,
"copy2host": 512.306,
"delete": 0,
"preparation": 5.71347,
"cgal_convex_hull": 2.04179,
"total": 589.277
}