{
"n": 637534208,
"size": 359,
"hull": 20,
"seed": 0,
"copy2device": 548.82,
"find_extremes": 14.3633,
"find_corners": 62.4268,
"find_points_in_Q": 12.4817,
"compaction": 8.95942,
"copy2host": 671.277,
"delete": 0,
"preparation": 0.063328,
"cgal_convex_hull": 0.033184,
"total": 769.542
}