{
"n": 369098752,
"size": 13570,
"hull": 33,
"seed": 0,
"copy2device": 614.506,
"find_extremes": 8.25283,
"find_corners": 36.516,
"find_points_in_Q": 7.35613,
"compaction": 5.19427,
"copy2host": 523.735,
"delete": 0,
"preparation": 4.46496,
"cgal_convex_hull": 1.36614,
"total": 582.421
}