{
"n": 335544320,
"size": 32927,
"hull": 45,
"seed": 0,
"copy2device": 372.399,
"find_extremes": 7.48838,
"find_corners": 33.0262,
"find_points_in_Q": 6.84502,
"compaction": 4.74013,
"copy2host": 342.466,
"delete": 0,
"preparation": 10.8907,
"cgal_convex_hull": 3.37683,
"total": 397.943
}