{
"n": 838860800,
"size": 217,
"hull": 19,
"seed": 0,
"copy2device": 739.963,
"find_extremes": 19.0082,
"find_corners": 81.4304,
"find_points_in_Q": 16.3066,
"compaction": 11.7153,
"copy2host": 875.835,
"delete": 0,
"preparation": 0.046272,
"cgal_convex_hull": 0.02336,
"total": 1004.32
}