{
"n": 100663296,
"size": 14540,
"hull": 39,
"seed": 0,
"copy2device": 68.5817,
"find_extremes": 2.26819,
"find_corners": 9.97197,
"find_points_in_Q": 2.11421,
"compaction": 1.40166,
"copy2host": 110.678,
"delete": 0,
"preparation": 0.317472,
"cgal_convex_hull": 1.3737,
"total": 127.807
}