{
"n": 838860800,
"size": 194,
"hull": 25,
"seed": 0,
"copy2device": 586.675,
"find_extremes": 18.9901,
"find_corners": 81.9062,
"find_points_in_Q": 16.4463,
"compaction": 11.7556,
"copy2host": 874.412,
"delete": 0,
"preparation": 0.052512,
"cgal_convex_hull": 0.022144,
"total": 1003.53
}