{
"n": 369098752,
"size": 271,
"hull": 25,
"seed": 0,
"copy2device": 252.476,
"find_extremes": 8.24269,
"find_corners": 36.6009,
"find_points_in_Q": 7.34352,
"compaction": 5.21613,
"copy2host": 453.411,
"delete": 0,
"preparation": 0.026912,
"cgal_convex_hull": 0.030848,
"total": 510.845
}