{
"n": 603979776,
"size": 20675,
"hull": 42,
"seed": 0,
"copy2device": 913.885,
"find_extremes": 13.6062,
"find_corners": 61.8766,
"find_points_in_Q": 12.1697,
"compaction": 8.49965,
"copy2host": 719.729,
"delete": 0,
"preparation": 7.26269,
"cgal_convex_hull": 2.09104,
"total": 817.972
}