{
"n": 67108864,
"size": 5296,
"hull": 41,
"seed": 0,
"copy2device": 39.3731,
"find_extremes": 1.53325,
"find_corners": 6.64064,
"find_points_in_Q": 1.43872,
"compaction": 0.976096,
"copy2host": 74.7402,
"delete": 0,
"preparation": 0.198016,
"cgal_convex_hull": 0.437376,
"total": 85.7662
}