{
"n": 671088640,
"size": 93,
"hull": 25,
"seed": 0,
"copy2device": 568.586,
"find_extremes": 15.1209,
"find_corners": 65.1727,
"find_points_in_Q": 13.2789,
"compaction": 9.39302,
"copy2host": 702.993,
"delete": 0,
"preparation": 0.020672,
"cgal_convex_hull": 0.013984,
"total": 805.972
}