{
"n": 436207616,
"size": 90,
"hull": 22,
"seed": 0,
"copy2device": 335.103,
"find_extremes": 9.77402,
"find_corners": 43.0666,
"find_points_in_Q": 8.93731,
"compaction": 6.13766,
"copy2host": 482.326,
"delete": 0,
"preparation": 0.023456,
"cgal_convex_hull": 0.015968,
"total": 550.258
}