{
"n": 234881024,
"size": 161,
"hull": 22,
"seed": 0,
"copy2device": 157.886,
"find_extremes": 5.22618,
"find_corners": 23.2028,
"find_points_in_Q": 4.84826,
"compaction": 3.3039,
"copy2host": 276.068,
"delete": 0,
"preparation": 0.014336,
"cgal_convex_hull": 0.018656,
"total": 312.668
}