{
"n": 67108864,
"size": 40,
"hull": 16,
"seed": 0,
"copy2device": 39.3828,
"find_extremes": 1.53555,
"find_corners": 6.61558,
"find_points_in_Q": 1.42125,
"compaction": 0.983328,
"copy2host": 84.645,
"delete": 0,
"preparation": 0.005792,
"cgal_convex_hull": 0.010208,
"total": 95.2109
}