{
"n": 1006632960,
"size": 135,
"hull": 24,
"seed": 0,
"copy2device": 860.491,
"find_extremes": 22.8924,
"find_corners": 99.1555,
"find_points_in_Q": 19.6613,
"compaction": 14.0942,
"copy2host": 1084.14,
"delete": 0,
"preparation": 0.037632,
"cgal_convex_hull": 0.017664,
"total": 1239.96
}