{
"n": 134217728,
"size": 15111,
"hull": 36,
"seed": 0,
"copy2device": 164.932,
"find_extremes": 3.00618,
"find_corners": 13.2498,
"find_points_in_Q": 2.80077,
"compaction": 1.92483,
"copy2host": 149.048,
"delete": 0,
"preparation": 0.42064,
"cgal_convex_hull": 1.54701,
"total": 171.577
}