{
"n": 637534208,
"size": 23746,
"hull": 38,
"seed": 0,
"copy2device": 926.354,
"find_extremes": 14.3875,
"find_corners": 63.0179,
"find_points_in_Q": 12.5398,
"compaction": 8.93395,
"copy2host": 733.069,
"delete": 0,
"preparation": 8.0784,
"cgal_convex_hull": 2.40829,
"total": 834.356
}