{
"n": 637534208,
"size": 35041,
"hull": 36,
"seed": 0,
"copy2device": 1041.19,
"find_extremes": 14.3862,
"find_corners": 63.3537,
"find_points_in_Q": 12.4843,
"compaction": 8.94163,
"copy2host": 754.632,
"delete": 0,
"preparation": 11.2303,
"cgal_convex_hull": 3.60237,
"total": 857.4
}