{
"n": 536870912,
"size": 31850,
"hull": 42,
"seed": 0,
"copy2device": 687.566,
"find_extremes": 12.068,
"find_corners": 53.0553,
"find_points_in_Q": 10.551,
"compaction": 7.52493,
"copy2host": 562.365,
"delete": 0,
"preparation": 7.65104,
"cgal_convex_hull": 3.1752,
"total": 648.739
}