{
"n": 503316480,
"size": 34838,
"hull": 44,
"seed": 0,
"copy2device": 714.367,
"find_extremes": 11.2982,
"find_corners": 49.3704,
"find_points_in_Q": 10.2578,
"compaction": 7.09066,
"copy2host": 553.635,
"delete": 0,
"preparation": 8.72595,
"cgal_convex_hull": 3.55062,
"total": 635.202
}