{
"n": 301989888,
"size": 19711,
"hull": 35,
"seed": 0,
"copy2device": 319.192,
"find_extremes": 6.73427,
"find_corners": 29.8794,
"find_points_in_Q": 6.24963,
"compaction": 4.23773,
"copy2host": 324.209,
"delete": 0,
"preparation": 7.75546,
"cgal_convex_hull": 1.87046,
"total": 373.18
}