{
"n": 738197504,
"size": 313,
"hull": 17,
"seed": 0,
"copy2device": 614.601,
"find_extremes": 16.6567,
"find_corners": 71.4681,
"find_points_in_Q": 14.5852,
"compaction": 10.3343,
"copy2host": 771.183,
"delete": 0,
"preparation": 0.06752,
"cgal_convex_hull": 0.028224,
"total": 884.256
}