{
"n": 738197504,
"size": 3189,
"hull": 18,
"seed": 0,
"copy2device": 616.584,
"find_extremes": 16.6649,
"find_corners": 71.5879,
"find_points_in_Q": 14.5725,
"compaction": 10.3556,
"copy2host": 818.694,
"delete": 0,
"preparation": 0.566432,
"cgal_convex_hull": 0.24976,
"total": 932.124
}