{
"n": 536870912,
"size": 49,
"hull": 20,
"seed": 0,
"copy2device": 479.017,
"find_extremes": 12.0396,
"find_corners": 52.6631,
"find_points_in_Q": 10.5678,
"compaction": 7.55293,
"copy2host": 595.347,
"delete": 0,
"preparation": 0.014848,
"cgal_convex_hull": 0.010592,
"total": 678.181
}