{
"n": 503316480,
"size": 42043,
"hull": 45,
"seed": 0,
"copy2device": 662.309,
"find_extremes": 11.3036,
"find_corners": 49.3911,
"find_points_in_Q": 9.9376,
"compaction": 7.07504,
"copy2host": 554.048,
"delete": 0,
"preparation": 9.66704,
"cgal_convex_hull": 4.4431,
"total": 636.198
}