{
"n": 536870912,
"size": 14867,
"hull": 41,
"seed": 0,
"copy2device": 674.261,
"find_extremes": 12.0553,
"find_corners": 52.1264,
"find_points_in_Q": 10.592,
"compaction": 7.54896,
"copy2host": 659.432,
"delete": 0,
"preparation": 4.91974,
"cgal_convex_hull": 1.52061,
"total": 743.275
}