{
"n": 402653184,
"size": 26064,
"hull": 38,
"seed": 0,
"copy2device": 419.6,
"find_extremes": 9.00256,
"find_corners": 39.5866,
"find_points_in_Q": 7.99245,
"compaction": 5.67338,
"copy2host": 458.392,
"delete": 0,
"preparation": 12.5108,
"cgal_convex_hull": 2.69296,
"total": 523.34
}