{
"n": 234881024,
"size": 26454,
"hull": 43,
"seed": 0,
"copy2device": 316.132,
"find_extremes": 5.24531,
"find_corners": 23.1804,
"find_points_in_Q": 4.87053,
"compaction": 3.32861,
"copy2host": 247.936,
"delete": 0,
"preparation": 4.65469,
"cgal_convex_hull": 2.77187,
"total": 287.333
}