{
"n": 805306368,
"size": 259,
"hull": 27,
"seed": 0,
"copy2device": 719.492,
"find_extremes": 18.2243,
"find_corners": 79.8669,
"find_points_in_Q": 16.1154,
"compaction": 11.2923,
"copy2host": 865.978,
"delete": 0,
"preparation": 0.056992,
"cgal_convex_hull": 0.025344,
"total": 991.503
}