{
"n": 503316480,
"size": 30083,
"hull": 40,
"seed": 0,
"copy2device": 710.2,
"find_extremes": 11.2986,
"find_corners": 49.3587,
"find_points_in_Q": 11.1738,
"compaction": 7.08579,
"copy2host": 550.437,
"delete": 0,
"preparation": 7.70826,
"cgal_convex_hull": 3.07171,
"total": 632.425
}