{
"n": 570425344,
"size": 46818,
"hull": 46,
"seed": 0,
"copy2device": 741.491,
"find_extremes": 12.8199,
"find_corners": 56.5909,
"find_points_in_Q": 11.419,
"compaction": 8.02064,
"copy2host": 595.861,
"delete": 0,
"preparation": 2.01952,
"cgal_convex_hull": 4.70918,
"total": 689.421
}