{
"n": 771751936,
"size": 92,
"hull": 20,
"seed": 0,
"copy2device": 587.945,
"find_extremes": 17.454,
"find_corners": 74.8897,
"find_points_in_Q": 15.2502,
"compaction": 10.786,
"copy2host": 836.703,
"delete": 0,
"preparation": 0.026592,
"cgal_convex_hull": 0.014464,
"total": 955.097
}