{
"n": 1006632960,
"size": 140,
"hull": 23,
"seed": 0,
"copy2device": 808.951,
"find_extremes": 22.8993,
"find_corners": 98.9798,
"find_points_in_Q": 19.6118,
"compaction": 14.1039,
"copy2host": 1201.3,
"delete": 0,
"preparation": 0.029536,
"cgal_convex_hull": 0.01808,
"total": 1356.91
}