{
"n": 469762048,
"size": 120,
"hull": 21,
"seed": 0,
"copy2device": 359.82,
"find_extremes": 10.5342,
"find_corners": 46.4067,
"find_points_in_Q": 9.28275,
"compaction": 6.61786,
"copy2host": 534.321,
"delete": 0,
"preparation": 0.026336,
"cgal_convex_hull": 0.017088,
"total": 607.18
}