{
"n": 805306368,
"size": 241,
"hull": 24,
"seed": 0,
"copy2device": 711.34,
"find_extremes": 18.2428,
"find_corners": 79.748,
"find_points_in_Q": 16.0697,
"compaction": 11.2734,
"copy2host": 886.328,
"delete": 0,
"preparation": 0.056032,
"cgal_convex_hull": 0.023968,
"total": 1011.69
}