{
"n": 67108864,
"size": 435,
"hull": 18,
"seed": 0,
"copy2device": 41.4604,
"find_extremes": 1.5305,
"find_corners": 6.65558,
"find_points_in_Q": 1.41344,
"compaction": 0.984064,
"copy2host": 89.2224,
"delete": 0,
"preparation": 0.025536,
"cgal_convex_hull": 0.028608,
"total": 99.8346
}