{
"n": 167772160,
"size": 35,
"hull": 19,
"seed": 0,
"copy2device": 109.098,
"find_extremes": 3.73626,
"find_corners": 16.5845,
"find_points_in_Q": 3.49814,
"compaction": 2.37936,
"copy2host": 195.43,
"delete": 0,
"preparation": 0.006368,
"cgal_convex_hull": 0.009472,
"total": 221.637
}