{
"n": 335544320,
"size": 380,
"hull": 19,
"seed": 0,
"copy2device": 263.261,
"find_extremes": 7.49779,
"find_corners": 33.1187,
"find_points_in_Q": 6.75859,
"compaction": 4.74499,
"copy2host": 416.22,
"delete": 0,
"preparation": 0.074016,
"cgal_convex_hull": 0.030624,
"total": 468.371
}