{
"n": 637534208,
"size": 89,
"hull": 21,
"seed": 0,
"copy2device": 545.823,
"find_extremes": 14.3585,
"find_corners": 62.994,
"find_points_in_Q": 12.6125,
"compaction": 8.95059,
"copy2host": 688.242,
"delete": 0,
"preparation": 0.02448,
"cgal_convex_hull": 0.01376,
"total": 787.171
}