{
"n": 838860800,
"size": 211,
"hull": 19,
"seed": 0,
"copy2device": 685.527,
"find_extremes": 19.0271,
"find_corners": 81.498,
"find_points_in_Q": 16.357,
"compaction": 11.7414,
"copy2host": 860.753,
"delete": 0,
"preparation": 0.035392,
"cgal_convex_hull": 0.022176,
"total": 989.399
}