{
"n": 234881024,
"size": 19471,
"hull": 43,
"seed": 0,
"copy2device": 304.695,
"find_extremes": 5.23978,
"find_corners": 23.1863,
"find_points_in_Q": 4.8303,
"compaction": 3.34387,
"copy2host": 238.953,
"delete": 0,
"preparation": 3.61123,
"cgal_convex_hull": 1.98595,
"total": 277.539
}