{
"n": 268435456,
"size": 21248,
"hull": 45,
"seed": 0,
"copy2device": 328.329,
"find_extremes": 5.99834,
"find_corners": 26.7767,
"find_points_in_Q": 5.49523,
"compaction": 3.79549,
"copy2host": 300.899,
"delete": 0,
"preparation": 6.23603,
"cgal_convex_hull": 2.19958,
"total": 345.164
}