{
"n": 100663296,
"size": 42,
"hull": 17,
"seed": 0,
"copy2device": 66.216,
"find_extremes": 2.13376,
"find_corners": 9.80723,
"find_points_in_Q": 2.30803,
"compaction": 1.38029,
"copy2host": 134.419,
"delete": 0,
"preparation": 0.010592,
"cgal_convex_hull": 0.0128,
"total": 150.061
}