{
"n": 369098752,
"size": 95,
"hull": 22,
"seed": 0,
"copy2device": 279.609,
"find_extremes": 7.61808,
"find_corners": 35.2622,
"find_points_in_Q": 7.98461,
"compaction": 4.3559,
"copy2host": 415.768,
"delete": 0,
"preparation": 0.021312,
"cgal_convex_hull": 0.015488,
"total": 471.004
}