{
"n": 805306368,
"size": 239,
"hull": 25,
"seed": 0,
"copy2device": 734.474,
"find_extremes": 16.4751,
"find_corners": 78.2331,
"find_points_in_Q": 17.4784,
"compaction": 9.22758,
"copy2host": 858.379,
"delete": 0,
"preparation": 0.041408,
"cgal_convex_hull": 0.023712,
"total": 979.817
}