{
"n": 536870912,
"size": 28456,
"hull": 42,
"seed": 0,
"copy2device": 788.834,
"find_extremes": 11.027,
"find_corners": 51.632,
"find_points_in_Q": 11.3989,
"compaction": 6.23974,
"copy2host": 567.569,
"delete": 0,
"preparation": 7.19971,
"cgal_convex_hull": 2.99923,
"total": 650.865
}