{
"n": 771751936,
"size": 197,
"hull": 20,
"seed": 0,
"copy2device": 652.83,
"find_extremes": 15.79,
"find_corners": 74.1734,
"find_points_in_Q": 16.2207,
"compaction": 8.88806,
"copy2host": 876.639,
"delete": 0,
"preparation": 0.044128,
"cgal_convex_hull": 0.021568,
"total": 991.733
}