{
"n": 100663296,
"size": 194,
"hull": 21,
"seed": 0,
"copy2device": 66.2658,
"find_extremes": 2.13274,
"find_corners": 9.82051,
"find_points_in_Q": 2.30195,
"compaction": 1.38179,
"copy2host": 131.47,
"delete": 0,
"preparation": 0.015552,
"cgal_convex_hull": 0.018112,
"total": 147.125
}