{
"n": 100663296,
"size": 10473,
"hull": 36,
"seed": 0,
"copy2device": 96.7742,
"find_extremes": 2.14659,
"find_corners": 9.83994,
"find_points_in_Q": 2.27754,
"compaction": 1.37942,
"copy2host": 109.359,
"delete": 0,
"preparation": 3.18512,
"cgal_convex_hull": 0.999104,
"total": 126.002
}