{
"n": 234881024,
"size": 230,
"hull": 20,
"seed": 0,
"copy2device": 162.322,
"find_extremes": 4.86214,
"find_corners": 22.8202,
"find_points_in_Q": 5.18074,
"compaction": 2.87446,
"copy2host": 281.935,
"delete": 0,
"preparation": 0.01712,
"cgal_convex_hull": 0.020448,
"total": 317.693
}