{
"n": 234881024,
"size": 208,
"hull": 24,
"seed": 0,
"copy2device": 162.44,
"find_extremes": 4.86698,
"find_corners": 22.9001,
"find_points_in_Q": 5.16378,
"compaction": 2.85584,
"copy2host": 304.033,
"delete": 0,
"preparation": 0.017408,
"cgal_convex_hull": 0.020896,
"total": 339.841
}