{
"n": 268435456,
"size": 22897,
"hull": 48,
"seed": 0,
"copy2device": 333.475,
"find_extremes": 5.54429,
"find_corners": 25.8522,
"find_points_in_Q": 5.93162,
"compaction": 3.26272,
"copy2host": 275.808,
"delete": 0,
"preparation": 6.63427,
"cgal_convex_hull": 2.29309,
"total": 318.692
}