{
"n": 268435456,
"size": 11572,
"hull": 29,
"seed": 0,
"copy2device": 313.506,
"find_extremes": 5.54867,
"find_corners": 25.8216,
"find_points_in_Q": 5.86451,
"compaction": 3.23882,
"copy2host": 309.507,
"delete": 0,
"preparation": 6.21261,
"cgal_convex_hull": 1.11363,
"total": 351.095
}