{
"n": 100663296,
"size": 65,
"hull": 21,
"seed": 0,
"copy2device": 66.1921,
"find_extremes": 2.13379,
"find_corners": 9.82102,
"find_points_in_Q": 2.30038,
"compaction": 1.38778,
"copy2host": 129.349,
"delete": 0,
"preparation": 0.011456,
"cgal_convex_hull": 0.014112,
"total": 145.006
}