{
"n": 704643072,
"size": 405,
"hull": 23,
"seed": 0,
"copy2device": 663.961,
"find_extremes": 14.4178,
"find_corners": 67.7819,
"find_points_in_Q": 14.88,
"compaction": 8.0951,
"copy2host": 745.3,
"delete": 0,
"preparation": 0.065152,
"cgal_convex_hull": 0.033024,
"total": 850.508
}