{
"n": 1040187392,
"size": 313,
"hull": 19,
"seed": 0,
"copy2device": 904.962,
"find_extremes": 21.2506,
"find_corners": 98.8467,
"find_points_in_Q": 21.817,
"compaction": 11.8307,
"copy2host": 1083.58,
"delete": 0,
"preparation": 0.040096,
"cgal_convex_hull": 0.030176,
"total": 1237.36
}