{
"n": 369098752,
"size": 197,
"hull": 25,
"seed": 0,
"copy2device": 294.734,
"find_extremes": 7.61402,
"find_corners": 35.2522,
"find_points_in_Q": 7.92266,
"compaction": 4.36486,
"copy2host": 417.754,
"delete": 0,
"preparation": 0.051168,
"cgal_convex_hull": 0.0224,
"total": 472.93
}