{
"n": 805306368,
"size": 129,
"hull": 22,
"seed": 0,
"copy2device": 646.61,
"find_extremes": 16.4717,
"find_corners": 78.1983,
"find_points_in_Q": 17.5598,
"compaction": 9.29955,
"copy2host": 903.022,
"delete": 0,
"preparation": 0.041344,
"cgal_convex_hull": 0.018208,
"total": 1024.57
}