{
"n": 1040187392,
"size": 153,
"hull": 25,
"seed": 0,
"copy2device": 903.929,
"find_extremes": 21.2512,
"find_corners": 98.8669,
"find_points_in_Q": 21.8072,
"compaction": 11.8283,
"copy2host": 1137.75,
"delete": 0,
"preparation": 0.044032,
"cgal_convex_hull": 0.018688,
"total": 1291.53
}