{
"n": 570425344,
"size": 26068,
"hull": 43,
"seed": 0,
"copy2device": 800.123,
"find_extremes": 11.6981,
"find_corners": 54.758,
"find_points_in_Q": 12.1159,
"compaction": 6.59894,
"copy2host": 961.907,
"delete": 0,
"preparation": 4.66224,
"cgal_convex_hull": 2.71008,
"total": 1049.79
}