{
"n": 704643072,
"size": 25152,
"hull": 32,
"seed": 0,
"copy2device": 925.737,
"find_extremes": 14.4248,
"find_corners": 67.6464,
"find_points_in_Q": 14.9261,
"compaction": 8.09219,
"copy2host": 804.163,
"delete": 0,
"preparation": 5.51046,
"cgal_convex_hull": 2.65117,
"total": 911.904
}