{
"n": 805306368,
"size": 39469,
"hull": 37,
"seed": 0,
"copy2device": 1086.71,
"find_extremes": 16.4769,
"find_corners": 78.2382,
"find_points_in_Q": 17.5196,
"compaction": 9.25078,
"copy2host": 918.359,
"delete": 0,
"preparation": 10.4508,
"cgal_convex_hull": 4.01802,
"total": 1043.86
}