{
"n": 67108864,
"size": 10509,
"hull": 45,
"seed": 0,
"copy2device": 42.8187,
"find_extremes": 1.44838,
"find_corners": 6.61741,
"find_points_in_Q": 1.54998,
"compaction": 1.00528,
"copy2host": 74.1574,
"delete": 0,
"preparation": 0.27184,
"cgal_convex_hull": 0.985088,
"total": 85.7635
}