{
"n": 369098752,
"size": 122,
"hull": 16,
"seed": 0,
"copy2device": 259.336,
"find_extremes": 7.59485,
"find_corners": 35.1538,
"find_points_in_Q": 7.91235,
"compaction": 4.35011,
"copy2host": 478.676,
"delete": 0,
"preparation": 0.026464,
"cgal_convex_hull": 0.014624,
"total": 533.702
}