{
"n": 603979776,
"size": 42905,
"hull": 36,
"seed": 0,
"copy2device": 710.448,
"find_extremes": 12.3724,
"find_corners": 57.9642,
"find_points_in_Q": 12.7699,
"compaction": 6.99962,
"copy2host": 726.388,
"delete": 0,
"preparation": 14.2059,
"cgal_convex_hull": 4.45728,
"total": 820.951
}