{
"n": 637534208,
"size": 135,
"hull": 26,
"seed": 0,
"copy2device": 617.835,
"find_extremes": 13.0582,
"find_corners": 61.2885,
"find_points_in_Q": 13.5655,
"compaction": 7.33402,
"copy2host": 747.041,
"delete": 0,
"preparation": 0.032224,
"cgal_convex_hull": 0.0168,
"total": 842.304
}