{
"n": 905969664,
"size": 443,
"hull": 22,
"seed": 0,
"copy2device": 752.315,
"find_extremes": 18.5169,
"find_corners": 85.8716,
"find_points_in_Q": 18.9648,
"compaction": 10.3421,
"copy2host": 973.406,
"delete": 0,
"preparation": 0.065408,
"cgal_convex_hull": 0.036896,
"total": 1107.14
}