{
"n": 771751936,
"size": 217,
"hull": 21,
"seed": 0,
"copy2device": 710.062,
"find_extremes": 15.7887,
"find_corners": 74.1744,
"find_points_in_Q": 16.2375,
"compaction": 8.85101,
"copy2host": 824.268,
"delete": 0,
"preparation": 0.035104,
"cgal_convex_hull": 0.023808,
"total": 939.344
}