{
"n": 301989888,
"size": 20570,
"hull": 38,
"seed": 0,
"copy2device": 367.005,
"find_extremes": 6.22835,
"find_corners": 28.8744,
"find_points_in_Q": 6.67978,
"compaction": 3.66186,
"copy2host": 320.658,
"delete": 0,
"preparation": 5.90669,
"cgal_convex_hull": 2.09146,
"total": 368.193
}