{
"n": 805306368,
"size": 23040,
"hull": 30,
"seed": 0,
"copy2device": 984.691,
"find_extremes": 16.4718,
"find_corners": 78.2277,
"find_points_in_Q": 17.6487,
"compaction": 9.36035,
"copy2host": 980.047,
"delete": 0,
"preparation": 9.7736,
"cgal_convex_hull": 2.40403,
"total": 1104.16
}