{
"n": 335544320,
"size": 15335,
"hull": 38,
"seed": 0,
"copy2device": 386.479,
"find_extremes": 6.90902,
"find_corners": 32.6723,
"find_points_in_Q": 7.23261,
"compaction": 3.99392,
"copy2host": 376.027,
"delete": 0,
"preparation": 5.98397,
"cgal_convex_hull": 1.55376,
"total": 428.389
}