{
"n": 67108864,
"size": 69,
"hull": 19,
"seed": 0,
"copy2device": 42.8457,
"find_extremes": 1.44656,
"find_corners": 6.61789,
"find_points_in_Q": 1.55517,
"compaction": 0.997792,
"copy2host": 90.1207,
"delete": 0,
"preparation": 0.007328,
"cgal_convex_hull": 0.012096,
"total": 100.75
}