{
"n": 973078528,
"size": 258,
"hull": 18,
"seed": 0,
"copy2device": 800.707,
"find_extremes": 19.8849,
"find_corners": 93.349,
"find_points_in_Q": 20.446,
"compaction": 11.048,
"copy2host": 989.3,
"delete": 0,
"preparation": 0.042304,
"cgal_convex_hull": 0.02512,
"total": 1134.05
}