{
"n": 335544320,
"size": 79,
"hull": 22,
"seed": 0,
"copy2device": 235.737,
"find_extremes": 6.90986,
"find_corners": 32.6695,
"find_points_in_Q": 7.22342,
"compaction": 3.98166,
"copy2host": 416.256,
"delete": 0,
"preparation": 0.012608,
"cgal_convex_hull": 0.017632,
"total": 467.058
}