{
"n": 100663296,
"size": 362,
"hull": 19,
"seed": 0,
"copy2device": 66.2998,
"find_extremes": 2.1327,
"find_corners": 9.84787,
"find_points_in_Q": 2.29098,
"compaction": 1.3857,
"copy2host": 121.62,
"delete": 0,
"preparation": 0.02432,
"cgal_convex_hull": 0.027424,
"total": 137.305
}