{
"n": 738197504,
"size": 100,
"hull": 19,
"seed": 0,
"copy2device": 684.93,
"find_extremes": 15.1051,
"find_corners": 70.5741,
"find_points_in_Q": 15.5975,
"compaction": 8.4881,
"copy2host": 805.207,
"delete": 0,
"preparation": 0.021344,
"cgal_convex_hull": 0.014144,
"total": 914.986
}