{
"n": 905969664,
"size": 94,
"hull": 23,
"seed": 0,
"copy2device": 745.25,
"find_extremes": 18.5215,
"find_corners": 85.9556,
"find_points_in_Q": 18.9403,
"compaction": 10.3337,
"copy2host": 947.167,
"delete": 0,
"preparation": 0.018688,
"cgal_convex_hull": 0.013536,
"total": 1080.93
}