{
"n": 301989888,
"size": 73,
"hull": 26,
"seed": 0,
"copy2device": 211.509,
"find_extremes": 6.2296,
"find_corners": 28.7674,
"find_points_in_Q": 6.66109,
"compaction": 3.66342,
"copy2host": 380.362,
"delete": 0,
"preparation": 0.012544,
"cgal_convex_hull": 0.016032,
"total": 425.7
}