{
"n": 738197504,
"size": 45930,
"hull": 46,
"seed": 0,
"copy2device": 836.521,
"find_extremes": 15.1071,
"find_corners": 70.554,
"find_points_in_Q": 15.7183,
"compaction": 8.49565,
"copy2host": 869.899,
"delete": 0,
"preparation": 17.5025,
"cgal_convex_hull": 4.82886,
"total": 984.603
}