{
"n": 1006632960,
"size": 191,
"hull": 24,
"seed": 0,
"copy2device": 879.743,
"find_extremes": 20.5692,
"find_corners": 95.8936,
"find_points_in_Q": 21.3127,
"compaction": 12.457,
"copy2host": 1103.82,
"delete": 0,
"preparation": 0.045792,
"cgal_convex_hull": 0.023072,
"total": 1254.07
}