{
"n": 838860800,
"size": 131,
"hull": 25,
"seed": 0,
"copy2device": 756.077,
"find_extremes": 17.1577,
"find_corners": 79.765,
"find_points_in_Q": 17.6532,
"compaction": 9.60118,
"copy2host": 877.143,
"delete": 0,
"preparation": 0.040992,
"cgal_convex_hull": 0.016,
"total": 1001.34
}