{
"n": 771751936,
"size": 19378,
"hull": 41,
"seed": 0,
"copy2device": 917.519,
"find_extremes": 15.786,
"find_corners": 74.1487,
"find_points_in_Q": 16.204,
"compaction": 8.82736,
"copy2host": 870.006,
"delete": 0,
"preparation": 7.72742,
"cgal_convex_hull": 1.96842,
"total": 986.941
}