{
"n": 603979776,
"size": 23738,
"hull": 38,
"seed": 0,
"copy2device": 893.227,
"find_extremes": 12.3962,
"find_corners": 58.6047,
"find_points_in_Q": 12.8734,
"compaction": 7.03722,
"copy2host": 671.896,
"delete": 0,
"preparation": 7.1401,
"cgal_convex_hull": 2.22541,
"total": 765.033
}