{
"n": 805306368,
"size": 120,
"hull": 19,
"seed": 0,
"copy2device": 734.298,
"find_extremes": 16.4741,
"find_corners": 78.1938,
"find_points_in_Q": 17.5755,
"compaction": 9.40208,
"copy2host": 862.146,
"delete": 0,
"preparation": 0.02176,
"cgal_convex_hull": 0.015296,
"total": 983.807
}