{
"n": 570425344,
"size": 25735,
"hull": 46,
"seed": 0,
"copy2device": 408.286,
"find_extremes": 11.7048,
"find_corners": 54.4879,
"find_points_in_Q": 12.237,
"compaction": 6.62173,
"copy2host": 997.048,
"delete": 0,
"preparation": 1.0673,
"cgal_convex_hull": 2.66595,
"total": 1084.76
}