{
"n": 402653184,
"size": 14069,
"hull": 42,
"seed": 0,
"copy2device": 446.283,
"find_extremes": 8.2783,
"find_corners": 41.7798,
"find_points_in_Q": 8.68355,
"compaction": 4.74986,
"copy2host": 507.714,
"delete": 0,
"preparation": 7.04032,
"cgal_convex_hull": 1.41222,
"total": 572.618
}