{
"n": 33554432,
"size": 236,
"hull": 15,
"seed": 0,
"copy2device": 19.1943,
"find_extremes": 0.758976,
"find_corners": 3.20864,
"find_points_in_Q": 0.785504,
"compaction": 0.51376,
"copy2host": 46.2614,
"delete": 0,
"preparation": 0.016896,
"cgal_convex_hull": 0.024416,
"total": 51.5527
}