{
"n": 234881024,
"size": 177,
"hull": 20,
"seed": 0,
"copy2device": 162.34,
"find_extremes": 4.86646,
"find_corners": 23.0015,
"find_points_in_Q": 5.14858,
"compaction": 2.8784,
"copy2host": 298.864,
"delete": 0,
"preparation": 0.015488,
"cgal_convex_hull": 0.019584,
"total": 334.778
}