{
"n": 838860800,
"size": 29359,
"hull": 41,
"seed": 0,
"copy2device": 1231.99,
"find_extremes": 20.0939,
"find_corners": 79.4834,
"find_points_in_Q": 17.6559,
"compaction": 9.59878,
"copy2host": 932.432,
"delete": 0,
"preparation": 7.91526,
"cgal_convex_hull": 3.07283,
"total": 1062.34
}