{
"n": 436207616,
"size": 29258,
"hull": 41,
"seed": 0,
"copy2device": 627.167,
"find_extremes": 8.98726,
"find_corners": 44.8324,
"find_points_in_Q": 9.33293,
"compaction": 5.10995,
"copy2host": 526.145,
"delete": 0,
"preparation": 8.24646,
"cgal_convex_hull": 3.06509,
"total": 597.472
}