{
"n": 469762048,
"size": 28725,
"hull": 37,
"seed": 0,
"copy2device": 672.927,
"find_extremes": 9.66474,
"find_corners": 45.2289,
"find_points_in_Q": 10.0693,
"compaction": 5.49014,
"copy2host": 535.327,
"delete": 0,
"preparation": 7.67149,
"cgal_convex_hull": 3.0319,
"total": 608.812
}