{
"n": 905969664,
"size": 182,
"hull": 22,
"seed": 0,
"copy2device": 753.663,
"find_extremes": 18.5197,
"find_corners": 86.2815,
"find_points_in_Q": 18.9719,
"compaction": 10.338,
"copy2host": 981.323,
"delete": 0,
"preparation": 0.035648,
"cgal_convex_hull": 0.020256,
"total": 1115.45
}