{
"n": 436207616,
"size": 150,
"hull": 21,
"seed": 0,
"copy2device": 311.956,
"find_extremes": 8.97936,
"find_corners": 41.8457,
"find_points_in_Q": 9.28083,
"compaction": 5.11229,
"copy2host": 477.645,
"delete": 0,
"preparation": 0.02752,
"cgal_convex_hull": 0.017088,
"total": 542.88
}