{
"n": 469762048,
"size": 28,
"hull": 17,
"seed": 0,
"copy2device": 371.631,
"find_extremes": 9.64707,
"find_corners": 44.9717,
"find_points_in_Q": 10.0561,
"compaction": 5.49085,
"copy2host": 514.269,
"delete": 0,
"preparation": 0.014272,
"cgal_convex_hull": 0.009824,
"total": 584.445
}