{
"n": 805306368,
"size": 161,
"hull": 21,
"seed": 0,
"copy2device": 734.017,
"find_extremes": 16.4661,
"find_corners": 78.2056,
"find_points_in_Q": 17.519,
"compaction": 9.33005,
"copy2host": 850.793,
"delete": 0,
"preparation": 0.029504,
"cgal_convex_hull": 0.01856,
"total": 972.333
}