{
"n": 536870912,
"size": 28889,
"hull": 41,
"seed": 0,
"copy2device": 740.183,
"find_extremes": 11.0304,
"find_corners": 50.9989,
"find_points_in_Q": 11.4395,
"compaction": 6.24413,
"copy2host": 566.862,
"delete": 0,
"preparation": 7.09782,
"cgal_convex_hull": 2.93088,
"total": 649.506
}