{
"n": 234881024,
"size": 18292,
"hull": 43,
"seed": 0,
"copy2device": 312.431,
"find_extremes": 4.88205,
"find_corners": 23.0306,
"find_points_in_Q": 5.18653,
"compaction": 2.8871,
"copy2host": 238.648,
"delete": 0,
"preparation": 3.35056,
"cgal_convex_hull": 1.85123,
"total": 276.485
}