{
"n": 167772160,
"size": 14759,
"hull": 50,
"seed": 0,
"copy2device": 191.832,
"find_extremes": 3.49856,
"find_corners": 16.4963,
"find_points_in_Q": 3.73475,
"compaction": 2.10486,
"copy2host": 178.723,
"delete": 0,
"preparation": 6.57069,
"cgal_convex_hull": 1.32762,
"total": 205.885
}