{
"n": 67108864,
"size": 6559,
"hull": 43,
"seed": 0,
"copy2device": 42.7456,
"find_extremes": 1.4471,
"find_corners": 6.62403,
"find_points_in_Q": 1.5591,
"compaction": 0.991872,
"copy2host": 72.3449,
"delete": 0,
"preparation": 0.200128,
"cgal_convex_hull": 0.584128,
"total": 83.5511
}