{
"n": 838860800,
"size": 33521,
"hull": 43,
"seed": 0,
"copy2device": 943.625,
"find_extremes": 17.1552,
"find_corners": 79.985,
"find_points_in_Q": 17.7417,
"compaction": 9.56906,
"copy2host": 930.454,
"delete": 0,
"preparation": 15.9188,
"cgal_convex_hull": 3.50176,
"total": 1058.41
}