{
"n": 838860800,
"size": 34721,
"hull": 42,
"seed": 0,
"copy2device": 994.411,
"find_extremes": 17.1577,
"find_corners": 80.0953,
"find_points_in_Q": 17.6337,
"compaction": 9.57811,
"copy2host": 957.141,
"delete": 0,
"preparation": 21.0488,
"cgal_convex_hull": 3.50355,
"total": 1085.11
}