{
"n": 671088640,
"size": 36796,
"hull": 42,
"seed": 0,
"copy2device": 854.937,
"find_extremes": 13.7398,
"find_corners": 65.1387,
"find_points_in_Q": 14.1861,
"compaction": 7.72947,
"copy2host": 798.692,
"delete": 0,
"preparation": 9.78755,
"cgal_convex_hull": 3.84902,
"total": 903.335
}