{
"n": 134217728,
"size": 6415,
"hull": 36,
"seed": 0,
"copy2device": 173.174,
"find_extremes": 2.81546,
"find_corners": 13.0326,
"find_points_in_Q": 3.01741,
"compaction": 1.77056,
"copy2host": 146.847,
"delete": 0,
"preparation": 0.796448,
"cgal_convex_hull": 0.62192,
"total": 168.105
}