{
"n": 973078528,
"size": 135,
"hull": 22,
"seed": 0,
"copy2device": 806.719,
"find_extremes": 19.8854,
"find_corners": 93.8131,
"find_points_in_Q": 20.3488,
"compaction": 11.0753,
"copy2host": 1051.49,
"delete": 0,
"preparation": 0.033152,
"cgal_convex_hull": 0.01824,
"total": 1196.63
}