{
"n": 738197504,
"size": 20200,
"hull": 42,
"seed": 0,
"copy2device": 885.116,
"find_extremes": 15.1038,
"find_corners": 70.5072,
"find_points_in_Q": 15.5673,
"compaction": 8.51072,
"copy2host": 812.666,
"delete": 0,
"preparation": 6.36845,
"cgal_convex_hull": 2.07846,
"total": 924.434
}