{
"n": 1006632960,
"size": 99,
"hull": 26,
"seed": 0,
"copy2device": 911.115,
"find_extremes": 20.5703,
"find_corners": 95.8874,
"find_points_in_Q": 21.2673,
"compaction": 11.4787,
"copy2host": 1151.23,
"delete": 0,
"preparation": 0.03248,
"cgal_convex_hull": 0.015392,
"total": 1300.44
}