{
"n": 603979776,
"size": 94,
"hull": 17,
"seed": 0,
"copy2device": 536.312,
"find_extremes": 12.3748,
"find_corners": 58.478,
"find_points_in_Q": 12.8725,
"compaction": 6.99808,
"copy2host": 643.316,
"delete": 0,
"preparation": 0.022272,
"cgal_convex_hull": 0.01392,
"total": 734.053
}