{
"n": 503316480,
"size": 26421,
"hull": 42,
"seed": 0,
"copy2device": 662.802,
"find_extremes": 10.3484,
"find_corners": 48.0928,
"find_points_in_Q": 10.7127,
"compaction": 5.86451,
"copy2host": 553.314,
"delete": 0,
"preparation": 6.83478,
"cgal_convex_hull": 2.74486,
"total": 631.077
}