{
"n": 838860800,
"size": 67000,
"hull": 37,
"seed": 0,
"copy2device": 1319.46,
"find_extremes": 18.3752,
"find_corners": 79.4997,
"find_points_in_Q": 17.7246,
"compaction": 9.61139,
"copy2host": 1001.44,
"delete": 0,
"preparation": 16.4872,
"cgal_convex_hull": 7.20403,
"total": 1133.86
}