{
"n": 402653184,
"size": 36226,
"hull": 45,
"seed": 0,
"copy2device": 444.108,
"find_extremes": 8.27616,
"find_corners": 39.064,
"find_points_in_Q": 8.68938,
"compaction": 4.7728,
"copy2host": 507.606,
"delete": 0,
"preparation": 13.8972,
"cgal_convex_hull": 3.71098,
"total": 572.119
}