{
"n": 268435456,
"size": 154,
"hull": 18,
"seed": 0,
"copy2device": 186.962,
"find_extremes": 5.54669,
"find_corners": 25.8893,
"find_points_in_Q": 5.92662,
"compaction": 3.27802,
"copy2host": 328.622,
"delete": 0,
"preparation": 0.013888,
"cgal_convex_hull": 0.017312,
"total": 369.28
}