{
"n": 335544320,
"size": 149,
"hull": 20,
"seed": 0,
"copy2device": 236.073,
"find_extremes": 6.91715,
"find_corners": 32.4603,
"find_points_in_Q": 7.26784,
"compaction": 3.98714,
"copy2host": 413.205,
"delete": 0,
"preparation": 0.014464,
"cgal_convex_hull": 0.018272,
"total": 463.856
}