{
"n": 33554432,
"size": 4715,
"hull": 42,
"seed": 0,
"copy2device": 18.2642,
"find_extremes": 0.76576,
"find_corners": 3.2655,
"find_points_in_Q": 0.803968,
"compaction": 0.517312,
"copy2host": 39.9566,
"delete": 0,
"preparation": 0.108416,
"cgal_convex_hull": 0.425376,
"total": 45.7345
}