{
"n": 805306368,
"size": 18701,
"hull": 34,
"seed": 0,
"copy2device": 1092.64,
"find_extremes": 16.4989,
"find_corners": 78.2127,
"find_points_in_Q": 17.5038,
"compaction": 9.24192,
"copy2host": 917.787,
"delete": 0,
"preparation": 5.33354,
"cgal_convex_hull": 1.89434,
"total": 1041.14
}