{
"n": 67108864,
"size": 44,
"hull": 18,
"seed": 0,
"copy2device": 42.7552,
"find_extremes": 1.44538,
"find_corners": 6.5591,
"find_points_in_Q": 1.55805,
"compaction": 1.00723,
"copy2host": 84.1322,
"delete": 0,
"preparation": 0.006048,
"cgal_convex_hull": 0.011456,
"total": 94.7134
}