{
"n": 1040187392,
"size": 53,
"hull": 18,
"seed": 0,
"copy2device": 954.285,
"find_extremes": 21.2512,
"find_corners": 98.7965,
"find_points_in_Q": 21.7804,
"compaction": 11.8646,
"copy2host": 1124.77,
"delete": 0,
"preparation": 0.018624,
"cgal_convex_hull": 0.011328,
"total": 1278.48
}