{
"n": 1040187392,
"size": 63,
"hull": 19,
"seed": 0,
"copy2device": 846.234,
"find_extremes": 21.2497,
"find_corners": 98.8674,
"find_points_in_Q": 21.7577,
"compaction": 12.0662,
"copy2host": 1187.13,
"delete": 0,
"preparation": 0.01824,
"cgal_convex_hull": 0.012192,
"total": 1341.08
}