{
"n": 1006632960,
"size": 189,
"hull": 21,
"seed": 0,
"copy2device": 827.522,
"find_extremes": 20.5688,
"find_corners": 95.8452,
"find_points_in_Q": 21.2108,
"compaction": 11.4575,
"copy2host": 1135.3,
"delete": 0,
"preparation": 0.033184,
"cgal_convex_hull": 0.02192,
"total": 1284.41
}