{
"n": 201326592,
"size": 59,
"hull": 19,
"seed": 0,
"copy2device": 137.672,
"find_extremes": 4.1808,
"find_corners": 19.6216,
"find_points_in_Q": 4.52067,
"compaction": 2.50218,
"copy2host": 234.987,
"delete": 0,
"preparation": 0.008,
"cgal_convex_hull": 0.011744,
"total": 265.824
}