{
"n": 134217728,
"size": 9588,
"hull": 37,
"seed": 0,
"copy2device": 169.289,
"find_extremes": 2.81901,
"find_corners": 13.042,
"find_points_in_Q": 2.99766,
"compaction": 1.78387,
"copy2host": 135.951,
"delete": 0,
"preparation": 0.312128,
"cgal_convex_hull": 0.925152,
"total": 157.519
}