{
"n": 771751936,
"size": 128,
"hull": 20,
"seed": 0,
"copy2device": 712.328,
"find_extremes": 15.7881,
"find_corners": 73.987,
"find_points_in_Q": 16.2352,
"compaction": 8.85786,
"copy2host": 881.264,
"delete": 0,
"preparation": 0.027232,
"cgal_convex_hull": 0.016768,
"total": 996.149
}