{
"n": 402653184,
"size": 19717,
"hull": 43,
"seed": 0,
"copy2device": 569.432,
"find_extremes": 8.27578,
"find_corners": 38.8281,
"find_points_in_Q": 8.68758,
"compaction": 4.76166,
"copy2host": 445.863,
"delete": 0,
"preparation": 2.84698,
"cgal_convex_hull": 2.05072,
"total": 508.467
}