{
"n": 268435456,
"size": 14405,
"hull": 38,
"seed": 0,
"copy2device": 303.542,
"find_extremes": 5.54221,
"find_corners": 25.8798,
"find_points_in_Q": 5.87555,
"compaction": 3.23789,
"copy2host": 295.688,
"delete": 0,
"preparation": 4.68403,
"cgal_convex_hull": 1.43866,
"total": 337.663
}