{
"n": 838860800,
"size": 23094,
"hull": 33,
"seed": 0,
"copy2device": 1182,
"find_extremes": 17.184,
"find_corners": 79.587,
"find_points_in_Q": 17.7606,
"compaction": 9.59152,
"copy2host": 1006.82,
"delete": 0,
"preparation": 6.38893,
"cgal_convex_hull": 2.38342,
"total": 1133.33
}