{
"n": 637534208,
"size": 163,
"hull": 16,
"seed": 0,
"copy2device": 589.74,
"find_extremes": 13.0622,
"find_corners": 61.4666,
"find_points_in_Q": 13.4547,
"compaction": 7.33533,
"copy2host": 681.315,
"delete": 0,
"preparation": 0.036288,
"cgal_convex_hull": 0.01824,
"total": 776.652
}