{
"n": 469762048,
"size": 23591,
"hull": 30,
"seed": 0,
"copy2device": 627.33,
"find_extremes": 9.64512,
"find_corners": 45.2635,
"find_points_in_Q": 10.0879,
"compaction": 5.50746,
"copy2host": 580.531,
"delete": 0,
"preparation": 6.28966,
"cgal_convex_hull": 2.38176,
"total": 653.417
}