{
"n": 67108864,
"size": 8672,
"hull": 38,
"seed": 0,
"copy2device": 42.73,
"find_extremes": 1.46467,
"find_corners": 6.58259,
"find_points_in_Q": 1.552,
"compaction": 0.990368,
"copy2host": 74.9728,
"delete": 0,
"preparation": 0.24096,
"cgal_convex_hull": 0.80624,
"total": 86.3687
}