{
"n": 234881024,
"size": 189,
"hull": 20,
"seed": 0,
"copy2device": 140.951,
"find_extremes": 6.58256,
"find_corners": 23.8347,
"find_points_in_Q": 4.8279,
"compaction": 4.24022,
"copy2host": 289.687,
"delete": 0,
"preparation": 0.015776,
"cgal_convex_hull": 0.018624,
"total": 329.191
}