{
"n": 503316480,
"size": 144,
"hull": 17,
"seed": 0,
"copy2device": 422.054,
"find_extremes": 13.232,
"find_corners": 50.6171,
"find_points_in_Q": 10.0814,
"compaction": 8.9849,
"copy2host": 545.965,
"delete": 0,
"preparation": 0.037216,
"cgal_convex_hull": 0.016704,
"total": 628.898
}