{
"n": 201326592,
"size": 18694,
"hull": 37,
"seed": 0,
"copy2device": 132.75,
"find_extremes": 10.124,
"find_corners": 20.7034,
"find_points_in_Q": 0.001024,
"compaction": 4.80538,
"copy2host": 0.033056,
"delete": 0,
"preparation": 0.052704,
"cgal_convex_hull": 1.82413,
"total": 37.4909
}