{
"n": 603979776,
"size": 23502,
"hull": 37,
"seed": 0,
"copy2device": 851.118,
"find_extremes": 15.7443,
"find_corners": 60.1594,
"find_points_in_Q": 11.96,
"compaction": 10.7447,
"copy2host": 755.783,
"delete": 0,
"preparation": 8.21245,
"cgal_convex_hull": 2.38864,
"total": 856.78
}