{
"n": 570425344,
"size": 200,
"hull": 21,
"seed": 0,
"copy2device": 410.921,
"find_extremes": 27.3287,
"find_corners": 57.3133,
"find_points_in_Q": 0.002048,
"compaction": 13.2947,
"copy2host": 0.016384,
"delete": 0,
"preparation": 0.004256,
"cgal_convex_hull": 0.018848,
"total": 97.9739
}