{
"n": 134217728,
"size": 91,
"hull": 19,
"seed": 0,
"copy2device": 88.6394,
"find_extremes": 6.99088,
"find_corners": 14.0114,
"find_points_in_Q": 0.001024,
"compaction": 3.26541,
"copy2host": 0.012704,
"delete": 0,
"preparation": 0.002304,
"cgal_convex_hull": 0.01232,
"total": 24.2937
}