{
"n": 1040187392,
"size": 210,
"hull": 24,
"seed": 0,
"copy2device": 811.601,
"find_extremes": 26.5091,
"find_corners": 102.513,
"find_points_in_Q": 20.142,
"compaction": 18.2363,
"copy2host": 1256.07,
"delete": 0,
"preparation": 0.029472,
"cgal_convex_hull": 0.022272,
"total": 1423.49
}