{
"n": 436207616,
"size": 13004,
"hull": 39,
"seed": 0,
"copy2device": 548.781,
"find_extremes": 21.0469,
"find_corners": 44.0177,
"find_points_in_Q": 0.002048,
"compaction": 10.2334,
"copy2host": 0.031424,
"delete": 0,
"preparation": 0.034016,
"cgal_convex_hull": 1.28717,
"total": 76.6186
}