{
"n": 100663296,
"size": 10890,
"hull": 46,
"seed": 0,
"copy2device": 65.3109,
"find_extremes": 5.44237,
"find_corners": 11.2097,
"find_points_in_Q": 0.001024,
"compaction": 2.50989,
"copy2host": 0.05488,
"delete": 0,
"preparation": 0.07536,
"cgal_convex_hull": 1.04682,
"total": 20.2647
}