{
"n": 503316480,
"size": 192,
"hull": 19,
"seed": 0,
"copy2device": 343.778,
"find_extremes": 24.1508,
"find_corners": 50.6276,
"find_points_in_Q": 0.002048,
"compaction": 11.7673,
"copy2host": 0.014368,
"delete": 0,
"preparation": 0.002304,
"cgal_convex_hull": 0.01856,
"total": 86.5807
}