{
"n": 268435456,
"size": 20470,
"hull": 43,
"seed": 0,
"copy2device": 179.19,
"find_extremes": 13.2542,
"find_corners": 27.4575,
"find_points_in_Q": 0.002048,
"compaction": 6.37952,
"copy2host": 0.091296,
"delete": 0,
"preparation": 0.141312,
"cgal_convex_hull": 2.09632,
"total": 49.2809
}