{
"n": 369098752,
"size": 47,
"hull": 18,
"seed": 0,
"copy2device": 251.22,
"find_extremes": 18.0944,
"find_corners": 37.3924,
"find_points_in_Q": 0.001024,
"compaction": 8.70646,
"copy2host": 0.013728,
"delete": 0,
"preparation": 0.00224,
"cgal_convex_hull": 0.01056,
"total": 64.2185
}