{
"n": 905969664,
"size": 1049,
"hull": 19,
"seed": 0,
"copy2device": 698.305,
"find_extremes": 42.8818,
"find_corners": 90.1539,
"find_points_in_Q": 0.001984,
"compaction": 21.0522,
"copy2host": 0.016704,
"delete": 0,
"preparation": 0.012704,
"cgal_convex_hull": 0.061504,
"total": 154.168
}