{
"n": 603979776,
"size": 355,
"hull": 26,
"seed": 0,
"copy2device": 413.855,
"find_extremes": 28.849,
"find_corners": 60.9044,
"find_points_in_Q": 0.001024,
"compaction": 14.0891,
"copy2host": 0.014368,
"delete": 0,
"preparation": 0.00352,
"cgal_convex_hull": 0.025696,
"total": 103.884
}