{
"n": 603979776,
"size": 214,
"hull": 22,
"seed": 0,
"copy2device": 482.235,
"find_extremes": 15.7238,
"find_corners": 60.1323,
"find_points_in_Q": 12.1396,
"compaction": 10.7192,
"copy2host": 715.311,
"delete": 0,
"preparation": 0.04288,
"cgal_convex_hull": 0.020768,
"total": 814.047
}