{
"n": 603979776,
"size": 62,
"hull": 21,
"seed": 0,
"copy2device": 483.682,
"find_extremes": 15.7075,
"find_corners": 60.2127,
"find_points_in_Q": 11.8633,
"compaction": 10.7173,
"copy2host": 694.293,
"delete": 0,
"preparation": 0.013856,
"cgal_convex_hull": 0.01296,
"total": 792.807
}