{
"n": 167772160,
"size": 25936,
"hull": 38,
"seed": 0,
"copy2device": 111.261,
"find_extremes": 8.55693,
"find_corners": 17.286,
"find_points_in_Q": 0.002048,
"compaction": 4.0463,
"copy2host": 0.044192,
"delete": 0,
"preparation": 0.065088,
"cgal_convex_hull": 2.62355,
"total": 32.559
}