{
"n": 704643072,
"size": 90,
"hull": 19,
"seed": 0,
"copy2device": 581.874,
"find_extremes": 18.2053,
"find_corners": 70.4649,
"find_points_in_Q": 13.9755,
"compaction": 12.4824,
"copy2host": 733.744,
"delete": 0,
"preparation": 0.021888,
"cgal_convex_hull": 0.014176,
"total": 848.887
}