{
"n": 671088640,
"size": 124,
"hull": 20,
"seed": 0,
"copy2device": 522.181,
"find_extremes": 17.3757,
"find_corners": 66.626,
"find_points_in_Q": 13.0218,
"compaction": 11.8788,
"copy2host": 705.747,
"delete": 0,
"preparation": 0.029504,
"cgal_convex_hull": 0.01568,
"total": 814.664
}