{
"n": 67108864,
"size": 118,
"hull": 19,
"seed": 0,
"copy2device": 43.2459,
"find_extremes": 3.86758,
"find_corners": 7.23661,
"find_points_in_Q": 0.002048,
"compaction": 1.72122,
"copy2host": 0.015808,
"delete": 0,
"preparation": 0.002304,
"cgal_convex_hull": 0.012704,
"total": 12.856
}