{
"n": 838860800,
"size": 39026,
"hull": 46,
"seed": 0,
"copy2device": 681.35,
"find_extremes": 39.7647,
"find_corners": 84.1738,
"find_points_in_Q": 0.001024,
"compaction": 19.5165,
"copy2host": 0.052224,
"delete": 0,
"preparation": 0.101216,
"cgal_convex_hull": 4.12384,
"total": 147.632
}