{
"n": 301989888,
"size": 28396,
"hull": 45,
"seed": 0,
"copy2device": 354.602,
"find_extremes": 8.23136,
"find_corners": 30.4295,
"find_points_in_Q": 6.08877,
"compaction": 5.41456,
"copy2host": 368.035,
"delete": 0,
"preparation": 11.1355,
"cgal_convex_hull": 2.8545,
"total": 421.053
}