{
"n": 570425344,
"size": 32982,
"hull": 43,
"seed": 0,
"copy2device": 615.785,
"find_extremes": 14.9384,
"find_corners": 57.1596,
"find_points_in_Q": 11.2857,
"compaction": 10.1893,
"copy2host": 756.623,
"delete": 0,
"preparation": 9.78112,
"cgal_convex_hull": 3.33808,
"total": 853.534
}