{
"n": 939524096,
"size": 236,
"hull": 19,
"seed": 0,
"copy2device": 742.131,
"find_extremes": 24.0178,
"find_corners": 93.9703,
"find_points_in_Q": 18.3241,
"compaction": 16.5128,
"copy2host": 980.737,
"delete": 0,
"preparation": 0.05136,
"cgal_convex_hull": 0.024736,
"total": 1133.59
}