{
"n": 973078528,
"size": 289,
"hull": 23,
"seed": 0,
"copy2device": 719.388,
"find_extremes": 46.0108,
"find_corners": 97.5555,
"find_points_in_Q": 0.001024,
"compaction": 22.5469,
"copy2host": 0.015328,
"delete": 0,
"preparation": 0.009568,
"cgal_convex_hull": 0.025536,
"total": 166.155
}