{
"n": 134217728,
"size": 116,
"hull": 23,
"seed": 0,
"copy2device": 88.4806,
"find_extremes": 6.99386,
"find_corners": 14.0083,
"find_points_in_Q": 0.001024,
"compaction": 3.26298,
"copy2host": 0.012128,
"delete": 0,
"preparation": 0.002528,
"cgal_convex_hull": 0.012832,
"total": 24.2911
}