{
"n": 503316480,
"size": 336,
"hull": 19,
"seed": 0,
"copy2device": 401.113,
"find_extremes": 13.2411,
"find_corners": 50.5697,
"find_points_in_Q": 10.1468,
"compaction": 8.98058,
"copy2host": 601.72,
"delete": 0,
"preparation": 0.061344,
"cgal_convex_hull": 0.030816,
"total": 684.689
}