{
"n": 503316480,
"size": 133,
"hull": 20,
"seed": 0,
"copy2device": 343.875,
"find_extremes": 24.1506,
"find_corners": 50.7626,
"find_points_in_Q": 0.001952,
"compaction": 11.7799,
"copy2host": 0.015424,
"delete": 0,
"preparation": 0.002304,
"cgal_convex_hull": 0.014176,
"total": 86.7247
}