{
"n": 33554432,
"size": 125,
"hull": 16,
"seed": 0,
"copy2device": 15.1785,
"find_extremes": 1.42368,
"find_corners": 3.91005,
"find_points_in_Q": 0.754976,
"compaction": 0.736128,
"copy2host": 42.9289,
"delete": 0,
"preparation": 0.011136,
"cgal_convex_hull": 0.014144,
"total": 49.7679
}