{
"n": 201326592,
"size": 14243,
"hull": 44,
"seed": 0,
"copy2device": 220.357,
"find_extremes": 5.75069,
"find_corners": 20.8877,
"find_points_in_Q": 4.22291,
"compaction": 3.67018,
"copy2host": 265.776,
"delete": 0,
"preparation": 7.54928,
"cgal_convex_hull": 1.42899,
"total": 301.736
}