{
"n": 369098752,
"size": 136,
"hull": 19,
"seed": 0,
"copy2device": 226.906,
"find_extremes": 9.90006,
"find_corners": 37.0836,
"find_points_in_Q": 7.56883,
"compaction": 6.55552,
"copy2host": 426.035,
"delete": 0,
"preparation": 0.019168,
"cgal_convex_hull": 0.020576,
"total": 487.163
}