{
"n": 536870912,
"size": 994,
"hull": 19,
"seed": 0,
"copy2device": 367.073,
"find_extremes": 25.7689,
"find_corners": 53.9967,
"find_points_in_Q": 0.002048,
"compaction": 12.5604,
"copy2host": 0.016384,
"delete": 0,
"preparation": 0.005344,
"cgal_convex_hull": 0.067904,
"total": 92.4123
}