{
"n": 167772160,
"size": 405,
"hull": 24,
"seed": 0,
"copy2device": 99.0364,
"find_extremes": 4.91853,
"find_corners": 17.3464,
"find_points_in_Q": 3.49754,
"compaction": 3.08726,
"copy2host": 213.445,
"delete": 0,
"preparation": 0.026656,
"cgal_convex_hull": 0.031776,
"total": 242.327
}