{
"n": 1040187392,
"size": 110,
"hull": 19,
"seed": 0,
"copy2device": 717.293,
"find_extremes": 49.1062,
"find_corners": 104.337,
"find_points_in_Q": 0.002016,
"compaction": 24.1096,
"copy2host": 0.01424,
"delete": 0,
"preparation": 0.00256,
"cgal_convex_hull": 0.013952,
"total": 177.583
}