{
"n": 268435456,
"size": 932,
"hull": 19,
"seed": 0,
"copy2device": 184.116,
"find_extremes": 13.3664,
"find_corners": 27.4115,
"find_points_in_Q": 0.001024,
"compaction": 6.36842,
"copy2host": 0.02208,
"delete": 0,
"preparation": 0.01408,
"cgal_convex_hull": 0.05552,
"total": 47.2249
}