{
"n": 603979776,
"size": 68,
"hull": 20,
"seed": 0,
"copy2device": 413.85,
"find_extremes": 28.8525,
"find_corners": 60.7037,
"find_points_in_Q": 0.001952,
"compaction": 14.1091,
"copy2host": 0.013248,
"delete": 0,
"preparation": 0.002304,
"cgal_convex_hull": 0.0104,
"total": 103.691
}