{
"n": 469762048,
"size": 331,
"hull": 22,
"seed": 0,
"copy2device": 320.421,
"find_extremes": 22.6352,
"find_corners": 47.4705,
"find_points_in_Q": 0.001024,
"compaction": 10.9812,
"copy2host": 0.01472,
"delete": 0,
"preparation": 0.003456,
"cgal_convex_hull": 0.023584,
"total": 81.1262
}