{
"n": 167772160,
"size": 156,
"hull": 22,
"seed": 0,
"copy2device": 98.0452,
"find_extremes": 4.90883,
"find_corners": 17.3369,
"find_points_in_Q": 3.51706,
"compaction": 3.08778,
"copy2host": 219.896,
"delete": 0,
"preparation": 0.013824,
"cgal_convex_hull": 0.015776,
"total": 248.762
}