{
"n": 436207616,
"size": 90,
"hull": 21,
"seed": 0,
"copy2device": 297.525,
"find_extremes": 21.0379,
"find_corners": 44.0484,
"find_points_in_Q": 0.002048,
"compaction": 10.25,
"copy2host": 0.012896,
"delete": 0,
"preparation": 0.002272,
"cgal_convex_hull": 0.0128,
"total": 75.364
}