{
"n": 872415232,
"size": 175,
"hull": 20,
"seed": 0,
"copy2device": 598.802,
"find_extremes": 41.2957,
"find_corners": 87.8891,
"find_points_in_Q": 0.001024,
"compaction": 20.2585,
"copy2host": 0.01424,
"delete": 0,
"preparation": 0.002272,
"cgal_convex_hull": 0.017312,
"total": 149.476
}