{
"n": 301989888,
"size": 32082,
"hull": 48,
"seed": 0,
"copy2device": 334.273,
"find_extremes": 8.24954,
"find_corners": 32.2059,
"find_points_in_Q": 5.96528,
"compaction": 5.43763,
"copy2host": 361.815,
"delete": 0,
"preparation": 11.6638,
"cgal_convex_hull": 3.2089,
"total": 416.882
}