{
"n": 872415232,
"size": 210,
"hull": 20,
"seed": 0,
"copy2device": 628.673,
"find_extremes": 41.3159,
"find_corners": 87.4486,
"find_points_in_Q": 0.001024,
"compaction": 20.2347,
"copy2host": 0.014112,
"delete": 0,
"preparation": 0.007584,
"cgal_convex_hull": 0.019008,
"total": 149.033
}