{
"n": 771751936,
"size": 183,
"hull": 21,
"seed": 0,
"copy2device": 528.85,
"find_extremes": 39.3188,
"find_corners": 76.9526,
"find_points_in_Q": 0.002048,
"compaction": 17.9628,
"copy2host": 0.015776,
"delete": 0,
"preparation": 0.004512,
"cgal_convex_hull": 0.019552,
"total": 134.272
}