{
"n": 100663296,
"size": 65,
"hull": 20,
"seed": 0,
"copy2device": 65.3765,
"find_extremes": 5.41571,
"find_corners": 10.8524,
"find_points_in_Q": 0.002976,
"compaction": 2.50365,
"copy2host": 0.01408,
"delete": 0,
"preparation": 0.002336,
"cgal_convex_hull": 0.010752,
"total": 18.7996
}