{
"n": 67108864,
"size": 13930,
"hull": 42,
"seed": 0,
"copy2device": 34.5511,
"find_extremes": 2.28605,
"find_corners": 7.36333,
"find_points_in_Q": 1.45664,
"compaction": 1.31011,
"copy2host": 75.7976,
"delete": 0,
"preparation": 0.320864,
"cgal_convex_hull": 1.37552,
"total": 89.5892
}