{
"n": 503316480,
"size": 22848,
"hull": 41,
"seed": 0,
"copy2device": 645.886,
"find_extremes": 13.219,
"find_corners": 50.6096,
"find_points_in_Q": 10.0224,
"compaction": 8.99498,
"copy2host": 596.316,
"delete": 0,
"preparation": 1.23894,
"cgal_convex_hull": 2.36208,
"total": 681.524
}