{
"n": 33554432,
"size": 7066,
"hull": 43,
"seed": 0,
"copy2device": 20.0091,
"find_extremes": 2.31277,
"find_corners": 3.87994,
"find_points_in_Q": 0.001024,
"compaction": 0.942016,
"copy2host": 0.021504,
"delete": 0,
"preparation": 0.018848,
"cgal_convex_hull": 0.6424,
"total": 7.79965
}