{
"n": 1006632960,
"size": 175,
"hull": 23,
"seed": 0,
"copy2device": 727.337,
"find_extremes": 25.7164,
"find_corners": 99.3835,
"find_points_in_Q": 19.3237,
"compaction": 17.6902,
"copy2host": 1162.92,
"delete": 0,
"preparation": 0.031968,
"cgal_convex_hull": 0.020832,
"total": 1325.06
}