{
"n": 201326592,
"size": 191,
"hull": 25,
"seed": 0,
"copy2device": 135.089,
"find_extremes": 10.131,
"find_corners": 20.6305,
"find_points_in_Q": 0.001024,
"compaction": 4.82032,
"copy2host": 0.014784,
"delete": 0,
"preparation": 0.0024,
"cgal_convex_hull": 0.018688,
"total": 35.6164
}