{
"n": 570425344,
"size": 174,
"hull": 21,
"seed": 0,
"copy2device": 392.648,
"find_extremes": 27.3969,
"find_corners": 57.4261,
"find_points_in_Q": 0.002048,
"compaction": 13.3098,
"copy2host": 0.01824,
"delete": 0,
"preparation": 0.005472,
"cgal_convex_hull": 0.024672,
"total": 98.1777
}