{
"n": 805306368,
"size": 435,
"hull": 26,
"seed": 0,
"copy2device": 603.821,
"find_extremes": 38.1972,
"find_corners": 80.6216,
"find_points_in_Q": 0.002048,
"compaction": 18.7126,
"copy2host": 0.01552,
"delete": 0,
"preparation": 0.007264,
"cgal_convex_hull": 0.031936,
"total": 137.581
}