{
"n": 738197504,
"size": 239,
"hull": 20,
"seed": 0,
"copy2device": 505.615,
"find_extremes": 35.18,
"find_corners": 74.155,
"find_points_in_Q": 0.002048,
"compaction": 17.1626,
"copy2host": 0.018464,
"delete": 0,
"preparation": 0.004992,
"cgal_convex_hull": 0.022144,
"total": 126.54
}