{
"n": 771751936,
"size": 38658,
"hull": 36,
"seed": 0,
"copy2device": 681.648,
"find_extremes": 36.6838,
"find_corners": 77.1512,
"find_points_in_Q": 0.001024,
"compaction": 17.9818,
"copy2host": 0.053248,
"delete": 0,
"preparation": 0.096512,
"cgal_convex_hull": 4.02931,
"total": 135.9
}