{
"n": 67108864,
"size": 51,
"hull": 14,
"seed": 0,
"copy2device": 34.5668,
"find_extremes": 2.2984,
"find_corners": 7.31798,
"find_points_in_Q": 1.45808,
"compaction": 1.29526,
"copy2host": 89.3397,
"delete": 0,
"preparation": 0.005952,
"cgal_convex_hull": 0.010816,
"total": 101.72
}