{
"n": 503316480,
"size": 22552,
"hull": 37,
"seed": 0,
"copy2device": 670.476,
"find_extremes": 24.1811,
"find_corners": 50.6544,
"find_points_in_Q": 0.002048,
"compaction": 11.7768,
"copy2host": 0.038688,
"delete": 0,
"preparation": 0.057472,
"cgal_convex_hull": 3.95894,
"total": 90.612
}