{
"n": 671088640,
"size": 28537,
"hull": 34,
"seed": 0,
"copy2device": 844.914,
"find_extremes": 31.9816,
"find_corners": 67.4663,
"find_points_in_Q": 0.002048,
"compaction": 15.6652,
"copy2host": 0.04656,
"delete": 0,
"preparation": 0.070368,
"cgal_convex_hull": 2.95971,
"total": 118.121
}