{
"n": 67108864,
"size": 114,
"hull": 20,
"seed": 0,
"copy2device": 36.7147,
"find_extremes": 2.34179,
"find_corners": 7.31933,
"find_points_in_Q": 1.44557,
"compaction": 1.33533,
"copy2host": 89.6791,
"delete": 0,
"preparation": 0.010272,
"cgal_convex_hull": 0.014688,
"total": 102.136
}