{
"n": 369098752,
"size": 399,
"hull": 22,
"seed": 0,
"copy2device": 251.152,
"find_extremes": 17.9744,
"find_corners": 37.2122,
"find_points_in_Q": 0.001024,
"compaction": 8.69536,
"copy2host": 0.015136,
"delete": 0,
"preparation": 0.00336,
"cgal_convex_hull": 0.03072,
"total": 63.9288
}