{
"n": 301989888,
"size": 200,
"hull": 26,
"seed": 0,
"copy2device": 204.569,
"find_extremes": 14.8196,
"find_corners": 30.7046,
"find_points_in_Q": 0.00192,
"compaction": 7.14739,
"copy2host": 0.01424,
"delete": 0,
"preparation": 0.002944,
"cgal_convex_hull": 0.016672,
"total": 52.7044
}