{
"n": 134217728,
"size": 70,
"hull": 26,
"seed": 0,
"copy2device": 77.3669,
"find_extremes": 3.93891,
"find_corners": 13.9806,
"find_points_in_Q": 2.80589,
"compaction": 2.49219,
"copy2host": 160.222,
"delete": 0,
"preparation": 0.008064,
"cgal_convex_hull": 0.012832,
"total": 183.452
}