{
"n": 134217728,
"size": 9091,
"hull": 49,
"seed": 0,
"copy2device": 113.671,
"find_extremes": 3.96893,
"find_corners": 13.9676,
"find_points_in_Q": 2.81411,
"compaction": 2.51757,
"copy2host": 153.451,
"delete": 0,
"preparation": 2.71475,
"cgal_convex_hull": 0.875488,
"total": 177.595
}