{
"n": 469762048,
"size": 196,
"hull": 19,
"seed": 0,
"copy2device": 320.936,
"find_extremes": 22.5922,
"find_corners": 47.3201,
"find_points_in_Q": 0.001024,
"compaction": 11.0315,
"copy2host": 0.015584,
"delete": 0,
"preparation": 0.002912,
"cgal_convex_hull": 0.016864,
"total": 80.9771
}