{
"n": 67108864,
"size": 159,
"hull": 24,
"seed": 0,
"copy2device": 43.2303,
"find_extremes": 3.86032,
"find_corners": 7.25094,
"find_points_in_Q": 0.001024,
"compaction": 1.72394,
"copy2host": 0.013472,
"delete": 0,
"preparation": 0.002336,
"cgal_convex_hull": 0.015328,
"total": 12.865
}