{
"n": 301989888,
"size": 275,
"hull": 23,
"seed": 0,
"copy2device": 204.559,
"find_extremes": 14.838,
"find_corners": 30.7405,
"find_points_in_Q": 0.001024,
"compaction": 7.13939,
"copy2host": 0.014688,
"delete": 0,
"preparation": 0.003776,
"cgal_convex_hull": 0.0224,
"total": 52.756
}