{
"n": 905969664,
"size": 260,
"hull": 19,
"seed": 0,
"copy2device": 670.932,
"find_extremes": 23.2166,
"find_corners": 89.7794,
"find_points_in_Q": 17.419,
"compaction": 15.9313,
"copy2host": 1017.35,
"delete": 0,
"preparation": 0.060224,
"cgal_convex_hull": 0.025184,
"total": 1163.73
}