{
"n": 1040187392,
"size": 106,
"hull": 19,
"seed": 0,
"copy2device": 812.094,
"find_extremes": 26.5186,
"find_corners": 102.56,
"find_points_in_Q": 20.1265,
"compaction": 18.2557,
"copy2host": 1354.19,
"delete": 0,
"preparation": 0.031392,
"cgal_convex_hull": 0.016256,
"total": 1521.67
}