{
"n": 201326592,
"size": 132,
"hull": 20,
"seed": 0,
"copy2device": 119.353,
"find_extremes": 5.73888,
"find_corners": 20.8231,
"find_points_in_Q": 4.21645,
"compaction": 3.6672,
"copy2host": 264.156,
"delete": 0,
"preparation": 0.017024,
"cgal_convex_hull": 0.015712,
"total": 298.617
}