{
"n": 536870912,
"size": 541,
"hull": 22,
"seed": 0,
"copy2device": 451.228,
"find_extremes": 14.0625,
"find_corners": 53.9891,
"find_points_in_Q": 10.5575,
"compaction": 9.56486,
"copy2host": 589.396,
"delete": 0,
"preparation": 0.096032,
"cgal_convex_hull": 0.039488,
"total": 677.609
}