{
"n": 637534208,
"size": 117,
"hull": 25,
"seed": 0,
"copy2device": 438.918,
"find_extremes": 30.4001,
"find_corners": 64.1311,
"find_points_in_Q": 0.002048,
"compaction": 14.8438,
"copy2host": 0.018784,
"delete": 0,
"preparation": 0.002816,
"cgal_convex_hull": 0.015104,
"total": 109.411
}