{
"n": 67108864,
"size": 88,
"hull": 20,
"seed": 0,
"copy2device": 34.5825,
"find_extremes": 2.27978,
"find_corners": 7.32374,
"find_points_in_Q": 1.4551,
"compaction": 1.2975,
"copy2host": 90.3912,
"delete": 0,
"preparation": 0.008768,
"cgal_convex_hull": 0.012928,
"total": 102.76
}