{
"n": 100663296,
"size": 92,
"hull": 22,
"seed": 0,
"copy2device": 67.191,
"find_extremes": 5.43722,
"find_corners": 10.6126,
"find_points_in_Q": 0.002048,
"compaction": 2.49885,
"copy2host": 0.014624,
"delete": 0,
"preparation": 0.00224,
"cgal_convex_hull": 0.012448,
"total": 18.5778
}