{
"n": 402653184,
"size": 17312,
"hull": 40,
"seed": 0,
"copy2device": 488.387,
"find_extremes": 19.518,
"find_corners": 42.0946,
"find_points_in_Q": 0.001024,
"compaction": 9.45862,
"copy2host": 0.036448,
"delete": 0,
"preparation": 0.052608,
"cgal_convex_hull": 1.70656,
"total": 72.8153
}