{
"n": 100663296,
"size": 621,
"hull": 19,
"seed": 0,
"copy2device": 66.1799,
"find_extremes": 5.44902,
"find_corners": 10.6445,
"find_points_in_Q": 0.001024,
"compaction": 2.48458,
"copy2host": 0.016544,
"delete": 0,
"preparation": 0.00416,
"cgal_convex_hull": 0.037824,
"total": 18.6335
}