{
"n": 704643072,
"size": 59,
"hull": 19,
"seed": 0,
"copy2device": 534.577,
"find_extremes": 33.5433,
"find_corners": 70.5106,
"find_points_in_Q": 0.001024,
"compaction": 16.414,
"copy2host": 0.013728,
"delete": 0,
"preparation": 0.002624,
"cgal_convex_hull": 0.009856,
"total": 120.493
}