{
"n": 167772160,
"size": 90,
"hull": 25,
"seed": 0,
"copy2device": 111.849,
"find_extremes": 8.55808,
"find_corners": 17.2882,
"find_points_in_Q": 0.001024,
"compaction": 4.03866,
"copy2host": 0.01264,
"delete": 0,
"preparation": 0.002272,
"cgal_convex_hull": 0.012608,
"total": 29.9112
}