{
"n": 335544320,
"size": 240,
"hull": 19,
"seed": 0,
"copy2device": 227.906,
"find_extremes": 16.3876,
"find_corners": 33.9548,
"find_points_in_Q": 0.001024,
"compaction": 7.94458,
"copy2host": 0.015264,
"delete": 0,
"preparation": 0.003168,
"cgal_convex_hull": 0.019648,
"total": 58.3229
}