{
"n": 570425344,
"size": 449,
"hull": 20,
"seed": 0,
"copy2device": 411.636,
"find_extremes": 27.3003,
"find_corners": 57.3993,
"find_points_in_Q": 0.002048,
"compaction": 13.2878,
"copy2host": 0.015392,
"delete": 0,
"preparation": 0.003968,
"cgal_convex_hull": 0.035296,
"total": 98.0401
}