{
"n": 167772160,
"size": 14607,
"hull": 47,
"seed": 0,
"copy2device": 144.607,
"find_extremes": 4.9407,
"find_corners": 17.3769,
"find_points_in_Q": 3.46758,
"compaction": 3.13152,
"copy2host": 187.602,
"delete": 0,
"preparation": 3.3825,
"cgal_convex_hull": 1.43741,
"total": 217.956
}