{
"n": 738197504,
"size": 33136,
"hull": 46,
"seed": 0,
"copy2device": 966.083,
"find_extremes": 35.08,
"find_corners": 74.154,
"find_points_in_Q": 0.002048,
"compaction": 17.1876,
"copy2host": 0.050592,
"delete": 0,
"preparation": 0.09456,
"cgal_convex_hull": 3.40166,
"total": 129.876
}