{
"n": 436207616,
"size": 152,
"hull": 23,
"seed": 0,
"copy2device": 358.614,
"find_extremes": 11.5884,
"find_corners": 44.0188,
"find_points_in_Q": 8.71174,
"compaction": 7.70659,
"copy2host": 484.705,
"delete": 0,
"preparation": 0.04144,
"cgal_convex_hull": 0.017152,
"total": 556.748
}