{
"n": 436207616,
"size": 22700,
"hull": 43,
"seed": 0,
"copy2device": 594.068,
"find_extremes": 11.6372,
"find_corners": 44.0819,
"find_points_in_Q": 8.70966,
"compaction": 7.75424,
"copy2host": 531.823,
"delete": 0,
"preparation": 6.8752,
"cgal_convex_hull": 2.34381,
"total": 606.35
}