{
"n": 838860800,
"size": 169,
"hull": 20,
"seed": 0,
"copy2device": 627.521,
"find_extremes": 39.7668,
"find_corners": 84.0192,
"find_points_in_Q": 0.00192,
"compaction": 19.4879,
"copy2host": 0.0144,
"delete": 0,
"preparation": 0.004832,
"cgal_convex_hull": 0.017184,
"total": 143.307
}