{
"n": 234881024,
"size": 58,
"hull": 20,
"seed": 0,
"copy2device": 158.107,
"find_extremes": 11.662,
"find_corners": 23.9392,
"find_points_in_Q": 0.001024,
"compaction": 5.60685,
"copy2host": 0.0128,
"delete": 0,
"preparation": 0.002272,
"cgal_convex_hull": 0.010272,
"total": 41.2322
}