{
"n": 335544320,
"size": 129,
"hull": 15,
"seed": 0,
"copy2device": 227.706,
"find_extremes": 16.3851,
"find_corners": 34.0961,
"find_points_in_Q": 0.001984,
"compaction": 7.91376,
"copy2host": 0.014496,
"delete": 0,
"preparation": 0.0024,
"cgal_convex_hull": 0.014016,
"total": 58.4255
}