{
"n": 369098752,
"size": 14773,
"hull": 35,
"seed": 0,
"copy2device": 349.897,
"find_extremes": 17.9528,
"find_corners": 37.2685,
"find_points_in_Q": 0.001952,
"compaction": 8.70861,
"copy2host": 0.03216,
"delete": 0,
"preparation": 0.03936,
"cgal_convex_hull": 1.47037,
"total": 65.4344
}