{
"n": 201326592,
"size": 11812,
"hull": 48,
"seed": 0,
"copy2device": 228.709,
"find_extremes": 5.76352,
"find_corners": 20.6823,
"find_points_in_Q": 4.20045,
"compaction": 3.67162,
"copy2host": 245.802,
"delete": 0,
"preparation": 6.28208,
"cgal_convex_hull": 1.1209,
"total": 281.241
}