{
"n": 1073741824,
"size": 163,
"hull": 24,
"seed": 0,
"copy2device": 830.321,
"find_extremes": 27.334,
"find_corners": 106.872,
"find_points_in_Q": 20.597,
"compaction": 18.8223,
"copy2host": 1193.7,
"delete": 0,
"preparation": 0.034432,
"cgal_convex_hull": 0.017824,
"total": 1367.34
}