{
"n": 402653184,
"size": 12196,
"hull": 35,
"seed": 0,
"copy2device": 479.151,
"find_extremes": 19.4854,
"find_corners": 40.6446,
"find_points_in_Q": 0.001952,
"compaction": 9.47616,
"copy2host": 0.029568,
"delete": 0,
"preparation": 0.035712,
"cgal_convex_hull": 1.15059,
"total": 70.7883
}