{
"n": 335544320,
"size": 26949,
"hull": 47,
"seed": 0,
"copy2device": 229.048,
"find_extremes": 16.4645,
"find_corners": 33.9784,
"find_points_in_Q": 0.001952,
"compaction": 7.93501,
"copy2host": 0.118752,
"delete": 0,
"preparation": 0.17152,
"cgal_convex_hull": 2.80173,
"total": 61.3003
}