{
"n": 872415232,
"size": 29,
"hull": 15,
"seed": 0,
"copy2device": 651.287,
"find_extremes": 22.3567,
"find_corners": 86.5023,
"find_points_in_Q": 16.8964,
"compaction": 15.3198,
"copy2host": 971.864,
"delete": 0,
"preparation": 0.006048,
"cgal_convex_hull": 0.00944,
"total": 1112.95
}