{
"n": 402653184,
"size": 94,
"hull": 23,
"seed": 0,
"copy2device": 248.249,
"find_extremes": 10.767,
"find_corners": 40.5411,
"find_points_in_Q": 8.26746,
"compaction": 7.13686,
"copy2host": 497.918,
"delete": 0,
"preparation": 0.010048,
"cgal_convex_hull": 0.013408,
"total": 564.644
}