{
"n": 167772160,
"size": 206,
"hull": 25,
"seed": 0,
"copy2device": 111.864,
"find_extremes": 8.5727,
"find_corners": 17.3197,
"find_points_in_Q": 0.001024,
"compaction": 4.04166,
"copy2host": 0.014208,
"delete": 0,
"preparation": 0.002336,
"cgal_convex_hull": 0.018432,
"total": 29.9678
}