{
"n": 771751936,
"size": 104,
"hull": 20,
"seed": 0,
"copy2device": 528.907,
"find_extremes": 36.6432,
"find_corners": 77.2946,
"find_points_in_Q": 0.001024,
"compaction": 17.9565,
"copy2host": 0.014816,
"delete": 0,
"preparation": 0.002656,
"cgal_convex_hull": 0.013408,
"total": 131.923
}