{
"n": 134217728,
"size": 111,
"hull": 20,
"seed": 0,
"copy2device": 77.4845,
"find_extremes": 3.96912,
"find_corners": 13.936,
"find_points_in_Q": 2.78883,
"compaction": 2.48755,
"copy2host": 170.883,
"delete": 0,
"preparation": 0.010528,
"cgal_convex_hull": 0.015008,
"total": 194.079
}