{
"n": 436207616,
"size": 38188,
"hull": 42,
"seed": 0,
"copy2device": 535.252,
"find_extremes": 21.0697,
"find_corners": 43.991,
"find_points_in_Q": 0.002048,
"compaction": 10.2484,
"copy2host": 0.058368,
"delete": 0,
"preparation": 0.097312,
"cgal_convex_hull": 3.97606,
"total": 79.3457
}