{
"n": 33554432,
"size": 7366,
"hull": 39,
"seed": 0,
"copy2device": 15.2307,
"find_extremes": 1.4911,
"find_corners": 3.93322,
"find_points_in_Q": 0.744288,
"compaction": 0.703872,
"copy2host": 44.0476,
"delete": 0,
"preparation": 0.150912,
"cgal_convex_hull": 0.663648,
"total": 51.5838
}