{
"n": 503316480,
"size": 19238,
"hull": 37,
"seed": 0,
"copy2device": 648.821,
"find_extremes": 24.1722,
"find_corners": 50.642,
"find_points_in_Q": 0.002048,
"compaction": 11.7894,
"copy2host": 0.034208,
"delete": 0,
"preparation": 0.05648,
"cgal_convex_hull": 1.89216,
"total": 88.5321
}