{
"n": 1006632960,
"size": 408,
"hull": 20,
"seed": 0,
"copy2device": 693.424,
"find_extremes": 47.6136,
"find_corners": 100.07,
"find_points_in_Q": 0.002048,
"compaction": 23.3389,
"copy2host": 0.016224,
"delete": 0,
"preparation": 0.004192,
"cgal_convex_hull": 0.030112,
"total": 171.071
}