{
"n": 301989888,
"size": 19360,
"hull": 38,
"seed": 0,
"copy2device": 209.786,
"find_extremes": 14.9094,
"find_corners": 31.6099,
"find_points_in_Q": 0.001024,
"compaction": 7.15501,
"copy2host": 0.091872,
"delete": 0,
"preparation": 0.144896,
"cgal_convex_hull": 2.02154,
"total": 55.7887
}