{
"n": 167772160,
"size": 189,
"hull": 23,
"seed": 0,
"copy2device": 111.88,
"find_extremes": 8.58614,
"find_corners": 17.2769,
"find_points_in_Q": 0.002048,
"compaction": 4.05274,
"copy2host": 0.01392,
"delete": 0,
"preparation": 0.002336,
"cgal_convex_hull": 0.017632,
"total": 29.9494
}