{
"n": 369098752,
"size": 105,
"hull": 15,
"seed": 0,
"copy2device": 251.086,
"find_extremes": 17.9538,
"find_corners": 37.3229,
"find_points_in_Q": 0.002048,
"compaction": 8.68752,
"copy2host": 0.013856,
"delete": 0,
"preparation": 0.004352,
"cgal_convex_hull": 0.013568,
"total": 63.9937
}