{
"n": 603979776,
"size": 32641,
"hull": 38,
"seed": 0,
"copy2device": 751.68,
"find_extremes": 28.8595,
"find_corners": 60.7949,
"find_points_in_Q": 0.002048,
"compaction": 14.1078,
"copy2host": 0.051296,
"delete": 0,
"preparation": 0.069792,
"cgal_convex_hull": 3.42365,
"total": 107.239
}