{
"n": 805306368,
"size": 32745,
"hull": 38,
"seed": 0,
"copy2device": 685.346,
"find_extremes": 38.5413,
"find_corners": 80.557,
"find_points_in_Q": 0.001024,
"compaction": 18.7047,
"copy2host": 0.052608,
"delete": 0,
"preparation": 0.060736,
"cgal_convex_hull": 3.39898,
"total": 141.256
}