{
"n": 1040187392,
"size": 74,
"hull": 22,
"seed": 0,
"copy2device": 809.616,
"find_extremes": 26.5315,
"find_corners": 102.608,
"find_points_in_Q": 20.1508,
"compaction": 18.2302,
"copy2host": 1113.84,
"delete": 0,
"preparation": 0.02256,
"cgal_convex_hull": 0.013216,
"total": 1281.38
}