{
"n": 234881024,
"size": 84,
"hull": 20,
"seed": 0,
"copy2device": 158.088,
"find_extremes": 11.6875,
"find_corners": 24.0712,
"find_points_in_Q": 0.001024,
"compaction": 5.59296,
"copy2host": 0.01312,
"delete": 0,
"preparation": 0.002432,
"cgal_convex_hull": 0.011264,
"total": 41.377
}