{
"n": 570425344,
"size": 137,
"hull": 20,
"seed": 0,
"copy2device": 461.667,
"find_extremes": 20.3455,
"find_corners": 56.4208,
"find_points_in_Q": 11.1608,
"compaction": 10.1362,
"copy2host": 673.169,
"delete": 0,
"preparation": 0.04096,
"cgal_convex_hull": 0.016864,
"total": 771.249
}