{
"n": 1006632960,
"size": 255,
"hull": 21,
"seed": 0,
"copy2device": 693.301,
"find_extremes": 47.5275,
"find_corners": 100.413,
"find_points_in_Q": 0.001024,
"compaction": 23.3529,
"copy2host": 0.0152,
"delete": 0,
"preparation": 0.004672,
"cgal_convex_hull": 0.02048,
"total": 171.33
}