{
"n": 436207616,
"size": 160,
"hull": 24,
"seed": 0,
"copy2device": 297.333,
"find_extremes": 21.0264,
"find_corners": 43.9419,
"find_points_in_Q": 0.002048,
"compaction": 10.2474,
"copy2host": 0.015008,
"delete": 0,
"preparation": 0.002336,
"cgal_convex_hull": 0.016896,
"total": 75.2497
}