{
"n": 671088640,
"size": 243,
"hull": 20,
"seed": 0,
"copy2device": 460.805,
"find_extremes": 32.045,
"find_corners": 67.5308,
"find_points_in_Q": 0.002016,
"compaction": 15.6011,
"copy2host": 0.017472,
"delete": 0,
"preparation": 0.005792,
"cgal_convex_hull": 0.022496,
"total": 115.219
}