{
"n": 1040187392,
"size": 158,
"hull": 21,
"seed": 0,
"copy2device": 714.211,
"find_extremes": 49.0636,
"find_corners": 103.895,
"find_points_in_Q": 0.001024,
"compaction": 24.0786,
"copy2host": 0.015616,
"delete": 0,
"preparation": 0.002336,
"cgal_convex_hull": 0.015904,
"total": 177.07
}