{
"n": 973078528,
"size": 248,
"hull": 24,
"seed": 0,
"copy2device": 733.369,
"find_extremes": 46.0093,
"find_corners": 97.4184,
"find_points_in_Q": 0.002048,
"compaction": 22.5557,
"copy2host": 0.015616,
"delete": 0,
"preparation": 0.008416,
"cgal_convex_hull": 0.021216,
"total": 166.022
}