{
"n": 603979776,
"size": 31010,
"hull": 43,
"seed": 0,
"copy2device": 798.689,
"find_extremes": 28.8356,
"find_corners": 63.4583,
"find_points_in_Q": 0.001984,
"compaction": 14.0921,
"copy2host": 0.045952,
"delete": 0,
"preparation": 0.071424,
"cgal_convex_hull": 3.27114,
"total": 109.705
}