{
"n": 67108864,
"size": 14184,
"hull": 46,
"seed": 0,
"copy2device": 41.076,
"find_extremes": 3.88179,
"find_corners": 7.27757,
"find_points_in_Q": 0.001984,
"compaction": 1.71546,
"copy2host": 0.031616,
"delete": 0,
"preparation": 0.032704,
"cgal_convex_hull": 1.32947,
"total": 14.2379
}