{
"n": 1006632960,
"size": 224,
"hull": 24,
"seed": 0,
"copy2device": 745.589,
"find_extremes": 25.6615,
"find_corners": 99.3542,
"find_points_in_Q": 19.3579,
"compaction": 17.6451,
"copy2host": 1083.13,
"delete": 0,
"preparation": 0.03552,
"cgal_convex_hull": 0.023424,
"total": 1245.17
}