{
"n": 872415232,
"size": 121,
"hull": 22,
"seed": 0,
"copy2device": 650.769,
"find_extremes": 41.3179,
"find_corners": 87.4324,
"find_points_in_Q": 0.001024,
"compaction": 20.2426,
"copy2host": 0.013888,
"delete": 0,
"preparation": 0.006304,
"cgal_convex_hull": 0.015744,
"total": 149.023
}