{
"n": 335544320,
"size": 96,
"hull": 22,
"seed": 0,
"copy2device": 228.042,
"find_extremes": 16.3544,
"find_corners": 34.092,
"find_points_in_Q": 0.002048,
"compaction": 7.91482,
"copy2host": 0.013312,
"delete": 0,
"preparation": 0.002336,
"cgal_convex_hull": 0.014144,
"total": 58.3907
}