{
"n": 738197504,
"size": 29528,
"hull": 37,
"seed": 0,
"copy2device": 923.226,
"find_extremes": 37.1746,
"find_corners": 74.282,
"find_points_in_Q": 0.002048,
"compaction": 17.1998,
"copy2host": 0.0496,
"delete": 0,
"preparation": 0.066144,
"cgal_convex_hull": 3.01514,
"total": 131.723
}