{
"n": 469762048,
"size": 32906,
"hull": 39,
"seed": 0,
"copy2device": 569.934,
"find_extremes": 22.61,
"find_corners": 47.5134,
"find_points_in_Q": 0.001024,
"compaction": 10.9944,
"copy2host": 0.05056,
"delete": 0,
"preparation": 0.096576,
"cgal_convex_hull": 3.31526,
"total": 84.4846
}