{
"n": 134217728,
"size": 117,
"hull": 23,
"seed": 0,
"copy2device": 88.6276,
"find_extremes": 6.99882,
"find_corners": 13.9796,
"find_points_in_Q": 0.001024,
"compaction": 3.2641,
"copy2host": 0.012576,
"delete": 0,
"preparation": 0.00224,
"cgal_convex_hull": 0.013184,
"total": 24.2693
}