{
"n": 1073741824,
"size": 196,
"hull": 21,
"seed": 0,
"copy2device": 739.206,
"find_extremes": 50.7692,
"find_corners": 107.208,
"find_points_in_Q": 0.002048,
"compaction": 24.8823,
"copy2host": 0.01488,
"delete": 0,
"preparation": 0.003456,
"cgal_convex_hull": 0.02,
"total": 182.896
}