{
"n": 301989888,
"size": 136,
"hull": 21,
"seed": 0,
"copy2device": 204.784,
"find_extremes": 14.795,
"find_corners": 30.6996,
"find_points_in_Q": 0.002048,
"compaction": 7.14515,
"copy2host": 0.014304,
"delete": 0,
"preparation": 0.002912,
"cgal_convex_hull": 0.014976,
"total": 52.6712
}