{
"n": 301989888,
"size": 84,
"hull": 16,
"seed": 0,
"copy2device": 204.718,
"find_extremes": 14.8286,
"find_corners": 30.7087,
"find_points_in_Q": 0.00192,
"compaction": 7.15216,
"copy2host": 0.013472,
"delete": 0,
"preparation": 0.002336,
"cgal_convex_hull": 0.012352,
"total": 52.7173
}