{
"n": 33554432,
"size": 7130,
"hull": 43,
"seed": 0,
"copy2device": 20.0278,
"find_extremes": 2.20326,
"find_corners": 3.87379,
"find_points_in_Q": 0.001024,
"compaction": 0.96192,
"copy2host": 0.021344,
"delete": 0,
"preparation": 0.01968,
"cgal_convex_hull": 0.623232,
"total": 7.68458
}