{
"n": 167772160,
"size": 60,
"hull": 17,
"seed": 0,
"copy2device": 111.813,
"find_extremes": 8.56566,
"find_corners": 17.2923,
"find_points_in_Q": 0.001024,
"compaction": 4.04858,
"copy2host": 0.013312,
"delete": 0,
"preparation": 0.003264,
"cgal_convex_hull": 0.010208,
"total": 29.9311
}