{
"n": 134217728,
"size": 51,
"hull": 19,
"seed": 0,
"copy2device": 77.5847,
"find_extremes": 3.96576,
"find_corners": 13.9267,
"find_points_in_Q": 2.79606,
"compaction": 2.49971,
"copy2host": 157.737,
"delete": 0,
"preparation": 0.007264,
"cgal_convex_hull": 0.012192,
"total": 180.937
}