{
"n": 402653184,
"size": 22650,
"hull": 36,
"seed": 0,
"copy2device": 508.746,
"find_extremes": 19.4853,
"find_corners": 41.2539,
"find_points_in_Q": 0.001024,
"compaction": 9.45917,
"copy2host": 0.036864,
"delete": 0,
"preparation": 0.059072,
"cgal_convex_hull": 2.24211,
"total": 72.4784
}