{
"n": 134217728,
"size": 14517,
"hull": 36,
"seed": 0,
"copy2device": 139.462,
"find_extremes": 3.96739,
"find_corners": 13.9775,
"find_points_in_Q": 2.81334,
"compaction": 2.51338,
"copy2host": 135.308,
"delete": 0,
"preparation": 1.52176,
"cgal_convex_hull": 1.3984,
"total": 159.979
}