{
"n": 369098752,
"size": 136,
"hull": 20,
"seed": 0,
"copy2device": 226.737,
"find_extremes": 9.92867,
"find_corners": 37.0765,
"find_points_in_Q": 7.54598,
"compaction": 6.58541,
"copy2host": 440.368,
"delete": 0,
"preparation": 0.019008,
"cgal_convex_hull": 0.015968,
"total": 501.521
}