{
"n": 33554432,
"size": 233,
"hull": 19,
"seed": 0,
"copy2device": 18.993,
"find_extremes": 2.30858,
"find_corners": 3.91574,
"find_points_in_Q": 0.002048,
"compaction": 0.937888,
"copy2host": 0.013152,
"delete": 0,
"preparation": 0.003712,
"cgal_convex_hull": 0.018912,
"total": 7.19632
}