{
"n": 771751936,
"size": 31762,
"hull": 44,
"seed": 0,
"copy2device": 742.586,
"find_extremes": 36.6614,
"find_corners": 79.1747,
"find_points_in_Q": 0.001024,
"compaction": 17.9764,
"copy2host": 0.046048,
"delete": 0,
"preparation": 0.065408,
"cgal_convex_hull": 3.26922,
"total": 137.129
}