{
"n": 134217728,
"size": 188,
"hull": 20,
"seed": 0,
"copy2device": 88.5111,
"find_extremes": 6.99539,
"find_corners": 13.994,
"find_points_in_Q": 0.002048,
"compaction": 3.26659,
"copy2host": 0.013216,
"delete": 0,
"preparation": 0.002272,
"cgal_convex_hull": 0.015072,
"total": 24.2863
}