{
"n": 939524096,
"size": 565,
"hull": 21,
"seed": 0,
"copy2device": 645.312,
"find_extremes": 44.4183,
"find_corners": 94.0421,
"find_points_in_Q": 0.002048,
"compaction": 21.797,
"copy2host": 0.015136,
"delete": 0,
"preparation": 0.004416,
"cgal_convex_hull": 0.0344,
"total": 160.309
}