{
"n": 436207616,
"size": 27839,
"hull": 43,
"seed": 0,
"copy2device": 508.641,
"find_extremes": 11.5601,
"find_corners": 44.2067,
"find_points_in_Q": 8.77971,
"compaction": 7.71482,
"copy2host": 494.825,
"delete": 0,
"preparation": 6.08362,
"cgal_convex_hull": 2.93629,
"total": 570.023
}