{
"n": 67108864,
"size": 12117,
"hull": 46,
"seed": 0,
"copy2device": 41.1495,
"find_extremes": 3.89402,
"find_corners": 7.26323,
"find_points_in_Q": 0.002048,
"compaction": 1.72394,
"copy2host": 0.027456,
"delete": 0,
"preparation": 0.028768,
"cgal_convex_hull": 1.14102,
"total": 14.0517
}