{
"n": 503316480,
"size": 32312,
"hull": 43,
"seed": 0,
"copy2device": 647.746,
"find_extremes": 24.1609,
"find_corners": 50.6032,
"find_points_in_Q": 0.002048,
"compaction": 11.7642,
"copy2host": 0.052,
"delete": 0,
"preparation": 0.058432,
"cgal_convex_hull": 3.32733,
"total": 89.9097
}