{
"n": 805306368,
"size": 736,
"hull": 25,
"seed": 0,
"copy2device": 604.091,
"find_extremes": 38.2123,
"find_corners": 80.2702,
"find_points_in_Q": 0.002048,
"compaction": 18.6991,
"copy2host": 0.0168,
"delete": 0,
"preparation": 0.004224,
"cgal_convex_hull": 0.050752,
"total": 137.251
}