{
"n": 67108864,
"size": 439,
"hull": 25,
"seed": 0,
"copy2device": 43.2636,
"find_extremes": 3.86093,
"find_corners": 7.26835,
"find_points_in_Q": 0.001024,
"compaction": 1.73254,
"copy2host": 0.014048,
"delete": 0,
"preparation": 0.003232,
"cgal_convex_hull": 0.025792,
"total": 12.9027
}