{
"n": 100663296,
"size": 10207,
"hull": 41,
"seed": 0,
"copy2device": 65.2127,
"find_extremes": 5.42125,
"find_corners": 11.265,
"find_points_in_Q": 0.002176,
"compaction": 2.53222,
"copy2host": 0.054176,
"delete": 0,
"preparation": 0.073856,
"cgal_convex_hull": 0.96496,
"total": 20.2398
}