{
"n": 637534208,
"size": 26064,
"hull": 38,
"seed": 0,
"copy2device": 816.339,
"find_extremes": 16.545,
"find_corners": 63.2348,
"find_points_in_Q": 12.5193,
"compaction": 11.3162,
"copy2host": 786.731,
"delete": 0,
"preparation": 6.06099,
"cgal_convex_hull": 2.66685,
"total": 893.013
}