{
"n": 67108864,
"size": 62,
"hull": 21,
"seed": 0,
"copy2device": 42.9081,
"find_extremes": 3.87536,
"find_corners": 7.28992,
"find_points_in_Q": 0.002048,
"compaction": 1.73216,
"copy2host": 0.012544,
"delete": 0,
"preparation": 0.002272,
"cgal_convex_hull": 0.0112,
"total": 12.9232
}