{
"n": 704643072,
"size": 20505,
"hull": 39,
"seed": 0,
"copy2device": 687.414,
"find_extremes": 18.1917,
"find_corners": 69.5629,
"find_points_in_Q": 14.0381,
"compaction": 12.4583,
"copy2host": 811.977,
"delete": 0,
"preparation": 9.86275,
"cgal_convex_hull": 2.05136,
"total": 928.28
}