{
"n": 637534208,
"size": 205,
"hull": 24,
"seed": 0,
"copy2device": 437.607,
"find_extremes": 30.4146,
"find_corners": 63.9437,
"find_points_in_Q": 0.001024,
"compaction": 14.8523,
"copy2host": 0.014208,
"delete": 0,
"preparation": 0.007392,
"cgal_convex_hull": 0.019296,
"total": 109.245
}