{
"n": 335544320,
"size": 119,
"hull": 17,
"seed": 0,
"copy2device": 206.494,
"find_extremes": 9.07235,
"find_corners": 33.9605,
"find_points_in_Q": 6.80403,
"compaction": 5.976,
"copy2host": 374.288,
"delete": 0,
"preparation": 0.016352,
"cgal_convex_hull": 0.02048,
"total": 430.121
}