{
"n": 268435456,
"size": 137,
"hull": 21,
"seed": 0,
"copy2device": 162.227,
"find_extremes": 7.41165,
"find_corners": 27.2178,
"find_points_in_Q": 5.44506,
"compaction": 4.81955,
"copy2host": 337.172,
"delete": 0,
"preparation": 0.01264,
"cgal_convex_hull": 0.016832,
"total": 382.083
}