{
"n": 335544320,
"size": 171,
"hull": 21,
"seed": 0,
"copy2device": 206.407,
"find_extremes": 9.06666,
"find_corners": 33.919,
"find_points_in_Q": 6.65187,
"compaction": 5.97238,
"copy2host": 377.692,
"delete": 0,
"preparation": 0.019904,
"cgal_convex_hull": 0.025344,
"total": 433.327
}