{
"n": 503316480,
"size": 94,
"hull": 19,
"seed": 0,
"copy2device": 344.065,
"find_extremes": 24.1787,
"find_corners": 50.818,
"find_points_in_Q": 0.00192,
"compaction": 11.7711,
"copy2host": 0.0128,
"delete": 0,
"preparation": 0.003008,
"cgal_convex_hull": 0.012512,
"total": 86.7951
}