{
"n": 402653184,
"size": 26210,
"hull": 36,
"seed": 0,
"copy2device": 471.226,
"find_extremes": 19.5297,
"find_corners": 40.6465,
"find_points_in_Q": 0.001024,
"compaction": 9.45357,
"copy2host": 0.042176,
"delete": 0,
"preparation": 0.061824,
"cgal_convex_hull": 2.70522,
"total": 72.3782
}