{
"n": 603979776,
"size": 177,
"hull": 18,
"seed": 0,
"copy2device": 414.026,
"find_extremes": 28.8306,
"find_corners": 61.1645,
"find_points_in_Q": 0.001024,
"compaction": 14.0739,
"copy2host": 0.015296,
"delete": 0,
"preparation": 0.003104,
"cgal_convex_hull": 0.018432,
"total": 104.104
}