{
"n": 369098752,
"size": 212,
"hull": 22,
"seed": 0,
"copy2device": 228.915,
"find_extremes": 9.96995,
"find_corners": 37.0076,
"find_points_in_Q": 7.42384,
"compaction": 6.56112,
"copy2host": 434.866,
"delete": 0,
"preparation": 0.03536,
"cgal_convex_hull": 0.022688,
"total": 495.851
}