{
"n": 469762048,
"size": 190,
"hull": 24,
"seed": 0,
"copy2device": 320.456,
"find_extremes": 22.5978,
"find_corners": 47.316,
"find_points_in_Q": 0.002048,
"compaction": 11.0019,
"copy2host": 0.014432,
"delete": 0,
"preparation": 0.003168,
"cgal_convex_hull": 0.017504,
"total": 80.9497
}