{
"n": 738197504,
"size": 139,
"hull": 19,
"seed": 0,
"copy2device": 505.793,
"find_extremes": 35.0735,
"find_corners": 74.281,
"find_points_in_Q": 0.002048,
"compaction": 17.1701,
"copy2host": 0.014304,
"delete": 0,
"preparation": 0.006208,
"cgal_convex_hull": 0.014784,
"total": 126.556
}