{
"n": 301989888,
"size": 307,
"hull": 23,
"seed": 0,
"copy2device": 204.723,
"find_extremes": 14.7956,
"find_corners": 30.6392,
"find_points_in_Q": 0.001024,
"compaction": 7.15574,
"copy2host": 0.014816,
"delete": 0,
"preparation": 0.003296,
"cgal_convex_hull": 0.024928,
"total": 52.6313
}