{
"n": 570425344,
"size": 13839,
"hull": 31,
"seed": 0,
"copy2device": 357.188,
"find_extremes": 14.9619,
"find_corners": 57.5494,
"find_points_in_Q": 11.2966,
"compaction": 10.1484,
"copy2host": 957.998,
"delete": 0,
"preparation": 0.63504,
"cgal_convex_hull": 1.34816,
"total": 1053.3
}