{
"n": 671088640,
"size": 613,
"hull": 23,
"seed": 0,
"copy2device": 471.611,
"find_extremes": 17.3737,
"find_corners": 66.5104,
"find_points_in_Q": 13.1708,
"compaction": 11.8591,
"copy2host": 703.859,
"delete": 0,
"preparation": 0.134816,
"cgal_convex_hull": 0.046176,
"total": 812.819
}