{
"n": 1073741824,
"size": 128,
"hull": 21,
"seed": 0,
"copy2device": 739.36,
"find_extremes": 50.6572,
"find_corners": 106.693,
"find_points_in_Q": 0.001984,
"compaction": 24.8872,
"copy2host": 0.013696,
"delete": 0,
"preparation": 0.003008,
"cgal_convex_hull": 0.015008,
"total": 182.268
}