{
"n": 771751936,
"size": 33081,
"hull": 45,
"seed": 0,
"copy2device": 827.635,
"find_extremes": 36.6718,
"find_corners": 77.441,
"find_points_in_Q": 0.002048,
"compaction": 17.9585,
"copy2host": 0.054176,
"delete": 0,
"preparation": 0.097056,
"cgal_convex_hull": 3.35507,
"total": 135.483
}