{
"n": 33554432,
"size": 96,
"hull": 21,
"seed": 0,
"copy2device": 15.1929,
"find_extremes": 1.51962,
"find_corners": 3.92077,
"find_points_in_Q": 0.770976,
"compaction": 0.708288,
"copy2host": 46.1522,
"delete": 0,
"preparation": 0.008704,
"cgal_convex_hull": 0.015456,
"total": 53.0873
}