{
"n": 872415232,
"size": 235,
"hull": 23,
"seed": 0,
"copy2device": 599.089,
"find_extremes": 41.3133,
"find_corners": 87.297,
"find_points_in_Q": 0.002048,
"compaction": 20.2491,
"copy2host": 0.01456,
"delete": 0,
"preparation": 0.003168,
"cgal_convex_hull": 0.020256,
"total": 148.896
}