{
"n": 201326592,
"size": 85,
"hull": 20,
"seed": 0,
"copy2device": 119.266,
"find_extremes": 5.73088,
"find_corners": 20.7688,
"find_points_in_Q": 4.1624,
"compaction": 3.66387,
"copy2host": 259.652,
"delete": 0,
"preparation": 0.008448,
"cgal_convex_hull": 0.013376,
"total": 293.991
}