{
"n": 100663296,
"size": 11415,
"hull": 41,
"seed": 0,
"copy2device": 65.3668,
"find_extremes": 5.42179,
"find_corners": 11.4237,
"find_points_in_Q": 0.002048,
"compaction": 2.51085,
"copy2host": 0.058368,
"delete": 0,
"preparation": 0.077952,
"cgal_convex_hull": 1.11594,
"total": 20.5327
}