{
"n": 637534208,
"size": 203,
"hull": 22,
"seed": 0,
"copy2device": 503.034,
"find_extremes": 16.5428,
"find_corners": 63.6441,
"find_points_in_Q": 12.6092,
"compaction": 11.2988,
"copy2host": 722.006,
"delete": 0,
"preparation": 0.05392,
"cgal_convex_hull": 0.020896,
"total": 826.122
}