{
"n": 436207616,
"size": 81,
"hull": 18,
"seed": 0,
"copy2device": 297.142,
"find_extremes": 21.0366,
"find_corners": 44.0084,
"find_points_in_Q": 0.002048,
"compaction": 10.2385,
"copy2host": 0.012672,
"delete": 0,
"preparation": 0.00288,
"cgal_convex_hull": 0.01248,
"total": 75.3107
}