{
"n": 738197504,
"size": 235,
"hull": 19,
"seed": 0,
"copy2device": 563.39,
"find_extremes": 19.0314,
"find_corners": 73.7505,
"find_points_in_Q": 14.6153,
"compaction": 13.0533,
"copy2host": 798.783,
"delete": 0,
"preparation": 0.063072,
"cgal_convex_hull": 0.02224,
"total": 919.255
}