{
"n": 805306368,
"size": 60735,
"hull": 45,
"seed": 0,
"copy2device": 670.995,
"find_extremes": 38.1921,
"find_corners": 80.6564,
"find_points_in_Q": 0.001024,
"compaction": 18.7459,
"copy2host": 0.074784,
"delete": 0,
"preparation": 0.112512,
"cgal_convex_hull": 6.55862,
"total": 144.229
}