{
"n": 33554432,
"size": 33549992,
"hull": 40274,
"seed": 0,
"copy2device": 35.1158,
"find_extremes": 0.825856,
"find_corners": 3.3375,
"find_points_in_Q": 0.729696,
"compaction": 0.466784,
"copy2host": 50.5828,
"filter": 5.38746,
"delete": 0,
"preparation": 318.887,
"cgal_convex_hull": 5490.35,
"total": 5495.74
}