{
"n": 402653184,
"size": 402598664,
"hull": 42146,
"seed": 0,
"copy2device": 757.084,
"find_extremes": 9.00058,
"find_corners": 39.8071,
"find_points_in_Q": 8.1336,
"compaction": 5.62013,
"copy2host": 572.747,
"filter": 62.5935,
"delete": 0,
"preparation": 5330.73,
"cgal_convex_hull": 70372.9,
"total": 70435.4
}