{
"n": 201326592,
"size": 201299270,
"hull": 42011,
"seed": 0,
"copy2device": 397.789,
"find_extremes": 4.50627,
"find_corners": 20.0448,
"find_points_in_Q": 4.14339,
"compaction": 2.86621,
"copy2host": 291.636,
"filter": 31.5914,
"delete": 0,
"preparation": 2539.01,
"cgal_convex_hull": 34871.9,
"total": 34903.5
}