{
"n": 100663296,
"size": 100649862,
"hull": 41690,
"seed": 0,
"copy2device": 195.248,
"find_extremes": 2.28662,
"find_corners": 10.03,
"find_points_in_Q": 2.07568,
"compaction": 1.40045,
"copy2host": 120.321,
"filter": 15.8213,
"delete": 0,
"preparation": 1127.87,
"cgal_convex_hull": 17141.8,
"total": 17157.6
}