{
"n": 436207616,
"size": 436148642,
"hull": 42199,
"seed": 0,
"copy2device": 861.278,
"find_extremes": 9.76858,
"find_corners": 42.9381,
"find_points_in_Q": 8.83146,
"compaction": 6.03344,
"copy2host": 650.776,
"filter": 67.6036,
"delete": 0,
"preparation": 5423.32,
"cgal_convex_hull": 75408.5,
"total": 75476.1
}