{
"n": 67108864,
"size": 67099839,
"hull": 41343,
"seed": 0,
"copy2device": 130.368,
"find_extremes": 1.54218,
"find_corners": 6.68058,
"find_points_in_Q": 1.41389,
"compaction": 0.984128,
"copy2host": 108.789,
"filter": 10.6501,
"delete": 0,
"preparation": 708.142,
"cgal_convex_hull": 11259.2,
"total": 11269.9
}