{
"n": 100663296,
"size": 100649801,
"hull": 41803,
"seed": 0,
"copy2device": 191.368,
"find_extremes": 2.28336,
"find_corners": 9.98675,
"find_points_in_Q": 2.08016,
"compaction": 1.3872,
"copy2host": 133.815,
"filter": 15.7673,
"delete": 0,
"preparation": 1119.56,
"cgal_convex_hull": 17145.2,
"total": 17161
}