{
"n": 234881024,
"size": 234849378,
"hull": 42123,
"seed": 0,
"copy2device": 463.321,
"find_extremes": 5.24832,
"find_corners": 23.3091,
"find_points_in_Q": 4.79814,
"compaction": 3.29366,
"copy2host": 349.931,
"filter": 36.6804,
"delete": 0,
"preparation": 2852.39,
"cgal_convex_hull": 40542.7,
"total": 40579.4
}