{
"n": 201326592,
"size": 201299280,
"hull": 42061,
"seed": 0,
"copy2device": 400.635,
"find_extremes": 4.50637,
"find_corners": 20.0753,
"find_points_in_Q": 4.14755,
"compaction": 2.84698,
"copy2host": 302.122,
"filter": 31.6091,
"delete": 0,
"preparation": 2550.49,
"cgal_convex_hull": 34615.5,
"total": 34647.1
}