{
"n": 201326592,
"size": 201299718,
"hull": 42028,
"seed": 0,
"copy2device": 396.302,
"find_extremes": 4.50483,
"find_corners": 20.0355,
"find_points_in_Q": 4.13133,
"compaction": 2.82742,
"copy2host": 303.154,
"filter": 31.5294,
"delete": 0,
"preparation": 2630.73,
"cgal_convex_hull": 34815.5,
"total": 34847
}