{
"n": 268435456,
"size": 268399059,
"hull": 42099,
"seed": 0,
"copy2device": 531.18,
"find_extremes": 6.00211,
"find_corners": 26.4262,
"find_points_in_Q": 5.45126,
"compaction": 3.78656,
"copy2host": 359.665,
"filter": 41.6979,
"delete": 0,
"preparation": 2887.53,
"cgal_convex_hull": 46243.9,
"total": 46285.6
}