{
"n": 201326592,
"size": 201299380,
"hull": 42071,
"seed": 0,
"copy2device": 397.581,
"find_extremes": 4.49962,
"find_corners": 20.1252,
"find_points_in_Q": 4.14086,
"compaction": 2.82973,
"copy2host": 302.458,
"filter": 31.626,
"delete": 0,
"preparation": 2619.09,
"cgal_convex_hull": 34722.2,
"total": 34753.9
}