{
"n": 234881024,
"size": 234849139,
"hull": 42029,
"seed": 0,
"copy2device": 465.333,
"find_extremes": 5.25373,
"find_corners": 23.2896,
"find_points_in_Q": 4.78675,
"compaction": 3.3208,
"copy2host": 345.382,
"filter": 36.6815,
"delete": 0,
"preparation": 2741.41,
"cgal_convex_hull": 40211,
"total": 40247.7
}