{
"n": 134217728,
"size": 134199721,
"hull": 41869,
"seed": 0,
"copy2device": 96.9281,
"find_extremes": 3.02022,
"find_corners": 13.365,
"find_points_in_Q": 2.75034,
"compaction": 1.91274,
"copy2host": 202.147,
"filter": 21.0768,
"delete": 0,
"preparation": 1466.43,
"cgal_convex_hull": 23204,
"total": 23225.1
}