{
"n": 67108864,
"size": 67099786,
"hull": 41357,
"seed": 0,
"copy2device": 131.106,
"find_extremes": 1.55478,
"find_corners": 6.69725,
"find_points_in_Q": 1.40285,
"compaction": 0.9872,
"copy2host": 102.86,
"filter": 10.6697,
"delete": 0,
"preparation": 726.815,
"cgal_convex_hull": 11400.5,
"total": 11411.2
}