{
"n": 301989888,
"size": 301949169,
"hull": 42126,
"seed": 0,
"copy2device": 457.346,
"find_extremes": 6.76298,
"find_corners": 30.0542,
"find_points_in_Q": 6.12893,
"compaction": 4.23498,
"copy2host": 485.505,
"filter": 47.215,
"delete": 0,
"preparation": 4365.72,
"cgal_convex_hull": 59169.8,
"total": 59217
}