{
"n": 436207616,
"size": 436148798,
"hull": 42160,
"seed": 0,
"copy2device": 867.901,
"find_extremes": 9.78118,
"find_corners": 42.951,
"find_points_in_Q": 8.81152,
"compaction": 6.0673,
"copy2host": 620.562,
"filter": 67.6435,
"delete": 0,
"preparation": 5520.69,
"cgal_convex_hull": 76264.8,
"total": 76332.4
}