{
"n": 402653184,
"size": 402598397,
"hull": 42214,
"seed": 0,
"copy2device": 804.474,
"find_extremes": 9.01533,
"find_corners": 39.7636,
"find_points_in_Q": 8.14538,
"compaction": 5.5983,
"copy2host": 606.709,
"filter": 62.5563,
"delete": 0,
"preparation": 5037.25,
"cgal_convex_hull": 70076.7,
"total": 70139.3
}