{
"n": 436207616,
"size": 436149155,
"hull": 42189,
"seed": 0,
"copy2device": 868.24,
"find_extremes": 9.77466,
"find_corners": 42.9026,
"find_points_in_Q": 8.8144,
"compaction": 6.06189,
"copy2host": 612.748,
"filter": 67.5865,
"delete": 0,
"preparation": 5431.7,
"cgal_convex_hull": 76090.8,
"total": 76158.4
}