{
"n": 100663296,
"size": 100649517,
"hull": 41696,
"seed": 0,
"copy2device": 83.5186,
"find_extremes": 2.27395,
"find_corners": 9.98733,
"find_points_in_Q": 2.09098,
"compaction": 1.39024,
"copy2host": 154.299,
"filter": 15.7726,
"delete": 0,
"preparation": 1277.08,
"cgal_convex_hull": 17077.9,
"total": 17093.6
}