{
"n": 201326592,
"size": 201299529,
"hull": 42077,
"seed": 0,
"copy2device": 396.958,
"find_extremes": 4.51274,
"find_corners": 20.0997,
"find_points_in_Q": 4.11958,
"compaction": 2.84304,
"copy2host": 306.793,
"filter": 31.6057,
"delete": 0,
"preparation": 2557.98,
"cgal_convex_hull": 37605.4,
"total": 37637
}