{
"n": 201326592,
"size": 201299632,
"hull": 42082,
"seed": 0,
"copy2device": 414.322,
"find_extremes": 4.49645,
"find_corners": 20.0316,
"find_points_in_Q": 4.15664,
"compaction": 2.83962,
"copy2host": 303.648,
"filter": 31.5537,
"delete": 0,
"preparation": 2622.37,
"cgal_convex_hull": 34574.2,
"total": 34605.8
}