{
"n": 234881024,
"size": 234849258,
"hull": 42089,
"seed": 0,
"copy2device": 462.939,
"find_extremes": 5.24947,
"find_corners": 23.2241,
"find_points_in_Q": 4.80416,
"compaction": 3.33389,
"copy2host": 331.547,
"filter": 36.642,
"delete": 0,
"preparation": 2935.62,
"cgal_convex_hull": 40618.2,
"total": 40654.8
}