{
"n": 167772160,
"size": 167749844,
"hull": 41977,
"seed": 0,
"copy2device": 335.26,
"find_extremes": 3.76374,
"find_corners": 16.7657,
"find_points_in_Q": 3.44755,
"compaction": 2.3768,
"copy2host": 286.303,
"filter": 26.3837,
"delete": 0,
"preparation": 2319.16,
"cgal_convex_hull": 28932,
"total": 28958.4
}