{
"n": 201326592,
"size": 201299332,
"hull": 42028,
"seed": 0,
"copy2device": 396.898,
"find_extremes": 4.50406,
"find_corners": 20.0791,
"find_points_in_Q": 4.10243,
"compaction": 2.84278,
"copy2host": 307.685,
"filter": 31.5596,
"delete": 0,
"preparation": 2621.69,
"cgal_convex_hull": 34745,
"total": 34776.6
}