{
"n": 100663296,
"size": 100649814,
"hull": 41765,
"seed": 0,
"copy2device": 196.984,
"find_extremes": 2.28819,
"find_corners": 10.0478,
"find_points_in_Q": 2.07939,
"compaction": 1.39306,
"copy2host": 146.178,
"filter": 15.8378,
"delete": 0,
"preparation": 1264.74,
"cgal_convex_hull": 17210.1,
"total": 17226
}