{
"n": 67108864,
"size": 67099692,
"hull": 41369,
"seed": 0,
"copy2device": 79.3198,
"find_extremes": 1.55507,
"find_corners": 6.67446,
"find_points_in_Q": 1.41274,
"compaction": 0.979136,
"copy2host": 93.1107,
"filter": 10.6499,
"delete": 0,
"preparation": 679.286,
"cgal_convex_hull": 11282.8,
"total": 11293.4
}