{
"n": 201326592,
"size": 201299274,
"hull": 42068,
"seed": 0,
"copy2device": 397.591,
"find_extremes": 4.50627,
"find_corners": 20.0729,
"find_points_in_Q": 4.12048,
"compaction": 2.85005,
"copy2host": 305.158,
"filter": 31.5782,
"delete": 0,
"preparation": 2537.01,
"cgal_convex_hull": 34601.2,
"total": 34632.7
}