{
"n": 201326592,
"size": 201299374,
"hull": 42106,
"seed": 0,
"copy2device": 386.895,
"find_extremes": 4.5072,
"find_corners": 20.1096,
"find_points_in_Q": 4.09869,
"compaction": 2.82701,
"copy2host": 302.721,
"filter": 31.5729,
"delete": 0,
"preparation": 2619.92,
"cgal_convex_hull": 34682.1,
"total": 34713.7
}