{
"n": 335544320,
"size": 335499097,
"hull": 42136,
"seed": 0,
"copy2device": 661.858,
"find_extremes": 7.4967,
"find_corners": 33.2289,
"find_points_in_Q": 6.80141,
"compaction": 4.69693,
"copy2host": 486.602,
"filter": 52.2565,
"delete": 0,
"preparation": 4943.98,
"cgal_convex_hull": 58679.9,
"total": 58732.2
}