{
"n": 33554432,
"size": 33549796,
"hull": 40365,
"seed": 0,
"copy2device": 61.0962,
"find_extremes": 0.82592,
"find_corners": 3.29424,
"find_points_in_Q": 0.75152,
"compaction": 0.467168,
"copy2host": 40.7002,
"filter": 5.36547,
"delete": 0,
"preparation": 331.563,
"cgal_convex_hull": 5534.06,
"total": 5539.42
}