{
"n": 67108864,
"size": 67099836,
"hull": 41412,
"seed": 0,
"copy2device": 120.314,
"find_extremes": 1.5527,
"find_corners": 6.69123,
"find_points_in_Q": 1.42243,
"compaction": 0.98256,
"copy2host": 100.249,
"filter": 10.6772,
"delete": 0,
"preparation": 682.989,
"cgal_convex_hull": 11192.6,
"total": 11203.3
}