{
"n": 234881024,
"size": 234849208,
"hull": 42077,
"seed": 0,
"copy2device": 474.462,
"find_extremes": 5.25366,
"find_corners": 23.2962,
"find_points_in_Q": 4.79181,
"compaction": 3.29795,
"copy2host": 355.912,
"filter": 36.6709,
"delete": 0,
"preparation": 2584.93,
"cgal_convex_hull": 40431,
"total": 40467.7
}