{
"n": 201326592,
"size": 201299640,
"hull": 42041,
"seed": 0,
"copy2device": 398.756,
"find_extremes": 4.2432,
"find_corners": 19.7681,
"find_points_in_Q": 4.45302,
"compaction": 5.06368,
"copy2host": 308.068,
"filter": 33.5582,
"delete": 0,
"preparation": 2588.81,
"cgal_convex_hull": 34779.4,
"total": 34813
}