{
"n": 67108864,
"size": 67099897,
"hull": 41372,
"seed": 0,
"copy2device": 131.811,
"find_extremes": 1.50736,
"find_corners": 6.62173,
"find_points_in_Q": 1.52832,
"compaction": 1.82765,
"copy2host": 102.142,
"filter": 11.5126,
"delete": 0,
"preparation": 717.131,
"cgal_convex_hull": 11295.4,
"total": 11306.9
}