{
"n": 67108864,
"size": 67099693,
"hull": 41358,
"seed": 0,
"copy2device": 131.541,
"find_extremes": 1.49901,
"find_corners": 6.66323,
"find_points_in_Q": 1.50819,
"compaction": 1.80742,
"copy2host": 105.051,
"filter": 11.5073,
"delete": 0,
"preparation": 716.265,
"cgal_convex_hull": 11312,
"total": 11323.5
}