{
"n": 234881024,
"size": 234849011,
"hull": 42099,
"seed": 0,
"copy2device": 467.458,
"find_extremes": 4.92675,
"find_corners": 23.0444,
"find_points_in_Q": 5.19958,
"compaction": 5.87005,
"copy2host": 311.025,
"filter": 39.0722,
"delete": 0,
"preparation": 2644.09,
"cgal_convex_hull": 40041.6,
"total": 40080.6
}