{
"n": 234881024,
"size": 234849132,
"hull": 42050,
"seed": 0,
"copy2device": 468.042,
"find_extremes": 4.92992,
"find_corners": 23.1163,
"find_points_in_Q": 5.1887,
"compaction": 5.82557,
"copy2host": 309.789,
"filter": 39.0913,
"delete": 0,
"preparation": 2532.05,
"cgal_convex_hull": 40112,
"total": 40151.1
}