{
"n": 369098752,
"size": 369048814,
"hull": 42185,
"seed": 0,
"copy2device": 545.236,
"find_extremes": 7.65536,
"find_corners": 35.4932,
"find_points_in_Q": 8.08768,
"compaction": 8.98058,
"copy2host": 546.111,
"filter": 60.25,
"delete": 0,
"preparation": 4994,
"cgal_convex_hull": 64358.5,
"total": 64418.7
}