{
"n": 201326592,
"size": 201299086,
"hull": 42074,
"seed": 0,
"copy2device": 405.675,
"find_extremes": 4.24275,
"find_corners": 19.8725,
"find_points_in_Q": 4.46134,
"compaction": 5.0224,
"copy2host": 301.124,
"filter": 33.6292,
"delete": 0,
"preparation": 2640.04,
"cgal_convex_hull": 35063.7,
"total": 35097.3
}