{
"n": 100663296,
"size": 100649792,
"hull": 41672,
"seed": 0,
"copy2device": 198.24,
"find_extremes": 2.19101,
"find_corners": 9.86336,
"find_points_in_Q": 2.28224,
"compaction": 2.64544,
"copy2host": 153.529,
"filter": 17.0112,
"delete": 0,
"preparation": 1237.26,
"cgal_convex_hull": 17047.6,
"total": 17064.6
}