{
"n": 134217728,
"size": 134199595,
"hull": 41872,
"seed": 0,
"copy2device": 224.21,
"find_extremes": 2.87574,
"find_corners": 13.1445,
"find_points_in_Q": 2.99731,
"compaction": 3.44442,
"copy2host": 212.957,
"filter": 22.494,
"delete": 0,
"preparation": 1434.98,
"cgal_convex_hull": 22881.7,
"total": 22904.1
}