{
"n": 301989888,
"size": 301949067,
"hull": 42170,
"seed": 0,
"copy2device": 506.653,
"find_extremes": 6.29744,
"find_corners": 28.8275,
"find_points_in_Q": 6.61904,
"compaction": 7.43162,
"copy2host": 427.327,
"filter": 49.2067,
"delete": 0,
"preparation": 4614.14,
"cgal_convex_hull": 52675.9,
"total": 52725.1
}