{
"n": 402653184,
"size": 402599028,
"hull": 42182,
"seed": 0,
"copy2device": 805.522,
"find_extremes": 8.34742,
"find_corners": 39.3022,
"find_points_in_Q": 8.79149,
"compaction": 9.83936,
"copy2host": 590.907,
"filter": 66.3129,
"delete": 0,
"preparation": 5302.33,
"cgal_convex_hull": 70146.2,
"total": 70212.5
}