{
"n": 33554432,
"size": 33549865,
"hull": 40209,
"seed": 0,
"copy2device": 62.3614,
"find_extremes": 0.81568,
"find_corners": 3.32189,
"find_points_in_Q": 0.830112,
"compaction": 0.946688,
"copy2host": 42.7225,
"filter": 5.94314,
"delete": 0,
"preparation": 337.721,
"cgal_convex_hull": 5629.15,
"total": 5635.1
}