{
"n": 268435456,
"size": 268399320,
"hull": 42136,
"seed": 0,
"copy2device": 398.219,
"find_extremes": 5.6088,
"find_corners": 25.9724,
"find_points_in_Q": 5.88432,
"compaction": 6.61293,
"copy2host": 344.009,
"filter": 44.1121,
"delete": 0,
"preparation": 2893.48,
"cgal_convex_hull": 46592.7,
"total": 46636.9
}