{
"n": 234881024,
"size": 234849528,
"hull": 42093,
"seed": 0,
"copy2device": 424.037,
"find_extremes": 4.92106,
"find_corners": 22.9639,
"find_points_in_Q": 5.1751,
"compaction": 5.83718,
"copy2host": 326.017,
"filter": 38.9282,
"delete": 0,
"preparation": 2665.63,
"cgal_convex_hull": 40378.7,
"total": 40417.6
}