{
"n": 201326592,
"size": 201299454,
"hull": 42049,
"seed": 0,
"copy2device": 398.507,
"find_extremes": 4.23891,
"find_corners": 19.7051,
"find_points_in_Q": 4.44838,
"compaction": 5.0239,
"copy2host": 305.091,
"filter": 33.4487,
"delete": 0,
"preparation": 2582.02,
"cgal_convex_hull": 34693.2,
"total": 34726.7
}