{
"n": 369098752,
"size": 369048647,
"hull": 42147,
"seed": 0,
"copy2device": 740.844,
"find_extremes": 7.65366,
"find_corners": 35.3492,
"find_points_in_Q": 8.0984,
"compaction": 9.00358,
"copy2host": 467.731,
"filter": 60.1377,
"delete": 0,
"preparation": 4375.42,
"cgal_convex_hull": 63844.8,
"total": 63904.9
}