{
"n": 234881024,
"size": 234849060,
"hull": 42066,
"seed": 0,
"copy2device": 468.963,
"find_extremes": 4.92851,
"find_corners": 23.0895,
"find_points_in_Q": 5.17635,
"compaction": 5.82304,
"copy2host": 334.96,
"filter": 39.0481,
"delete": 0,
"preparation": 2623.83,
"cgal_convex_hull": 40233.6,
"total": 40272.7
}