{
"n": 436207616,
"size": 436148709,
"hull": 42157,
"seed": 0,
"copy2device": 874.579,
"find_extremes": 9.02416,
"find_corners": 42.4928,
"find_points_in_Q": 9.54387,
"compaction": 10.6598,
"copy2host": 575.998,
"filter": 71.7544,
"delete": 0,
"preparation": 4874.39,
"cgal_convex_hull": 75859.9,
"total": 75931.6
}