{
"n": 268435456,
"size": 268399258,
"hull": 42114,
"seed": 0,
"copy2device": 533.463,
"find_extremes": 5.61043,
"find_corners": 26.0671,
"find_points_in_Q": 5.89536,
"compaction": 6.62579,
"copy2host": 410.681,
"filter": 44.2321,
"delete": 0,
"preparation": 3022.77,
"cgal_convex_hull": 46625.3,
"total": 46669.6
}