{
"n": 301989888,
"size": 301949325,
"hull": 42134,
"seed": 0,
"copy2device": 433.719,
"find_extremes": 6.29354,
"find_corners": 28.8266,
"find_points_in_Q": 6.6185,
"compaction": 7.40269,
"copy2host": 424.5,
"filter": 49.1744,
"delete": 0,
"preparation": 4675.23,
"cgal_convex_hull": 52929.5,
"total": 52978.7
}