{
"n": 33554432,
"size": 33549766,
"hull": 40334,
"seed": 0,
"copy2device": 62.255,
"find_extremes": 0.817408,
"find_corners": 3.30758,
"find_points_in_Q": 0.802592,
"compaction": 0.92768,
"copy2host": 46.9918,
"filter": 5.88326,
"delete": 0,
"preparation": 311.3,
"cgal_convex_hull": 5472.27,
"total": 5478.15
}