{
"n": 268435456,
"size": 268399320,
"hull": 42102,
"seed": 0,
"copy2device": 516.087,
"find_extremes": 5.60454,
"find_corners": 25.9764,
"find_points_in_Q": 5.91408,
"compaction": 6.64118,
"copy2host": 391.605,
"filter": 44.1674,
"delete": 0,
"preparation": 3120.08,
"cgal_convex_hull": 46483.5,
"total": 46527.6
}