{
"n": 67108864,
"size": 67099843,
"hull": 41354,
"seed": 0,
"copy2device": 131.783,
"find_extremes": 1.51235,
"find_corners": 6.62816,
"find_points_in_Q": 1.53754,
"compaction": 1.82851,
"copy2host": 101.551,
"filter": 11.5351,
"delete": 0,
"preparation": 712.424,
"cgal_convex_hull": 11270.4,
"total": 11282
}