{
"n": 402653184,
"size": 402598772,
"hull": 42194,
"seed": 0,
"copy2device": 805.233,
"find_extremes": 8.33907,
"find_corners": 38.8469,
"find_points_in_Q": 8.77379,
"compaction": 9.84922,
"copy2host": 557.6,
"filter": 65.8416,
"delete": 0,
"preparation": 5035.91,
"cgal_convex_hull": 69546.5,
"total": 69612.3
}