{
"n": 268435456,
"size": 268398951,
"hull": 42099,
"seed": 0,
"copy2device": 402.409,
"find_extremes": 5.61629,
"find_corners": 25.8929,
"find_points_in_Q": 5.91638,
"compaction": 6.64576,
"copy2host": 402.552,
"filter": 44.103,
"delete": 0,
"preparation": 3156.8,
"cgal_convex_hull": 46410.2,
"total": 46454.3
}