{
"n": 100663296,
"size": 100649571,
"hull": 41749,
"seed": 0,
"copy2device": 144.275,
"find_extremes": 2.18486,
"find_corners": 9.86416,
"find_points_in_Q": 2.27677,
"compaction": 2.64934,
"copy2host": 151.893,
"filter": 17.004,
"delete": 0,
"preparation": 1240.11,
"cgal_convex_hull": 17134.2,
"total": 17151.2
}