{
"n": 201326592,
"size": 201299378,
"hull": 42088,
"seed": 0,
"copy2device": 398.769,
"find_extremes": 4.244,
"find_corners": 19.8044,
"find_points_in_Q": 4.41949,
"compaction": 5.00432,
"copy2host": 290.611,
"filter": 33.5032,
"delete": 0,
"preparation": 2606.04,
"cgal_convex_hull": 34354.7,
"total": 34388.2
}