{
"n": 33554432,
"size": 33549904,
"hull": 40387,
"seed": 0,
"copy2device": 57.9847,
"find_extremes": 2.19642,
"find_corners": 3.92294,
"find_points_in_Q": 0.002048,
"compaction": 1.32432,
"copy2host": 187.304,
"filter": 194.79,
"delete": 0,
"preparation": 353.545,
"cgal_convex_hull": 5600.01,
"total": 5794.8
}