{
"n": 201326592,
"size": 201299641,
"hull": 42043,
"seed": 0,
"copy2device": 351.416,
"find_extremes": 9.37626,
"find_corners": 20.6817,
"find_points_in_Q": 0.001024,
"compaction": 7.36698,
"copy2host": 1210.48,
"filter": 1247.95,
"delete": 0,
"preparation": 2598.32,
"cgal_convex_hull": 34484.5,
"total": 35732.5
}