{
"n": 167772160,
"size": 167749490,
"hull": 41941,
"seed": 0,
"copy2device": 273.177,
"find_extremes": 7.95062,
"find_corners": 17.3699,
"find_points_in_Q": 0.002048,
"compaction": 6.14227,
"copy2host": 853.006,
"filter": 884.51,
"delete": 0,
"preparation": 2078.18,
"cgal_convex_hull": 28837.1,
"total": 29721.6
}