{
"n": 100663296,
"size": 100649720,
"hull": 41752,
"seed": 0,
"copy2device": 191.927,
"find_extremes": 3.22605,
"find_corners": 10.7228,
"find_points_in_Q": 2.07427,
"compaction": 3.63299,
"copy2host": 151.559,
"filter": 19.6924,
"delete": 0,
"preparation": 1286.72,
"cgal_convex_hull": 17047.8,
"total": 17067.5
}