{
"n": 33554432,
"size": 33549908,
"hull": 40359,
"seed": 0,
"copy2device": 35.6312,
"find_extremes": 2.24678,
"find_corners": 3.93011,
"find_points_in_Q": 0.002048,
"compaction": 1.31869,
"copy2host": 182.894,
"filter": 190.427,
"delete": 0,
"preparation": 354.306,
"cgal_convex_hull": 5528.57,
"total": 5718.99
}