{
"n": 201326592,
"size": 201299241,
"hull": 42058,
"seed": 0,
"copy2device": 390.261,
"find_extremes": 5.83872,
"find_corners": 20.8318,
"find_points_in_Q": 4.1024,
"compaction": 7.02131,
"copy2host": 293.907,
"filter": 37.8251,
"delete": 0,
"preparation": 2384.79,
"cgal_convex_hull": 34643.6,
"total": 34681.5
}