{
"n": 100663296,
"size": 100649676,
"hull": 41812,
"seed": 0,
"copy2device": 164.051,
"find_extremes": 5.10013,
"find_corners": 10.6341,
"find_points_in_Q": 0.002048,
"compaction": 3.74563,
"copy2host": 527.509,
"filter": 547.027,
"delete": 0,
"preparation": 1133.27,
"cgal_convex_hull": 17069.5,
"total": 17616.5
}