{
"n": 201326592,
"size": 201299971,
"hull": 42004,
"seed": 0,
"copy2device": 398.389,
"find_extremes": 5.85446,
"find_corners": 20.6207,
"find_points_in_Q": 4.09974,
"compaction": 7.05574,
"copy2host": 287.239,
"filter": 37.6605,
"delete": 0,
"preparation": 2449.85,
"cgal_convex_hull": 34769.4,
"total": 34807
}