{
"n": 67108864,
"size": 67099781,
"hull": 41274,
"seed": 0,
"copy2device": 39.9215,
"find_extremes": 2.37149,
"find_corners": 7.30723,
"find_points_in_Q": 1.4296,
"compaction": 2.51882,
"copy2host": 101.398,
"filter": 13.656,
"delete": 0,
"preparation": 720.972,
"cgal_convex_hull": 11496.8,
"total": 11510.4
}