{
"n": 234881024,
"size": 234849106,
"hull": 42077,
"seed": 0,
"copy2device": 450.636,
"find_extremes": 10.8076,
"find_corners": 24.0241,
"find_points_in_Q": 0.002048,
"compaction": 8.58365,
"copy2host": 1389.26,
"filter": 1432.72,
"delete": 0,
"preparation": 2789.2,
"cgal_convex_hull": 40115.2,
"total": 41547.9
}