{
"n": 201326592,
"size": 201299564,
"hull": 42102,
"seed": 0,
"copy2device": 389.24,
"find_extremes": 5.84845,
"find_corners": 20.792,
"find_points_in_Q": 4.0888,
"compaction": 7.04326,
"copy2host": 298.869,
"filter": 37.8039,
"delete": 0,
"preparation": 2429.5,
"cgal_convex_hull": 34717.2,
"total": 34755
}