{
"n": 33554432,
"size": 33549836,
"hull": 40333,
"seed": 0,
"copy2device": 59.036,
"find_extremes": 2.18733,
"find_corners": 3.87398,
"find_points_in_Q": 0.001024,
"compaction": 1.2847,
"copy2host": 183.197,
"filter": 190.587,
"delete": 0,
"preparation": 329.271,
"cgal_convex_hull": 5494.91,
"total": 5685.5
}