{
"n": 167772160,
"size": 167749493,
"hull": 42014,
"seed": 0,
"copy2device": 323.042,
"find_extremes": 4.99501,
"find_corners": 17.3821,
"find_points_in_Q": 3.4399,
"compaction": 5.89424,
"copy2host": 232.995,
"filter": 31.7428,
"delete": 0,
"preparation": 2245.87,
"cgal_convex_hull": 28786.9,
"total": 28818.6
}