{
"n": 167772160,
"size": 167749752,
"hull": 42055,
"seed": 0,
"copy2device": 319.344,
"find_extremes": 4.97731,
"find_corners": 17.2921,
"find_points_in_Q": 3.43971,
"compaction": 5.90755,
"copy2host": 215.977,
"filter": 31.6473,
"delete": 0,
"preparation": 2032.27,
"cgal_convex_hull": 28600.9,
"total": 28632.5
}