{
"n": 234881024,
"size": 234849108,
"hull": 42101,
"seed": 0,
"copy2device": 452.431,
"find_extremes": 6.66643,
"find_corners": 23.9335,
"find_points_in_Q": 4.76925,
"compaction": 8.11898,
"copy2host": 333.361,
"filter": 43.5198,
"delete": 0,
"preparation": 2789.59,
"cgal_convex_hull": 40177.4,
"total": 40220.9
}