{
"n": 268435456,
"size": 268399060,
"hull": 42152,
"seed": 0,
"copy2device": 527.352,
"find_extremes": 7.51782,
"find_corners": 27.2582,
"find_points_in_Q": 5.46138,
"compaction": 9.22208,
"copy2host": 398.064,
"filter": 49.4913,
"delete": 0,
"preparation": 3087.46,
"cgal_convex_hull": 46811,
"total": 46860.5
}