{
"n": 167772160,
"size": 167749601,
"hull": 42019,
"seed": 0,
"copy2device": 265.648,
"find_extremes": 7.9496,
"find_corners": 17.3895,
"find_points_in_Q": 0.00416,
"compaction": 6.15389,
"copy2host": 762.007,
"filter": 793.546,
"delete": 0,
"preparation": 1903.05,
"cgal_convex_hull": 29123.5,
"total": 29917
}