{
"n": 33554432,
"size": 33549849,
"hull": 40318,
"seed": 0,
"copy2device": 58.5674,
"find_extremes": 2.20624,
"find_corners": 3.90637,
"find_points_in_Q": 0.002048,
"compaction": 1.29354,
"copy2host": 190.113,
"filter": 197.56,
"delete": 0,
"preparation": 357.055,
"cgal_convex_hull": 5561.53,
"total": 5759.09
}