{
"n": 201326592,
"size": 201299246,
"hull": 42075,
"seed": 0,
"copy2device": 328.767,
"find_extremes": 9.37606,
"find_corners": 20.7718,
"find_points_in_Q": 0.002048,
"compaction": 7.39565,
"copy2host": 1122.05,
"filter": 1159.63,
"delete": 0,
"preparation": 2476.48,
"cgal_convex_hull": 34536.5,
"total": 35696.2
}