{
"n": 67108864,
"size": 67099810,
"hull": 41480,
"seed": 0,
"copy2device": 113.4,
"find_extremes": 3.6592,
"find_corners": 7.32266,
"find_points_in_Q": 0.002048,
"compaction": 2.51168,
"copy2host": 398.761,
"filter": 412.299,
"delete": 0,
"preparation": 778.237,
"cgal_convex_hull": 11339.6,
"total": 11751.9
}