{
"n": 201326592,
"size": 201299390,
"hull": 42090,
"seed": 0,
"copy2device": 313.004,
"find_extremes": 9.36675,
"find_corners": 20.6879,
"find_points_in_Q": 0.002048,
"compaction": 7.33184,
"copy2host": 1177.74,
"filter": 1215.16,
"delete": 0,
"preparation": 2381.19,
"cgal_convex_hull": 34662.3,
"total": 35877.4
}