{
"n": 201326592,
"size": 201299472,
"hull": 42080,
"seed": 0,
"copy2device": 349.305,
"find_extremes": 9.38707,
"find_corners": 20.7186,
"find_points_in_Q": 0.001024,
"compaction": 7.35341,
"copy2host": 1125.65,
"filter": 1163.15,
"delete": 0,
"preparation": 2425.28,
"cgal_convex_hull": 34424.1,
"total": 35587.2
}