{
"n": 201326592,
"size": 201299528,
"hull": 42027,
"seed": 0,
"copy2device": 393.53,
"find_extremes": 5.84038,
"find_corners": 20.735,
"find_points_in_Q": 4.0825,
"compaction": 6.95392,
"copy2host": 268.522,
"filter": 37.6435,
"delete": 0,
"preparation": 2227.16,
"cgal_convex_hull": 34472.5,
"total": 34510.1
}