{
"n": 201326592,
"size": 201299325,
"hull": 42063,
"seed": 0,
"copy2device": 387.165,
"find_extremes": 5.82765,
"find_corners": 20.6467,
"find_points_in_Q": 4.09174,
"compaction": 6.98288,
"copy2host": 297.659,
"filter": 37.5809,
"delete": 0,
"preparation": 2534.37,
"cgal_convex_hull": 34610,
"total": 34647.6
}