{
"n": 134217728,
"size": 134199735,
"hull": 41969,
"seed": 0,
"copy2device": 235.098,
"find_extremes": 6.53251,
"find_corners": 13.9981,
"find_points_in_Q": 0.001024,
"compaction": 4.96416,
"copy2host": 781.649,
"filter": 807.184,
"delete": 0,
"preparation": 1571.65,
"cgal_convex_hull": 22841.8,
"total": 23649
}