{
"n": 268435456,
"size": 268399099,
"hull": 42150,
"seed": 0,
"copy2device": 294.712,
"find_extremes": 7.50461,
"find_corners": 27.1812,
"find_points_in_Q": 5.45091,
"compaction": 9.20397,
"copy2host": 397.444,
"filter": 49.3731,
"delete": 0,
"preparation": 2990.39,
"cgal_convex_hull": 46462,
"total": 46511.4
}