{
"n": 268435456,
"size": 268399024,
"hull": 42122,
"seed": 0,
"copy2device": 523.244,
"find_extremes": 7.52099,
"find_corners": 27.1956,
"find_points_in_Q": 5.43971,
"compaction": 9.25478,
"copy2host": 400.731,
"filter": 49.4435,
"delete": 0,
"preparation": 3010.53,
"cgal_convex_hull": 46492.5,
"total": 46542
}