{
"n": 167772160,
"size": 167749731,
"hull": 42063,
"seed": 0,
"copy2device": 279.382,
"find_extremes": 7.96538,
"find_corners": 17.4121,
"find_points_in_Q": 0.002048,
"compaction": 6.15408,
"copy2host": 899.654,
"filter": 931.229,
"delete": 0,
"preparation": 2250.3,
"cgal_convex_hull": 28714.3,
"total": 29645.5
}