{
"n": 134217728,
"size": 134199463,
"hull": 41851,
"seed": 0,
"copy2device": 259.937,
"find_extremes": 4.05427,
"find_corners": 14.0633,
"find_points_in_Q": 2.76499,
"compaction": 4.74842,
"copy2host": 199.185,
"filter": 25.6605,
"delete": 0,
"preparation": 1570.3,
"cgal_convex_hull": 22978.3,
"total": 23004
}