{
"n": 33554432,
"size": 33549896,
"hull": 40243,
"seed": 0,
"copy2device": 62.2925,
"find_extremes": 1.53264,
"find_corners": 3.91562,
"find_points_in_Q": 0.752864,
"compaction": 1.34435,
"copy2host": 48.4745,
"filter": 7.5737,
"delete": 0,
"preparation": 363.917,
"cgal_convex_hull": 5550.88,
"total": 5558.45
}