{
"n": 33554432,
"size": 33549895,
"hull": 40226,
"seed": 0,
"copy2device": 46.5411,
"find_extremes": 1.55987,
"find_corners": 3.93056,
"find_points_in_Q": 0.773664,
"compaction": 1.31709,
"copy2host": 51.0706,
"filter": 7.60771,
"delete": 0,
"preparation": 318.176,
"cgal_convex_hull": 5525.32,
"total": 5532.93
}