{
"n": 67108864,
"size": 67099742,
"hull": 41397,
"seed": 0,
"copy2device": 117.616,
"find_extremes": 3.67798,
"find_corners": 7.30304,
"find_points_in_Q": 0.001024,
"compaction": 2.50653,
"copy2host": 378.393,
"filter": 391.919,
"delete": 0,
"preparation": 709.887,
"cgal_convex_hull": 11323.7,
"total": 11715.6
}