{
"n": 201326592,
"size": 201299349,
"hull": 42062,
"seed": 0,
"copy2device": 391.074,
"find_extremes": 5.82845,
"find_corners": 20.5699,
"find_points_in_Q": 4.09658,
"compaction": 6.97293,
"copy2host": 288.058,
"filter": 37.4979,
"delete": 0,
"preparation": 2435.46,
"cgal_convex_hull": 34671.3,
"total": 34708.8
}