{
"n": 67108864,
"size": 67099923,
"hull": 41326,
"seed": 0,
"copy2device": 34.7663,
"find_extremes": 2.37658,
"find_corners": 7.35261,
"find_points_in_Q": 1.4281,
"compaction": 2.48854,
"copy2host": 102.182,
"filter": 13.6761,
"delete": 0,
"preparation": 760.264,
"cgal_convex_hull": 11193.7,
"total": 11207.3
}