{
"n": 335544320,
"size": 335499034,
"hull": 42153,
"seed": 0,
"copy2device": 362.018,
"find_extremes": 9.19664,
"find_corners": 33.9848,
"find_points_in_Q": 6.77216,
"compaction": 11.4928,
"copy2host": 485.414,
"filter": 61.4782,
"delete": 0,
"preparation": 4632.75,
"cgal_convex_hull": 58680.2,
"total": 58741.7
}