{
"n": 201326592,
"size": 201299456,
"hull": 42016,
"seed": 0,
"copy2device": 185.193,
"find_extremes": 5.80774,
"find_corners": 20.8089,
"find_points_in_Q": 4.08925,
"compaction": 7.04982,
"copy2host": 280.136,
"filter": 37.7889,
"delete": 0,
"preparation": 2446.35,
"cgal_convex_hull": 34190.2,
"total": 34228
}