{
"n": 134217728,
"size": 134199548,
"hull": 41964,
"seed": 0,
"copy2device": 258.236,
"find_extremes": 4.04211,
"find_corners": 14.1059,
"find_points_in_Q": 2.75674,
"compaction": 4.72413,
"copy2host": 199.385,
"filter": 25.6602,
"delete": 0,
"preparation": 1510.84,
"cgal_convex_hull": 22951.3,
"total": 22977
}