{
"n": 201326592,
"size": 201299199,
"hull": 42091,
"seed": 0,
"copy2device": 304.24,
"find_extremes": 9.38307,
"find_corners": 20.6162,
"find_points_in_Q": 0.001024,
"compaction": 7.36214,
"copy2host": 1098.1,
"filter": 1135.51,
"delete": 0,
"preparation": 2447.84,
"cgal_convex_hull": 34641.2,
"total": 35776.7
}