{
"n": 234881024,
"size": 234848791,
"hull": 42101,
"seed": 0,
"copy2device": 406.715,
"find_extremes": 10.8183,
"find_corners": 23.9944,
"find_points_in_Q": 0.001024,
"compaction": 8.56086,
"copy2host": 1308.05,
"filter": 1351.47,
"delete": 0,
"preparation": 2665.02,
"cgal_convex_hull": 39997.4,
"total": 41348.9
}