{
"n": 268435456,
"size": 268399055,
"hull": 42123,
"seed": 0,
"copy2device": 522.342,
"find_extremes": 7.50989,
"find_corners": 27.2697,
"find_points_in_Q": 5.4239,
"compaction": 9.25075,
"copy2host": 403.891,
"filter": 49.4854,
"delete": 0,
"preparation": 3168.07,
"cgal_convex_hull": 46906.9,
"total": 46956.3
}