{
"n": 134217728,
"size": 134199480,
"hull": 41943,
"seed": 0,
"copy2device": 209.958,
"find_extremes": 4.02128,
"find_corners": 13.9798,
"find_points_in_Q": 2.77197,
"compaction": 4.75312,
"copy2host": 193.372,
"filter": 25.5564,
"delete": 0,
"preparation": 1515.07,
"cgal_convex_hull": 22778.7,
"total": 22804.3
}