{
"n": 100663296,
"size": 100649603,
"hull": 41629,
"seed": 0,
"copy2device": 163.071,
"find_extremes": 5.08058,
"find_corners": 10.6783,
"find_points_in_Q": 0.001024,
"compaction": 3.74538,
"copy2host": 541.041,
"filter": 560.585,
"delete": 0,
"preparation": 1201.6,
"cgal_convex_hull": 17000.4,
"total": 17561
}