{
"n": 603979776,
"size": 32709,
"hull": 42,
"seed": 0,
"copy2device": 0,
"find_extremes": 1480.96,
"find_corners": 3141.12,
"find_points_in_Q": 0,
"compaction": 7488.06,
"copy2host": 0,
"filter": 12110.2,
"delete": 0,
"preparation": 3.05664,
"cgal_convex_hull": 3.37427,
"total": 12113.5
}