{
"n": 100663296,
"size": 13322,
"hull": 43,
"seed": 0,
"copy2device": 0,
"find_extremes": 311.695,
"find_corners": 599.345,
"find_points_in_Q": 0,
"compaction": 1104.84,
"copy2host": 0,
"filter": 2015.92,
"delete": 0,
"preparation": 0.365632,
"cgal_convex_hull": 1.22787,
"total": 2017.15
}