{
"n": 671088640,
"size": 25399,
"hull": 32,
"seed": 0,
"copy2device": 0,
"find_extremes": 1921.06,
"find_corners": 3751.85,
"find_points_in_Q": 0,
"compaction": 6784.17,
"copy2host": 0,
"filter": 12457.1,
"delete": 0,
"preparation": 6.82906,
"cgal_convex_hull": 2.62963,
"total": 12459.7
}