{
"n": 369098752,
"size": 14117,
"hull": 32,
"seed": 0,
"copy2device": 0,
"find_extremes": 1148.52,
"find_corners": 2241.03,
"find_points_in_Q": 0,
"compaction": 3702.88,
"copy2host": 0,
"filter": 7092.47,
"delete": 0,
"preparation": 3.44883,
"cgal_convex_hull": 1.36704,
"total": 7093.84
}