{
"n": 335544320,
"size": 25714,
"hull": 41,
"seed": 0,
"copy2device": 0,
"find_extremes": 823.438,
"find_corners": 1235.87,
"find_points_in_Q": 0,
"compaction": 3340.31,
"copy2host": 0,
"filter": 5399.65,
"delete": 0,
"preparation": 8.86291,
"cgal_convex_hull": 2.52211,
"total": 5402.17
}