{
"n": 637534208,
"size": 27719,
"hull": 43,
"seed": 0,
"copy2device": 0,
"find_extremes": 1888.51,
"find_corners": 3900.91,
"find_points_in_Q": 0,
"compaction": 8513.26,
"copy2host": 0,
"filter": 14302.7,
"delete": 0,
"preparation": 1.21446,
"cgal_convex_hull": 2.88358,
"total": 14305.6
}