{
"n": 1040187392,
"size": 62786,
"hull": 33,
"seed": 0,
"copy2device": 0,
"find_extremes": 3372.87,
"find_corners": 6653.76,
"find_points_in_Q": 0,
"compaction": 13595.5,
"copy2host": 0,
"filter": 23622.1,
"delete": 0,
"preparation": 2.40128,
"cgal_convex_hull": 6.63654,
"total": 23628.8
}