{
"n": 436207616,
"size": 34739,
"hull": 47,
"seed": 0,
"copy2device": 0,
"find_extremes": 1388.98,
"find_corners": 2836.43,
"find_points_in_Q": 0,
"compaction": 3607.54,
"copy2host": 0,
"filter": 7832.99,
"delete": 0,
"preparation": 1.26566,
"cgal_convex_hull": 3.52864,
"total": 7836.52
}