{
"n": 872415232,
"size": 49152,
"hull": 38,
"seed": 0,
"copy2device": 0,
"find_extremes": 2133.01,
"find_corners": 3085.54,
"find_points_in_Q": 0,
"compaction": 7267.01,
"copy2host": 0,
"filter": 12485.6,
"delete": 0,
"preparation": 5.84912,
"cgal_convex_hull": 5.05958,
"total": 12490.7
}