{
"n": 671088640,
"size": 41722,
"hull": 34,
"seed": 0,
"copy2device": 0,
"find_extremes": 2134.45,
"find_corners": 3756.13,
"find_points_in_Q": 0,
"compaction": 6021.62,
"copy2host": 0,
"filter": 11912.2,
"delete": 0,
"preparation": 1.66502,
"cgal_convex_hull": 4.34586,
"total": 11916.6
}