{
"n": 939524096,
"size": 26450,
"hull": 40,
"seed": 0,
"copy2device": 0,
"find_extremes": 2856.67,
"find_corners": 4885.76,
"find_points_in_Q": 0,
"compaction": 5097.74,
"copy2host": 0,
"filter": 12840.2,
"delete": 0,
"preparation": 8.61594,
"cgal_convex_hull": 2.62861,
"total": 12842.8
}