{
"n": 201326592,
"size": 17796,
"hull": 38,
"seed": 0,
"copy2device": 0,
"find_extremes": 492.239,
"find_corners": 1078.84,
"find_points_in_Q": 0,
"compaction": 2356.78,
"copy2host": 0,
"filter": 3927.89,
"delete": 0,
"preparation": 6.42448,
"cgal_convex_hull": 1.74486,
"total": 3929.64
}