{
"n": 234881024,
"size": 14349,
"hull": 45,
"seed": 0,
"copy2device": 0,
"find_extremes": 680.186,
"find_corners": 948.324,
"find_points_in_Q": 0,
"compaction": 2276.66,
"copy2host": 0,
"filter": 3905.21,
"delete": 0,
"preparation": 4.70323,
"cgal_convex_hull": 1.36822,
"total": 3906.57
}