{
"n": 939524096,
"size": 43871,
"hull": 42,
"seed": 0,
"copy2device": 0,
"find_extremes": 2859.28,
"find_corners": 5122.65,
"find_points_in_Q": 0,
"compaction": 12185.6,
"copy2host": 0,
"filter": 20167.5,
"delete": 0,
"preparation": 1.93024,
"cgal_convex_hull": 4.62131,
"total": 20172.2
}