{
"n": 201326592,
"size": 23819,
"hull": 47,
"seed": 0,
"copy2device": 0,
"find_extremes": 628.976,
"find_corners": 689.439,
"find_points_in_Q": 0,
"compaction": 2317.94,
"copy2host": 0,
"filter": 3636.39,
"delete": 0,
"preparation": 4.49126,
"cgal_convex_hull": 2.37466,
"total": 3638.76
}