{
"n": 33554432,
"size": 10489,
"hull": 49,
"seed": 0,
"copy2device": 0,
"find_extremes": 87.2694,
"find_corners": 198.619,
"find_points_in_Q": 0,
"compaction": 465.843,
"copy2host": 0,
"filter": 751.762,
"delete": 0,
"preparation": 0.571392,
"cgal_convex_hull": 0.910336,
"total": 752.673
}