{
"n": 469762048,
"size": 34539,
"hull": 46,
"seed": 0,
"copy2device": 0,
"find_extremes": 1358.79,
"find_corners": 1776.71,
"find_points_in_Q": 0,
"compaction": 4998.58,
"copy2host": 0,
"filter": 8134.11,
"delete": 0,
"preparation": 6.36192,
"cgal_convex_hull": 3.55821,
"total": 8137.67
}