{
"n": 973078528,
"size": 23016,
"hull": 36,
"seed": 0,
"copy2device": 0,
"find_extremes": 2379.44,
"find_corners": 3894.04,
"find_points_in_Q": 0,
"compaction": 12207.8,
"copy2host": 0,
"filter": 18481.3,
"delete": 0,
"preparation": 5.08621,
"cgal_convex_hull": 2.24755,
"total": 18483.5
}