{
"n": 1006632960,
"size": 36788,
"hull": 32,
"seed": 0,
"copy2device": 0,
"find_extremes": 2953.49,
"find_corners": 5435.06,
"find_points_in_Q": 0,
"compaction": 12647.3,
"copy2host": 0,
"filter": 21035.9,
"delete": 0,
"preparation": 1.49197,
"cgal_convex_hull": 3.76525,
"total": 21039.7
}