{
"n": 67108864,
"size": 8977,
"hull": 49,
"seed": 0,
"copy2device": 0,
"find_extremes": 188.906,
"find_corners": 399.926,
"find_points_in_Q": 0,
"compaction": 635.102,
"copy2host": 0,
"filter": 1223.96,
"delete": 0,
"preparation": 0.183296,
"cgal_convex_hull": 0.817344,
"total": 1224.78
}