{
"n": 134217728,
"size": 19737,
"hull": 43,
"seed": 0,
"copy2device": 0,
"find_extremes": 423.845,
"find_corners": 754.605,
"find_points_in_Q": 0,
"compaction": 1487.75,
"copy2host": 0,
"filter": 2666.24,
"delete": 0,
"preparation": 0.540672,
"cgal_convex_hull": 1.97222,
"total": 2668.21
}