{
"n": 838860800,
"size": 41016,
"hull": 46,
"seed": 0,
"copy2device": 0,
"find_extremes": 2088.14,
"find_corners": 5029.55,
"find_points_in_Q": 0,
"compaction": 9007.62,
"copy2host": 0,
"filter": 16125.3,
"delete": 0,
"preparation": 3.01389,
"cgal_convex_hull": 4.18496,
"total": 16129.5
}