{
"n": 1040187392,
"size": 28489,
"hull": 36,
"seed": 0,
"copy2device": 0,
"find_extremes": 3272.29,
"find_corners": 4209.26,
"find_points_in_Q": 0,
"compaction": 14423,
"copy2host": 0,
"filter": 21904.6,
"delete": 0,
"preparation": 1.34966,
"cgal_convex_hull": 2.93581,
"total": 21907.5
}