{
"n": 268435456,
"size": 13203,
"hull": 33,
"seed": 0,
"copy2device": 0,
"find_extremes": 656.415,
"find_corners": 1401.33,
"find_points_in_Q": 0,
"compaction": 2904.79,
"copy2host": 0,
"filter": 4962.57,
"delete": 0,
"preparation": 0.826144,
"cgal_convex_hull": 1.24826,
"total": 4963.82
}