{
"n": 905969664,
"size": 23432,
"hull": 34,
"seed": 0,
"copy2device": 0,
"find_extremes": 2965.13,
"find_corners": 5809.99,
"find_points_in_Q": 0,
"compaction": 12263.2,
"copy2host": 0,
"filter": 21038.4,
"delete": 0,
"preparation": 1.11328,
"cgal_convex_hull": 2.39597,
"total": 21040.8
}