{
"n": 1073741824,
"size": 46175,
"hull": 38,
"seed": 0,
"copy2device": 0,
"find_extremes": 2791.26,
"find_corners": 5626.15,
"find_points_in_Q": 0,
"compaction": 11494.7,
"copy2host": 0,
"filter": 19912.1,
"delete": 0,
"preparation": 3.17235,
"cgal_convex_hull": 4.77594,
"total": 19916.9
}