{
"n": 503316480,
"size": 10051,
"hull": 46,
"seed": 0,
"copy2device": 0,
"find_extremes": 1289.98,
"find_corners": 2068.44,
"find_points_in_Q": 0,
"compaction": 6026.5,
"copy2host": 0,
"filter": 9384.96,
"delete": 0,
"preparation": 3.17235,
"cgal_convex_hull": 0.961536,
"total": 9385.92
}