{
"n": 838860800,
"size": 32772,
"hull": 33,
"seed": 0,
"copy2device": 0,
"find_extremes": 2332.95,
"find_corners": 5247.76,
"find_points_in_Q": 0,
"compaction": 5948.33,
"copy2host": 0,
"filter": 13529.1,
"delete": 0,
"preparation": 7.34829,
"cgal_convex_hull": 3.30323,
"total": 13532.4
}