{
"n": 100663296,
"size": 14697,
"hull": 46,
"seed": 0,
"copy2device": 0,
"find_extremes": 291.721,
"find_corners": 435.365,
"find_points_in_Q": 0,
"compaction": 1101.25,
"copy2host": 0,
"filter": 1828.37,
"delete": 0,
"preparation": 0.313536,
"cgal_convex_hull": 1.36294,
"total": 1829.73
}