{
"n": 201326592,
"size": 15379,
"hull": 46,
"seed": 0,
"copy2device": 0,
"find_extremes": 611.224,
"find_corners": 784.544,
"find_points_in_Q": 0,
"compaction": 1841.42,
"copy2host": 0,
"filter": 3237.22,
"delete": 0,
"preparation": 0.464896,
"cgal_convex_hull": 1.46432,
"total": 3238.68
}