{
"n": 268435456,
"size": 13408,
"hull": 44,
"seed": 0,
"copy2device": 0,
"find_extremes": 727.008,
"find_corners": 1086.12,
"find_points_in_Q": 0,
"compaction": 2469.38,
"copy2host": 0,
"filter": 4282.54,
"delete": 0,
"preparation": 0.562368,
"cgal_convex_hull": 1.30355,
"total": 4283.85
}