{
"n": 1006632960,
"size": 55127,
"hull": 45,
"seed": 0,
"copy2device": 0,
"find_extremes": 2461.66,
"find_corners": 5304.92,
"find_points_in_Q": 0,
"compaction": 10930.7,
"copy2host": 0,
"filter": 18697.4,
"delete": 0,
"preparation": 3.85533,
"cgal_convex_hull": 5.69446,
"total": 18703.1
}