{
"n": 671088640,
"size": 47110,
"hull": 39,
"seed": 0,
"copy2device": 0,
"find_extremes": 2182.48,
"find_corners": 3834.51,
"find_points_in_Q": 0,
"compaction": 6148.79,
"copy2host": 0,
"filter": 12165.8,
"delete": 0,
"preparation": 1.75718,
"cgal_convex_hull": 4.81894,
"total": 12170.6
}