{
"n": 201326592,
"size": 13158,
"hull": 45,
"seed": 0,
"copy2device": 0,
"find_extremes": 602.051,
"find_corners": 1084.89,
"find_points_in_Q": 0,
"compaction": 2623.66,
"copy2host": 0,
"filter": 4310.63,
"delete": 0,
"preparation": 0.445664,
"cgal_convex_hull": 1.27379,
"total": 4311.9
}