{
"n": 1006632960,
"size": 33254,
"hull": 35,
"seed": 0,
"copy2device": 0,
"find_extremes": 2461.32,
"find_corners": 3573.98,
"find_points_in_Q": 0,
"compaction": 7892.13,
"copy2host": 0,
"filter": 13927.5,
"delete": 0,
"preparation": 2.57024,
"cgal_convex_hull": 3.14061,
"total": 13930.6
}