{
"n": 771751936,
"size": 12843,
"hull": 45,
"seed": 0,
"copy2device": 0,
"find_extremes": 2004.77,
"find_corners": 4820.82,
"find_points_in_Q": 0,
"compaction": 5019.22,
"copy2host": 0,
"filter": 11844.8,
"delete": 0,
"preparation": 4.80566,
"cgal_convex_hull": 1.21958,
"total": 11846.1
}