{
"n": 201326592,
"size": 10261,
"hull": 43,
"seed": 0,
"copy2device": 0,
"find_extremes": 552.834,
"find_corners": 1195.01,
"find_points_in_Q": 0,
"compaction": 1523.32,
"copy2host": 0,
"filter": 3271.2,
"delete": 0,
"preparation": 0.434176,
"cgal_convex_hull": 0.936064,
"total": 3272.13
}