{
"n": 1073741824,
"size": 27665,
"hull": 41,
"seed": 0,
"copy2device": 0,
"find_extremes": 2626.95,
"find_corners": 3854.28,
"find_points_in_Q": 0,
"compaction": 12683.5,
"copy2host": 0,
"filter": 19164.8,
"delete": 0,
"preparation": 5.16906,
"cgal_convex_hull": 2.84998,
"total": 19167.6
}