{
"n": 402653184,
"size": 21262,
"hull": 46,
"seed": 0,
"copy2device": 0,
"find_extremes": 1308.36,
"find_corners": 2241.09,
"find_points_in_Q": 0,
"compaction": 3634.34,
"copy2host": 0,
"filter": 7183.84,
"delete": 0,
"preparation": 0.894976,
"cgal_convex_hull": 2.14835,
"total": 7185.99
}