{
"n": 771751936,
"size": 29977,
"hull": 38,
"seed": 0,
"copy2device": 0,
"find_extremes": 1888.51,
"find_corners": 4716.01,
"find_points_in_Q": 0,
"compaction": 8582.78,
"copy2host": 0,
"filter": 15187.3,
"delete": 0,
"preparation": 6.15936,
"cgal_convex_hull": 3.01485,
"total": 15190.3
}