{
"n": 872415232,
"size": 30239,
"hull": 39,
"seed": 0,
"copy2device": 0,
"find_extremes": 2856.12,
"find_corners": 3489.83,
"find_points_in_Q": 0,
"compaction": 9014.18,
"copy2host": 0,
"filter": 15360.2,
"delete": 0,
"preparation": 1.36704,
"cgal_convex_hull": 3.13754,
"total": 15363.3
}