{
"n": 704643072,
"size": 31675,
"hull": 46,
"seed": 0,
"copy2device": 0,
"find_extremes": 1988.14,
"find_corners": 4456.97,
"find_points_in_Q": 0,
"compaction": 6565.18,
"copy2host": 0,
"filter": 13010.3,
"delete": 0,
"preparation": 6.21792,
"cgal_convex_hull": 3.31971,
"total": 13013.6
}