{
"n": 1006632960,
"size": 29954,
"hull": 32,
"seed": 0,
"copy2device": 0,
"find_extremes": 2461.28,
"find_corners": 5399.36,
"find_points_in_Q": 0,
"compaction": 11072.5,
"copy2host": 0,
"filter": 18933.1,
"delete": 0,
"preparation": 5.70474,
"cgal_convex_hull": 2.99539,
"total": 18936.1
}