{
"n": 268435456,
"size": 15443,
"hull": 38,
"seed": 0,
"copy2device": 0,
"find_extremes": 708.735,
"find_corners": 1455.49,
"find_points_in_Q": 0,
"compaction": 2980.59,
"copy2host": 0,
"filter": 5144.86,
"delete": 0,
"preparation": 6.77498,
"cgal_convex_hull": 1.51142,
"total": 5146.37
}