{
"n": 67108864,
"size": 9687,
"hull": 43,
"seed": 0,
"copy2device": 0,
"find_extremes": 193.283,
"find_corners": 353.121,
"find_points_in_Q": 0,
"compaction": 762.743,
"copy2host": 0,
"filter": 1309.18,
"delete": 0,
"preparation": 0.251904,
"cgal_convex_hull": 0.869376,
"total": 1310.05
}