{
"n": 603979776,
"size": 18100,
"hull": 39,
"seed": 0,
"copy2device": 0,
"find_extremes": 1700.72,
"find_corners": 3128.96,
"find_points_in_Q": 0,
"compaction": 6778.35,
"copy2host": 0,
"filter": 11608.1,
"delete": 0,
"preparation": 9.32454,
"cgal_convex_hull": 1.84298,
"total": 11609.9
}