{
"n": 301989888,
"size": 16513,
"hull": 38,
"seed": 0,
"copy2device": 0,
"find_extremes": 853.086,
"find_corners": 1893.87,
"find_points_in_Q": 0,
"compaction": 2658.49,
"copy2host": 0,
"filter": 5405.48,
"delete": 0,
"preparation": 1.05472,
"cgal_convex_hull": 1.57798,
"total": 5407.06
}