{
"n": 335544320,
"size": 27824,
"hull": 40,
"seed": 0,
"copy2device": 0,
"find_extremes": 973.685,
"find_corners": 1998.78,
"find_points_in_Q": 0,
"compaction": 1608.31,
"copy2host": 0,
"filter": 4580.81,
"delete": 0,
"preparation": 0.913408,
"cgal_convex_hull": 2.83238,
"total": 4583.64
}