{
"n": 939524096,
"size": 28973,
"hull": 38,
"seed": 0,
"copy2device": 0,
"find_extremes": 3073.14,
"find_corners": 5174.27,
"find_points_in_Q": 0,
"compaction": 12386.8,
"copy2host": 0,
"filter": 20634.3,
"delete": 0,
"preparation": 1.35389,
"cgal_convex_hull": 2.95302,
"total": 20637.2
}