{
"n": 100663296,
"size": 10299,
"hull": 44,
"seed": 0,
"copy2device": 0,
"find_extremes": 246.178,
"find_corners": 597.74,
"find_points_in_Q": 0,
"compaction": 1133.41,
"copy2host": 0,
"filter": 1977.36,
"delete": 0,
"preparation": 3.65875,
"cgal_convex_hull": 0.968704,
"total": 1978.33
}