{
"n": 469762048,
"size": 25624,
"hull": 35,
"seed": 0,
"copy2device": 0,
"find_extremes": 1365.19,
"find_corners": 1777.18,
"find_points_in_Q": 0,
"compaction": 2927.75,
"copy2host": 0,
"filter": 6070.16,
"delete": 0,
"preparation": 2.98701,
"cgal_convex_hull": 2.52621,
"total": 6072.69
}