{
"n": 369098752,
"size": 19531,
"hull": 39,
"seed": 0,
"copy2device": 0,
"find_extremes": 1204.54,
"find_corners": 2351.63,
"find_points_in_Q": 0,
"compaction": 3255.26,
"copy2host": 0,
"filter": 6811.48,
"delete": 0,
"preparation": 0.805888,
"cgal_convex_hull": 1.95072,
"total": 6813.43
}