{
"n": 805306368,
"size": 26134,
"hull": 40,
"seed": 0,
"copy2device": 0,
"find_extremes": 2309.76,
"find_corners": 3088.52,
"find_points_in_Q": 0,
"compaction": 8550.83,
"copy2host": 0,
"filter": 13949.1,
"delete": 0,
"preparation": 2.38698,
"cgal_convex_hull": 2.65114,
"total": 13951.8
}