{
"n": 268435456,
"size": 16070,
"hull": 34,
"seed": 0,
"copy2device": 0,
"find_extremes": 769.893,
"find_corners": 1030.15,
"find_points_in_Q": 0,
"compaction": 2592.23,
"copy2host": 0,
"filter": 4392.31,
"delete": 0,
"preparation": 0.613376,
"cgal_convex_hull": 1.58621,
"total": 4393.9
}