{
"n": 503316480,
"size": 30693,
"hull": 35,
"seed": 0,
"copy2device": 0,
"find_extremes": 1599.23,
"find_corners": 3108.71,
"find_points_in_Q": 0,
"compaction": 6388.25,
"copy2host": 0,
"filter": 11096.2,
"delete": 0,
"preparation": 1.17053,
"cgal_convex_hull": 3.15085,
"total": 11099.4
}