{
"n": 872415232,
"size": 47575,
"hull": 45,
"seed": 0,
"copy2device": 0,
"find_extremes": 2432.12,
"find_corners": 3448.37,
"find_points_in_Q": 0,
"compaction": 9532.64,
"copy2host": 0,
"filter": 15413.2,
"delete": 0,
"preparation": 3.84102,
"cgal_convex_hull": 5.04832,
"total": 15418.2
}