{
"n": 100663296,
"size": 15382,
"hull": 47,
"seed": 0,
"copy2device": 0,
"find_extremes": 316.954,
"find_corners": 599.224,
"find_points_in_Q": 0,
"compaction": 960.441,
"copy2host": 0,
"filter": 1876.66,
"delete": 0,
"preparation": 0.405504,
"cgal_convex_hull": 1.46118,
"total": 1878.12
}