{
"n": 771751936,
"size": 58183,
"hull": 33,
"seed": 0,
"copy2device": 0,
"find_extremes": 1887.71,
"find_corners": 3035.73,
"find_points_in_Q": 0,
"compaction": 9899.72,
"copy2host": 0,
"filter": 14823.2,
"delete": 0,
"preparation": 8.32614,
"cgal_convex_hull": 6.07539,
"total": 14829.3
}