{
"n": 771751936,
"size": 48664,
"hull": 49,
"seed": 0,
"copy2device": 0,
"find_extremes": 2238.92,
"find_corners": 4844.89,
"find_points_in_Q": 0,
"compaction": 10493.7,
"copy2host": 0,
"filter": 17577.5,
"delete": 0,
"preparation": 8.59421,
"cgal_convex_hull": 5.15584,
"total": 17582.7
}