{
"n": 100663296,
"size": 13539,
"hull": 48,
"seed": 0,
"copy2device": 0,
"find_extremes": 246.167,
"find_corners": 597.613,
"find_points_in_Q": 0,
"compaction": 1362.56,
"copy2host": 0,
"filter": 2206.37,
"delete": 0,
"preparation": 7.56941,
"cgal_convex_hull": 1.16035,
"total": 2207.53
}