{
"n": 100663296,
"size": 18352,
"hull": 46,
"seed": 0,
"copy2device": 0,
"find_extremes": 246.177,
"find_corners": 600.43,
"find_points_in_Q": 0,
"compaction": 1268.69,
"copy2host": 0,
"filter": 2115.33,
"delete": 0,
"preparation": 0.496416,
"cgal_convex_hull": 1.78278,
"total": 2117.11
}