{
"n": 167772160,
"size": 11655,
"hull": 36,
"seed": 0,
"copy2device": 0,
"find_extremes": 535.198,
"find_corners": 747.501,
"find_points_in_Q": 0,
"compaction": 2170.91,
"copy2host": 0,
"filter": 3453.65,
"delete": 0,
"preparation": 0.417792,
"cgal_convex_hull": 1.07725,
"total": 3454.72
}