{
"n": 838860800,
"size": 32594,
"hull": 35,
"seed": 0,
"copy2device": 0,
"find_extremes": 2282.58,
"find_corners": 3264.76,
"find_points_in_Q": 0,
"compaction": 10826.3,
"copy2host": 0,
"filter": 16373.6,
"delete": 0,
"preparation": 3.41706,
"cgal_convex_hull": 3.13165,
"total": 16376.8
}