{
"n": 201326592,
"size": 13403,
"hull": 43,
"seed": 0,
"copy2device": 0,
"find_extremes": 628.148,
"find_corners": 797.795,
"find_points_in_Q": 0,
"compaction": 1899.78,
"copy2host": 0,
"filter": 3325.76,
"delete": 0,
"preparation": 0.489696,
"cgal_convex_hull": 1.28803,
"total": 3327.04
}