{
"n": 234881024,
"size": 20514,
"hull": 46,
"seed": 0,
"copy2device": 0,
"find_extremes": 574.705,
"find_corners": 921.101,
"find_points_in_Q": 0,
"compaction": 1068.86,
"copy2host": 0,
"filter": 2564.71,
"delete": 0,
"preparation": 2.62656,
"cgal_convex_hull": 2.02534,
"total": 2566.73
}