{
"n": 335544320,
"size": 15921,
"hull": 33,
"seed": 0,
"copy2device": 0,
"find_extremes": 1097.2,
"find_corners": 1263.71,
"find_points_in_Q": 0,
"compaction": 3819.74,
"copy2host": 0,
"filter": 6180.68,
"delete": 0,
"preparation": 0.666624,
"cgal_convex_hull": 1.60461,
"total": 6182.29
}