{
"n": 369098752,
"size": 30225,
"hull": 42,
"seed": 0,
"copy2device": 0,
"find_extremes": 902.429,
"find_corners": 1491.18,
"find_points_in_Q": 0,
"compaction": 3372.99,
"copy2host": 0,
"filter": 5766.63,
"delete": 0,
"preparation": 5.02477,
"cgal_convex_hull": 2.99315,
"total": 5769.62
}