{
"n": 402653184,
"size": 19600,
"hull": 45,
"seed": 0,
"copy2device": 0,
"find_extremes": 1312.71,
"find_corners": 2089.35,
"find_points_in_Q": 0,
"compaction": 4278.31,
"copy2host": 0,
"filter": 7680.42,
"delete": 0,
"preparation": 6.42259,
"cgal_convex_hull": 2.01011,
"total": 7682.43
}