{
"n": 1073741824,
"size": 29090,
"hull": 35,
"seed": 0,
"copy2device": 0,
"find_extremes": 3526.84,
"find_corners": 4028.32,
"find_points_in_Q": 0,
"compaction": 10283.7,
"copy2host": 0,
"filter": 17838.9,
"delete": 0,
"preparation": 1.40083,
"cgal_convex_hull": 3.08954,
"total": 17842
}