{
"n": 268435456,
"size": 19820,
"hull": 43,
"seed": 0,
"copy2device": 0,
"find_extremes": 780.279,
"find_corners": 1592.56,
"find_points_in_Q": 0,
"compaction": 2083.78,
"copy2host": 0,
"filter": 4456.65,
"delete": 0,
"preparation": 0.718848,
"cgal_convex_hull": 1.89034,
"total": 4458.54
}