{
"n": 637534208,
"size": 23338,
"hull": 29,
"seed": 0,
"copy2device": 0,
"find_extremes": 1560.46,
"find_corners": 2549.64,
"find_points_in_Q": 0,
"compaction": 8654.94,
"copy2host": 0,
"filter": 12765.1,
"delete": 0,
"preparation": 5.71085,
"cgal_convex_hull": 2.40848,
"total": 12767.5
}