{
"n": 1073741824,
"size": 32494,
"hull": 37,
"seed": 0,
"copy2device": 0,
"find_extremes": 2625.17,
"find_corners": 5754.92,
"find_points_in_Q": 0,
"compaction": 12035,
"copy2host": 0,
"filter": 20415.1,
"delete": 0,
"preparation": 7.19779,
"cgal_convex_hull": 3.29536,
"total": 20418.4
}