{
"n": 201326592,
"size": 17533,
"hull": 42,
"seed": 0,
"copy2device": 0,
"find_extremes": 593.214,
"find_corners": 799.539,
"find_points_in_Q": 0,
"compaction": 2024.67,
"copy2host": 0,
"filter": 3417.46,
"delete": 0,
"preparation": 0.599936,
"cgal_convex_hull": 1.72954,
"total": 3419.19
}