{
"n": 268435456,
"size": 28178,
"hull": 54,
"seed": 0,
"copy2device": 0,
"find_extremes": 656.063,
"find_corners": 921.03,
"find_points_in_Q": 0,
"compaction": 2037.97,
"copy2host": 0,
"filter": 3615.09,
"delete": 0,
"preparation": 0.903168,
"cgal_convex_hull": 2.77299,
"total": 3617.86
}