{
"n": 637534208,
"size": 44756,
"hull": 40,
"seed": 0,
"copy2device": 0,
"find_extremes": 1857.14,
"find_corners": 3926.16,
"find_points_in_Q": 0,
"compaction": 8438.97,
"copy2host": 0,
"filter": 14222.3,
"delete": 0,
"preparation": 1.40186,
"cgal_convex_hull": 4.48717,
"total": 14226.8
}