{
"n": 671088640,
"size": 25326,
"hull": 37,
"seed": 0,
"copy2device": 0,
"find_extremes": 2083.11,
"find_corners": 2413.44,
"find_points_in_Q": 0,
"compaction": 7681.13,
"copy2host": 0,
"filter": 12177.7,
"delete": 0,
"preparation": 8.39562,
"cgal_convex_hull": 2.56205,
"total": 12180.3
}