{
"n": 134217728,
"size": 13524,
"hull": 43,
"seed": 0,
"copy2device": 0,
"find_extremes": 424.412,
"find_corners": 799.169,
"find_points_in_Q": 0,
"compaction": 1318.53,
"copy2host": 0,
"filter": 2542.15,
"delete": 0,
"preparation": 0.40352,
"cgal_convex_hull": 1.24416,
"total": 2543.39
}