{
"n": 134217728,
"size": 14463,
"hull": 48,
"seed": 0,
"copy2device": 0,
"find_extremes": 328.175,
"find_corners": 459.336,
"find_points_in_Q": 0,
"compaction": 933.505,
"copy2host": 0,
"filter": 1721.06,
"delete": 0,
"preparation": 3.96064,
"cgal_convex_hull": 1.40288,
"total": 1722.46
}