{
"n": 1040187392,
"size": 42885,
"hull": 37,
"seed": 0,
"copy2device": 0,
"find_extremes": 2648.01,
"find_corners": 6205.71,
"find_points_in_Q": 0,
"compaction": 10747.1,
"copy2host": 0,
"filter": 19600.8,
"delete": 0,
"preparation": 3.08941,
"cgal_convex_hull": 4.37453,
"total": 19605.2
}