{
"n": 436207616,
"size": 32494,
"hull": 38,
"seed": 0,
"copy2device": 0,
"find_extremes": 1295.8,
"find_corners": 2714.02,
"find_points_in_Q": 0,
"compaction": 3343.37,
"copy2host": 0,
"filter": 7353.22,
"delete": 0,
"preparation": 0.970752,
"cgal_convex_hull": 3.19283,
"total": 7356.42
}