{
"n": 469762048,
"size": 19528,
"hull": 42,
"seed": 0,
"copy2device": 0,
"find_extremes": 1365.66,
"find_corners": 2599.13,
"find_points_in_Q": 0,
"compaction": 4537.89,
"copy2host": 0,
"filter": 8502.72,
"delete": 0,
"preparation": 3.92806,
"cgal_convex_hull": 1.99763,
"total": 8504.72
}