{
"n": 369098752,
"size": 29289,
"hull": 49,
"seed": 0,
"copy2device": 0,
"find_extremes": 1184.03,
"find_corners": 2327.34,
"find_points_in_Q": 0,
"compaction": 5429.76,
"copy2host": 0,
"filter": 8941.17,
"delete": 0,
"preparation": 0.973952,
"cgal_convex_hull": 3.06586,
"total": 8944.24
}