{
"n": 335544320,
"size": 17889,
"hull": 40,
"seed": 0,
"copy2device": 0,
"find_extremes": 1082.41,
"find_corners": 1746.58,
"find_points_in_Q": 0,
"compaction": 3926.35,
"copy2host": 0,
"filter": 6755.38,
"delete": 0,
"preparation": 8.46029,
"cgal_convex_hull": 1.70598,
"total": 6757.09
}