{
"n": 201326592,
"size": 18129,
"hull": 33,
"seed": 0,
"copy2device": 0,
"find_extremes": 601.203,
"find_corners": 746.564,
"find_points_in_Q": 0,
"compaction": 1124.91,
"copy2host": 0,
"filter": 2472.71,
"delete": 0,
"preparation": 0.607232,
"cgal_convex_hull": 1.75821,
"total": 2474.47
}