{
"n": 100663296,
"size": 10114,
"hull": 41,
"seed": 0,
"copy2device": 0,
"find_extremes": 246.835,
"find_corners": 602.678,
"find_points_in_Q": 0,
"compaction": 604.348,
"copy2host": 0,
"filter": 1453.89,
"delete": 0,
"preparation": 0.99328,
"cgal_convex_hull": 0.887808,
"total": 1454.78
}