{
"n": 1006632960,
"size": 44157,
"hull": 43,
"seed": 0,
"copy2device": 0,
"find_extremes": 3021.64,
"find_corners": 5425.55,
"find_points_in_Q": 0,
"compaction": 12755.4,
"copy2host": 0,
"filter": 21202.6,
"delete": 0,
"preparation": 1.94253,
"cgal_convex_hull": 4.60902,
"total": 21207.2
}