{
"n": 301989888,
"size": 15932,
"hull": 43,
"seed": 0,
"copy2device": 0,
"find_extremes": 738.411,
"find_corners": 1211.25,
"find_points_in_Q": 0,
"compaction": 4324.77,
"copy2host": 0,
"filter": 6274.45,
"delete": 0,
"preparation": 5.34528,
"cgal_convex_hull": 1.57997,
"total": 6276.03
}