{
"n": 134217728,
"size": 15184,
"hull": 42,
"seed": 0,
"copy2device": 120.178,
"find_extremes": 3.0152,
"find_corners": 13.2978,
"find_points_in_Q": 2.8119,
"compaction": 1.93242,
"copy2host": 0.024832,
"filter": 21.0879,
"delete": 0,
"preparation": 0.41584,
"cgal_convex_hull": 1.4785,
"total": 22.5664
}