{
"n": 335544320,
"size": 18207,
"hull": 31,
"seed": 0,
"copy2device": 330.714,
"find_extremes": 7.49494,
"find_corners": 33.1431,
"find_points_in_Q": 8.3415,
"compaction": 4.76198,
"copy2host": 0.019424,
"filter": 53.774,
"delete": 0,
"preparation": 4.01491,
"cgal_convex_hull": 1.82442,
"total": 55.5984
}