{
"n": 234881024,
"size": 28205,
"hull": 40,
"seed": 0,
"copy2device": 245.29,
"find_extremes": 5.23926,
"find_corners": 23.2612,
"find_points_in_Q": 4.876,
"compaction": 3.29798,
"copy2host": 0.021216,
"filter": 36.7061,
"delete": 0,
"preparation": 3.49984,
"cgal_convex_hull": 2.84998,
"total": 39.5561
}