{
"n": 33554432,
"size": 6395,
"hull": 40,
"seed": 0,
"copy2device": 17.5759,
"find_extremes": 0.797664,
"find_corners": 3.21875,
"find_points_in_Q": 0.736384,
"compaction": 0.473248,
"copy2host": 0.011552,
"filter": 5.25354,
"delete": 0,
"preparation": 0.112416,
"cgal_convex_hull": 0.53104,
"total": 5.78458
}