{
"n": 905969664,
"size": 28152,
"hull": 43,
"seed": 0,
"copy2device": 1183.54,
"find_extremes": 20.5557,
"find_corners": 88.3756,
"find_points_in_Q": 17.6415,
"compaction": 12.6804,
"copy2host": 0.022304,
"filter": 139.288,
"delete": 0,
"preparation": 2.36662,
"cgal_convex_hull": 2.8552,
"total": 142.143
}