{
"n": 671088640,
"size": 19322,
"hull": 33,
"seed": 0,
"copy2device": 470.113,
"find_extremes": 15.1481,
"find_corners": 65.3148,
"find_points_in_Q": 13.6735,
"compaction": 9.4264,
"copy2host": 0.030848,
"filter": 103.599,
"delete": 0,
"preparation": 1.66864,
"cgal_convex_hull": 1.9753,
"total": 105.574
}