{
"n": 67108864,
"size": 10116,
"hull": 52,
"seed": 0,
"copy2device": 39.4289,
"find_extremes": 1.52352,
"find_corners": 6.62986,
"find_points_in_Q": 1.40525,
"compaction": 0.977696,
"copy2host": 0.013408,
"filter": 10.567,
"delete": 0,
"preparation": 0.192736,
"cgal_convex_hull": 0.887264,
"total": 11.4543
}