{
"n": 805306368,
"size": 61091,
"hull": 40,
"seed": 0,
"copy2device": 785.087,
"find_extremes": 18.2568,
"find_corners": 80.2151,
"find_points_in_Q": 16.0169,
"compaction": 11.2949,
"copy2host": 0.0664,
"filter": 125.823,
"delete": 0,
"preparation": 7.08182,
"cgal_convex_hull": 6.53094,
"total": 132.354
}