{
"n": 33554432,
"size": 7820,
"hull": 47,
"seed": 0,
"copy2device": 17.6198,
"find_extremes": 0.792864,
"find_corners": 3.2392,
"find_points_in_Q": 0.735936,
"compaction": 0.471136,
"copy2host": 0.012064,
"filter": 5.2681,
"delete": 0,
"preparation": 0.138688,
"cgal_convex_hull": 0.68624,
"total": 5.95434
}