{
"n": 369098752,
"size": 26149,
"hull": 49,
"seed": 0,
"copy2device": 328.579,
"find_extremes": 8.24611,
"find_corners": 36.6603,
"find_points_in_Q": 7.43152,
"compaction": 5.19037,
"copy2host": 0.019936,
"filter": 57.5589,
"delete": 0,
"preparation": 6.75552,
"cgal_convex_hull": 2.63104,
"total": 60.19
}