{
"n": 704643072,
"size": 24095,
"hull": 39,
"seed": 0,
"copy2device": 524.621,
"find_extremes": 15.924,
"find_corners": 68.4962,
"find_points_in_Q": 13.6356,
"compaction": 9.92835,
"copy2host": 0.036192,
"filter": 108.026,
"delete": 0,
"preparation": 3.53709,
"cgal_convex_hull": 2.45674,
"total": 110.483
}