{
"n": 67108864,
"size": 11232,
"hull": 43,
"seed": 0,
"copy2device": 41.5458,
"find_extremes": 1.54048,
"find_corners": 6.71718,
"find_points_in_Q": 1.43053,
"compaction": 0.994592,
"copy2host": 0.01472,
"filter": 10.7114,
"delete": 0,
"preparation": 0.216864,
"cgal_convex_hull": 0.99952,
"total": 11.7109
}