{
"n": 872415232,
"size": 33838,
"hull": 39,
"seed": 0,
"copy2device": 1093.59,
"find_extremes": 19.7951,
"find_corners": 87.0204,
"find_points_in_Q": 17.1678,
"compaction": 12.2422,
"copy2host": 0.025088,
"filter": 136.26,
"delete": 0,
"preparation": 2.97251,
"cgal_convex_hull": 3.40509,
"total": 139.665
}