{
"n": 905969664,
"size": 20728,
"hull": 38,
"seed": 0,
"copy2device": 1105.8,
"find_extremes": 20.5489,
"find_corners": 88.519,
"find_points_in_Q": 17.7201,
"compaction": 12.6428,
"copy2host": 0.019456,
"filter": 139.464,
"delete": 0,
"preparation": 1.84173,
"cgal_convex_hull": 2.03565,
"total": 141.5
}