{
"n": 301989888,
"size": 19522,
"hull": 38,
"seed": 0,
"copy2device": 351.047,
"find_extremes": 6.73072,
"find_corners": 30.1986,
"find_points_in_Q": 6.27258,
"compaction": 4.23411,
"copy2host": 0.017984,
"filter": 47.4683,
"delete": 0,
"preparation": 2.71219,
"cgal_convex_hull": 1.9192,
"total": 49.3875
}