{
"n": 805306368,
"size": 36857,
"hull": 39,
"seed": 0,
"copy2device": 873.234,
"find_extremes": 18.2239,
"find_corners": 79.8545,
"find_points_in_Q": 16.0355,
"compaction": 13.4738,
"copy2host": 0.026656,
"filter": 127.622,
"delete": 0,
"preparation": 4.47488,
"cgal_convex_hull": 3.79043,
"total": 131.413
}