{
"n": 603979776,
"size": 11998,
"hull": 34,
"seed": 0,
"copy2device": 420.14,
"find_extremes": 13.5845,
"find_corners": 59.4208,
"find_points_in_Q": 12.2023,
"compaction": 8.47578,
"copy2host": 0.016,
"filter": 93.7161,
"delete": 0,
"preparation": 0.550752,
"cgal_convex_hull": 1.17984,
"total": 94.8959
}