{
"n": 838860800,
"size": 48708,
"hull": 34,
"seed": 0,
"copy2device": 947.509,
"find_extremes": 19.0132,
"find_corners": 81.7828,
"find_points_in_Q": 16.3208,
"compaction": 11.7095,
"copy2host": 0.028928,
"filter": 128.861,
"delete": 0,
"preparation": 8.23245,
"cgal_convex_hull": 5.11018,
"total": 133.971
}