{
"n": 67108864,
"size": 10273,
"hull": 48,
"seed": 0,
"copy2device": 41.4986,
"find_extremes": 1.53456,
"find_corners": 6.68653,
"find_points_in_Q": 1.42406,
"compaction": 0.97952,
"copy2host": 0.013184,
"filter": 10.6536,
"delete": 0,
"preparation": 0.205472,
"cgal_convex_hull": 0.934624,
"total": 11.5883
}