{
"n": 1040187392,
"size": 33513,
"hull": 43,
"seed": 0,
"copy2device": 1020.28,
"find_extremes": 23.689,
"find_corners": 103.117,
"find_points_in_Q": 20.2919,
"compaction": 14.5674,
"copy2host": 0.024768,
"filter": 161.702,
"delete": 0,
"preparation": 7.54042,
"cgal_convex_hull": 3.4384,
"total": 165.14
}