{
"n": 805306368,
"size": 44005,
"hull": 43,
"seed": 0,
"copy2device": 827.161,
"find_extremes": 18.2472,
"find_corners": 79.9624,
"find_points_in_Q": 15.9831,
"compaction": 11.3041,
"copy2host": 0.052672,
"filter": 125.539,
"delete": 0,
"preparation": 3.87315,
"cgal_convex_hull": 4.62125,
"total": 130.161
}