{
"n": 805306368,
"size": 33250,
"hull": 36,
"seed": 0,
"copy2device": 742.445,
"find_extremes": 18.2557,
"find_corners": 79.5667,
"find_points_in_Q": 16.086,
"compaction": 11.2841,
"copy2host": 0.042208,
"filter": 125.229,
"delete": 0,
"preparation": 4.58003,
"cgal_convex_hull": 3.3775,
"total": 128.606
}