{
"n": 201326592,
"size": 16198,
"hull": 44,
"seed": 0,
"copy2device": 160.669,
"find_extremes": 4.48771,
"find_corners": 20.1124,
"find_points_in_Q": 4.16032,
"compaction": 2.83587,
"copy2host": 0.017888,
"filter": 31.6269,
"delete": 0,
"preparation": 3.24768,
"cgal_convex_hull": 1.51354,
"total": 33.1405
}