{
"n": 973078528,
"size": 35618,
"hull": 37,
"seed": 0,
"copy2device": 1204.51,
"find_extremes": 22.131,
"find_corners": 94.7338,
"find_points_in_Q": 18.9675,
"compaction": 13.6671,
"copy2host": 0.02592,
"filter": 149.534,
"delete": 0,
"preparation": 3.1416,
"cgal_convex_hull": 3.56067,
"total": 153.095
}