{
"n": 704643072,
"size": 59001,
"hull": 30,
"seed": 0,
"copy2device": 526.708,
"find_extremes": 15.9224,
"find_corners": 68.9417,
"find_points_in_Q": 13.6876,
"compaction": 9.87558,
"copy2host": 0.069376,
"filter": 108.463,
"delete": 0,
"preparation": 7.93814,
"cgal_convex_hull": 6.09779,
"total": 114.561
}