{
"n": 905969664,
"size": 42369,
"hull": 37,
"seed": 0,
"copy2device": 1108.58,
"find_extremes": 20.5446,
"find_corners": 88.6565,
"find_points_in_Q": 17.6551,
"compaction": 12.6458,
"copy2host": 0.028928,
"filter": 139.537,
"delete": 0,
"preparation": 3.43571,
"cgal_convex_hull": 4.27514,
"total": 143.812
}