{
"n": 301989888,
"size": 26612,
"hull": 43,
"seed": 0,
"copy2device": 369.244,
"find_extremes": 6.74186,
"find_corners": 29.9632,
"find_points_in_Q": 6.26902,
"compaction": 4.21053,
"copy2host": 0.0216,
"filter": 47.2169,
"delete": 0,
"preparation": 0.752096,
"cgal_convex_hull": 5.78413,
"total": 53.0011
}