{
"n": 301989888,
"size": 23289,
"hull": 40,
"seed": 0,
"copy2device": 372.839,
"find_extremes": 6.73888,
"find_corners": 30.079,
"find_points_in_Q": 6.22365,
"compaction": 4.26387,
"copy2host": 0.018432,
"filter": 47.3369,
"delete": 0,
"preparation": 0.730336,
"cgal_convex_hull": 2.32646,
"total": 49.6633
}