{
"n": 939524096,
"size": 52463,
"hull": 40,
"seed": 0,
"copy2device": 1123.27,
"find_extremes": 21.3312,
"find_corners": 91.2755,
"find_points_in_Q": 18.4041,
"compaction": 13.1141,
"copy2host": 0.031008,
"filter": 144.162,
"delete": 0,
"preparation": 3.98346,
"cgal_convex_hull": 5.54755,
"total": 149.709
}