{
"n": 1006632960,
"size": 42510,
"hull": 43,
"seed": 0,
"copy2device": 1112.77,
"find_extremes": 22.8892,
"find_corners": 99.3379,
"find_points_in_Q": 19.6545,
"compaction": 14.0893,
"copy2host": 0.028064,
"filter": 156.007,
"delete": 0,
"preparation": 6.2553,
"cgal_convex_hull": 4.40234,
"total": 160.409
}