{
"n": 1073741824,
"size": 38413,
"hull": 41,
"seed": 0,
"copy2device": 1057.37,
"find_extremes": 24.4959,
"find_corners": 105.271,
"find_points_in_Q": 20.9498,
"compaction": 15.0283,
"copy2host": 0.026752,
"filter": 165.781,
"delete": 0,
"preparation": 7.93194,
"cgal_convex_hull": 3.94835,
"total": 169.729
}