{
"n": 335544320,
"size": 30704,
"hull": 39,
"seed": 0,
"copy2device": 329.356,
"find_extremes": 7.49856,
"find_corners": 33.1676,
"find_points_in_Q": 6.65302,
"compaction": 4.78586,
"copy2host": 0.02128,
"filter": 52.1371,
"delete": 0,
"preparation": 6.54208,
"cgal_convex_hull": 3.14426,
"total": 55.2813
}