{
"n": 671088640,
"size": 32235,
"hull": 35,
"seed": 0,
"copy2device": 466.168,
"find_extremes": 15.1596,
"find_corners": 65.3751,
"find_points_in_Q": 13.1446,
"compaction": 9.4105,
"copy2host": 0.039904,
"filter": 103.127,
"delete": 0,
"preparation": 2.56512,
"cgal_convex_hull": 3.28998,
"total": 106.417
}