{
"n": 234881024,
"size": 13646,
"hull": 33,
"seed": 0,
"copy2device": 267.759,
"find_extremes": 5.22813,
"find_corners": 23.2683,
"find_points_in_Q": 4.73523,
"compaction": 3.34909,
"copy2host": 0.018336,
"filter": 36.6123,
"delete": 0,
"preparation": 1.29814,
"cgal_convex_hull": 1.34835,
"total": 37.9606
}