{
"n": 234881024,
"size": 20656,
"hull": 42,
"seed": 0,
"copy2device": 263.138,
"find_extremes": 5.24086,
"find_corners": 23.2296,
"find_points_in_Q": 4.87062,
"compaction": 3.32554,
"copy2host": 0.023296,
"filter": 36.6975,
"delete": 0,
"preparation": 0.590528,
"cgal_convex_hull": 2.04029,
"total": 38.7378
}