{
"n": 469762048,
"size": 20445,
"hull": 35,
"seed": 0,
"copy2device": 448.417,
"find_extremes": 10.5206,
"find_corners": 46.6098,
"find_points_in_Q": 9.27437,
"compaction": 6.61514,
"copy2host": 0.020608,
"filter": 73.0532,
"delete": 0,
"preparation": 3.78179,
"cgal_convex_hull": 2.00563,
"total": 75.0588
}