{
"n": 536870912,
"size": 40994,
"hull": 52,
"seed": 0,
"copy2device": 578.621,
"find_extremes": 12.0608,
"find_corners": 52.579,
"find_points_in_Q": 10.8425,
"compaction": 7.54122,
"copy2host": 0.026688,
"filter": 83.0565,
"delete": 0,
"preparation": 6.30838,
"cgal_convex_hull": 4.1609,
"total": 87.2174
}