{
"n": 67108864,
"size": 10872,
"hull": 39,
"seed": 0,
"copy2device": 41.6652,
"find_extremes": 1.53626,
"find_corners": 6.67472,
"find_points_in_Q": 1.40848,
"compaction": 0.990912,
"copy2host": 0.01376,
"filter": 10.639,
"delete": 0,
"preparation": 0.207872,
"cgal_convex_hull": 1.02083,
"total": 11.6598
}