{
"n": 771751936,
"size": 19231,
"hull": 38,
"seed": 0,
"copy2device": 768.661,
"find_extremes": 17.4934,
"find_corners": 75.0604,
"find_points_in_Q": 15.1735,
"compaction": 10.8406,
"copy2host": 0.035712,
"filter": 118.612,
"delete": 0,
"preparation": 1.98982,
"cgal_convex_hull": 1.85091,
"total": 120.463
}