{
"n": 369098752,
"size": 13086,
"hull": 39,
"seed": 0,
"copy2device": 326.307,
"find_extremes": 8.25328,
"find_corners": 37.8189,
"find_points_in_Q": 7.39974,
"compaction": 5.1952,
"copy2host": 0.016544,
"filter": 58.6983,
"delete": 0,
"preparation": 3.47363,
"cgal_convex_hull": 1.27568,
"total": 59.974
}