{
"n": 704643072,
"size": 59608,
"hull": 41,
"seed": 0,
"copy2device": 622.732,
"find_extremes": 15.927,
"find_corners": 68.3328,
"find_points_in_Q": 16.6764,
"compaction": 9.87507,
"copy2host": 0.071744,
"filter": 110.847,
"delete": 0,
"preparation": 7.5279,
"cgal_convex_hull": 6.36374,
"total": 117.21
}