{
"n": 167772160,
"size": 16949,
"hull": 45,
"seed": 0,
"copy2device": 156.84,
"find_extremes": 3.74109,
"find_corners": 16.7465,
"find_points_in_Q": 5.67853,
"compaction": 2.40678,
"copy2host": 0.017216,
"filter": 28.6038,
"delete": 0,
"preparation": 3.33818,
"cgal_convex_hull": 1.66384,
"total": 30.2677
}