{
"n": 1073741824,
"size": 36584,
"hull": 42,
"seed": 0,
"copy2device": 1059.84,
"find_extremes": 24.4766,
"find_corners": 105.163,
"find_points_in_Q": 20.8598,
"compaction": 15.0997,
"copy2host": 0.024896,
"filter": 165.636,
"delete": 0,
"preparation": 7.51149,
"cgal_convex_hull": 3.6049,
"total": 169.241
}