{
"n": 335544320,
"size": 29532,
"hull": 37,
"seed": 0,
"copy2device": 327.309,
"find_extremes": 7.48688,
"find_corners": 33.3116,
"find_points_in_Q": 6.81174,
"compaction": 4.73718,
"copy2host": 0.021472,
"filter": 52.3794,
"delete": 0,
"preparation": 6.13926,
"cgal_convex_hull": 2.97398,
"total": 55.3534
}