{
"n": 905969664,
"size": 41267,
"hull": 43,
"seed": 0,
"copy2device": 1118.19,
"find_extremes": 20.5803,
"find_corners": 88.5916,
"find_points_in_Q": 17.5873,
"compaction": 12.7043,
"copy2host": 0.026464,
"filter": 139.499,
"delete": 0,
"preparation": 3.36214,
"cgal_convex_hull": 4.17184,
"total": 143.671
}