{
"n": 805306368,
"size": 36162,
"hull": 46,
"seed": 0,
"copy2device": 930.703,
"find_extremes": 20.6817,
"find_corners": 79.8578,
"find_points_in_Q": 16.0342,
"compaction": 11.3375,
"copy2host": 0.026048,
"filter": 127.947,
"delete": 0,
"preparation": 3.16653,
"cgal_convex_hull": 3.56141,
"total": 131.508
}