{
"n": 268435456,
"size": 15791,
"hull": 43,
"seed": 0,
"copy2device": 232.744,
"find_extremes": 5.99293,
"find_corners": 26.1931,
"find_points_in_Q": 5.49917,
"compaction": 3.82765,
"copy2host": 0.027424,
"filter": 41.5471,
"delete": 0,
"preparation": 2.43485,
"cgal_convex_hull": 1.53171,
"total": 43.0788
}