{
"n": 301989888,
"size": 13170,
"hull": 42,
"seed": 0,
"copy2device": 344.008,
"find_extremes": 6.7391,
"find_corners": 30.0764,
"find_points_in_Q": 6.24669,
"compaction": 4.24035,
"copy2host": 0.015264,
"filter": 47.3331,
"delete": 0,
"preparation": 1.09677,
"cgal_convex_hull": 1.30157,
"total": 48.6346
}