{
"n": 872415232,
"size": 17002,
"hull": 37,
"seed": 0,
"copy2device": 1047.85,
"find_extremes": 19.7905,
"find_corners": 84.8135,
"find_points_in_Q": 16.9505,
"compaction": 12.2351,
"copy2host": 0.022112,
"filter": 133.824,
"delete": 0,
"preparation": 2.20973,
"cgal_convex_hull": 1.71165,
"total": 135.536
}