{
"n": 637534208,
"size": 24500,
"hull": 38,
"seed": 0,
"copy2device": 444.012,
"find_extremes": 15.2324,
"find_corners": 63.2828,
"find_points_in_Q": 12.5863,
"compaction": 8.94813,
"copy2host": 0.034048,
"filter": 100.089,
"delete": 0,
"preparation": 2.06739,
"cgal_convex_hull": 2.53158,
"total": 102.62
}