{
"n": 939524096,
"size": 24788,
"hull": 39,
"seed": 0,
"copy2device": 1144.49,
"find_extremes": 21.3537,
"find_corners": 92.0301,
"find_points_in_Q": 18.4908,
"compaction": 13.201,
"copy2host": 0.02304,
"filter": 145.111,
"delete": 0,
"preparation": 3.0103,
"cgal_convex_hull": 2.51021,
"total": 147.621
}