{
"n": 805306368,
"size": 26589,
"hull": 36,
"seed": 0,
"copy2device": 925.518,
"find_extremes": 18.2321,
"find_corners": 79.8663,
"find_points_in_Q": 16.0863,
"compaction": 11.3073,
"copy2host": 0.022464,
"filter": 125.527,
"delete": 0,
"preparation": 2.40173,
"cgal_convex_hull": 2.69059,
"total": 128.217
}