{
"n": 100663296,
"size": 4842,
"hull": 39,
"seed": 0,
"copy2device": 62.4524,
"find_extremes": 2.26774,
"find_corners": 9.99574,
"find_points_in_Q": 2.10493,
"compaction": 1.40128,
"copy2host": 0.012096,
"filter": 15.7977,
"delete": 0,
"preparation": 0.184448,
"cgal_convex_hull": 0.411424,
"total": 16.2091
}