{
"n": 134217728,
"size": 13040,
"hull": 44,
"seed": 0,
"copy2device": 117.045,
"find_extremes": 3.01635,
"find_corners": 13.3923,
"find_points_in_Q": 2.82218,
"compaction": 1.91904,
"copy2host": 0.024032,
"filter": 21.1799,
"delete": 0,
"preparation": 0.40016,
"cgal_convex_hull": 1.23984,
"total": 22.4197
}