{
"n": 1073741824,
"size": 36595,
"hull": 33,
"seed": 0,
"copy2device": 1012.15,
"find_extremes": 24.4645,
"find_corners": 106.844,
"find_points_in_Q": 20.8925,
"compaction": 15.0929,
"copy2host": 0.025888,
"filter": 167.329,
"delete": 0,
"preparation": 7.59667,
"cgal_convex_hull": 3.69581,
"total": 171.024
}