{
"n": 637534208,
"size": 29424,
"hull": 38,
"seed": 0,
"copy2device": 443.4,
"find_extremes": 14.3593,
"find_corners": 62.8865,
"find_points_in_Q": 12.5839,
"compaction": 9.01194,
"copy2host": 0.039168,
"filter": 98.8795,
"delete": 0,
"preparation": 2.09955,
"cgal_convex_hull": 3.00614,
"total": 101.886
}