{
"n": 805306368,
"size": 39734,
"hull": 35,
"seed": 0,
"copy2device": 764.401,
"find_extremes": 18.2528,
"find_corners": 82.8938,
"find_points_in_Q": 16.107,
"compaction": 11.2565,
"copy2host": 0.0488,
"filter": 128.544,
"delete": 0,
"preparation": 4.23133,
"cgal_convex_hull": 4.13136,
"total": 132.676
}