{
"n": 838860800,
"size": 26477,
"hull": 34,
"seed": 0,
"copy2device": 1017.2,
"find_extremes": 19.0019,
"find_corners": 82.3146,
"find_points_in_Q": 16.4462,
"compaction": 11.7748,
"copy2host": 0.022816,
"filter": 129.573,
"delete": 0,
"preparation": 2.40707,
"cgal_convex_hull": 2.69987,
"total": 132.273
}