{
"n": 704643072,
"size": 60505,
"hull": 50,
"seed": 0,
"copy2device": 523.756,
"find_extremes": 15.9391,
"find_corners": 69.9817,
"find_points_in_Q": 13.6607,
"compaction": 9.89632,
"copy2host": 0.06496,
"filter": 109.515,
"delete": 0,
"preparation": 7.49005,
"cgal_convex_hull": 6.50509,
"total": 116.02
}