{
"n": 738197504,
"size": 40453,
"hull": 37,
"seed": 0,
"copy2device": 595.565,
"find_extremes": 16.6819,
"find_corners": 74.6011,
"find_points_in_Q": 14.4577,
"compaction": 10.3677,
"copy2host": 0.051584,
"filter": 116.141,
"delete": 0,
"preparation": 5.54832,
"cgal_convex_hull": 3.95187,
"total": 120.093
}