{
"n": 704643072,
"size": 34337,
"hull": 37,
"seed": 0,
"copy2device": 570.784,
"find_extremes": 15.9214,
"find_corners": 68.9402,
"find_points_in_Q": 13.6521,
"compaction": 9.88982,
"copy2host": 0.043904,
"filter": 108.438,
"delete": 0,
"preparation": 4.95776,
"cgal_convex_hull": 3.4464,
"total": 111.884
}