{
"n": 603979776,
"size": 25808,
"hull": 38,
"seed": 0,
"copy2device": 420.671,
"find_extremes": 13.6017,
"find_corners": 59.2302,
"find_points_in_Q": 12.3922,
"compaction": 8.39651,
"copy2host": 0.02144,
"filter": 93.6536,
"delete": 0,
"preparation": 1.03754,
"cgal_convex_hull": 2.59248,
"total": 96.2461
}