{
"n": 301989888,
"size": 29445,
"hull": 49,
"seed": 0,
"copy2device": 328.206,
"find_extremes": 6.73622,
"find_corners": 30.0512,
"find_points_in_Q": 6.23939,
"compaction": 4.2351,
"copy2host": 0.021344,
"filter": 47.2932,
"delete": 0,
"preparation": 2.0591,
"cgal_convex_hull": 2.89648,
"total": 50.1897
}