{
"n": 704643072,
"size": 38912,
"hull": 45,
"seed": 0,
"copy2device": 571.375,
"find_extremes": 15.9228,
"find_corners": 70.8076,
"find_points_in_Q": 13.6656,
"compaction": 9.88115,
"copy2host": 0.050464,
"filter": 110.312,
"delete": 0,
"preparation": 5.50154,
"cgal_convex_hull": 4.09446,
"total": 114.406
}