{
"n": 1006632960,
"size": 34975,
"hull": 39,
"seed": 0,
"copy2device": 1115,
"find_extremes": 22.9209,
"find_corners": 99.3819,
"find_points_in_Q": 19.7151,
"compaction": 14.1035,
"copy2host": 0.025056,
"filter": 156.157,
"delete": 0,
"preparation": 5.00464,
"cgal_convex_hull": 3.47766,
"total": 159.635
}