{
"n": 536870912,
"size": 17152,
"hull": 28,
"seed": 0,
"copy2device": 535.225,
"find_extremes": 12.0375,
"find_corners": 53.5431,
"find_points_in_Q": 10.5644,
"compaction": 7.5671,
"copy2host": 0.018048,
"filter": 83.7442,
"delete": 0,
"preparation": 3.00013,
"cgal_convex_hull": 1.65066,
"total": 85.3949
}