{
"n": 570425344,
"size": 24829,
"hull": 33,
"seed": 0,
"copy2device": 396.096,
"find_extremes": 12.8441,
"find_corners": 56.6685,
"find_points_in_Q": 11.3311,
"compaction": 8.03574,
"copy2host": 0.021088,
"filter": 88.9139,
"delete": 0,
"preparation": 0.98352,
"cgal_convex_hull": 2.4968,
"total": 91.4107
}