{
"n": 402653184,
"size": 18154,
"hull": 41,
"seed": 0,
"copy2device": 325.505,
"find_extremes": 8.99152,
"find_corners": 39.7796,
"find_points_in_Q": 8.13072,
"compaction": 5.68947,
"copy2host": 0.019936,
"filter": 62.6248,
"delete": 0,
"preparation": 3.85498,
"cgal_convex_hull": 1.79472,
"total": 64.4196
}