{
"n": 201326592,
"size": 13796,
"hull": 41,
"seed": 0,
"copy2device": 161.338,
"find_extremes": 4.48592,
"find_corners": 20.0993,
"find_points_in_Q": 4.18515,
"compaction": 2.85869,
"copy2host": 0.01536,
"filter": 31.6588,
"delete": 0,
"preparation": 2.91117,
"cgal_convex_hull": 1.32829,
"total": 32.9871
}