{
"n": 67108864,
"size": 23527,
"hull": 40,
"seed": 0,
"copy2device": 39.6318,
"find_extremes": 1.5337,
"find_corners": 6.66461,
"find_points_in_Q": 1.41123,
"compaction": 0.985376,
"copy2host": 0.017728,
"filter": 10.6247,
"delete": 0,
"preparation": 0.389376,
"cgal_convex_hull": 2.32902,
"total": 12.9538
}