{
"n": 1040187392,
"size": 27949,
"hull": 43,
"seed": 0,
"copy2device": 1114.46,
"find_extremes": 23.6612,
"find_corners": 102.474,
"find_points_in_Q": 20.2411,
"compaction": 14.575,
"copy2host": 0.024448,
"filter": 160.987,
"delete": 0,
"preparation": 5.24726,
"cgal_convex_hull": 2.94614,
"total": 163.933
}