{
"n": 436207616,
"size": 24472,
"hull": 33,
"seed": 0,
"copy2device": 389.664,
"find_extremes": 9.7647,
"find_corners": 43.1177,
"find_points_in_Q": 8.92858,
"compaction": 6.1329,
"copy2host": 0.019872,
"filter": 67.9756,
"delete": 0,
"preparation": 3.68381,
"cgal_convex_hull": 2.5113,
"total": 70.4869
}