{
"n": 167772160,
"size": 12320,
"hull": 44,
"seed": 0,
"copy2device": 156.505,
"find_extremes": 3.74019,
"find_corners": 16.9168,
"find_points_in_Q": 3.50806,
"compaction": 2.4216,
"copy2host": 0.015456,
"filter": 26.6168,
"delete": 0,
"preparation": 0.400832,
"cgal_convex_hull": 4.28954,
"total": 30.9064
}