{
"n": 637534208,
"size": 34303,
"hull": 42,
"seed": 0,
"copy2device": 444.887,
"find_extremes": 14.3505,
"find_corners": 62.8675,
"find_points_in_Q": 12.5737,
"compaction": 8.94218,
"copy2host": 0.0248,
"filter": 98.7664,
"delete": 0,
"preparation": 1.26893,
"cgal_convex_hull": 5.75914,
"total": 104.526
}