{
"n": 201326592,
"size": 14388,
"hull": 48,
"seed": 0,
"copy2device": 161.697,
"find_extremes": 4.48246,
"find_corners": 19.8879,
"find_points_in_Q": 4.17162,
"compaction": 2.85955,
"copy2host": 0.01696,
"filter": 31.4301,
"delete": 0,
"preparation": 3.01974,
"cgal_convex_hull": 1.40144,
"total": 32.8315
}