{
"n": 1006632960,
"size": 63466,
"hull": 30,
"seed": 0,
"copy2device": 1161.96,
"find_extremes": 22.8991,
"find_corners": 99.2033,
"find_points_in_Q": 19.6331,
"compaction": 14.089,
"copy2host": 0.034048,
"filter": 155.861,
"delete": 0,
"preparation": 8.22797,
"cgal_convex_hull": 6.42902,
"total": 162.29
}