{
"n": 838860800,
"size": 41684,
"hull": 38,
"seed": 0,
"copy2device": 934.609,
"find_extremes": 18.9935,
"find_corners": 82.2793,
"find_points_in_Q": 16.572,
"compaction": 11.7531,
"copy2host": 0.028384,
"filter": 129.634,
"delete": 0,
"preparation": 4.01379,
"cgal_convex_hull": 4.22365,
"total": 133.857
}