{
"n": 1040187392,
"size": 63835,
"hull": 36,
"seed": 0,
"copy2device": 970.68,
"find_extremes": 23.683,
"find_corners": 102.402,
"find_points_in_Q": 20.1344,
"compaction": 14.5612,
"copy2host": 0.035104,
"filter": 160.817,
"delete": 0,
"preparation": 13.7379,
"cgal_convex_hull": 6.56102,
"total": 167.378
}