{
"n": 436207616,
"size": 32798,
"hull": 43,
"seed": 0,
"copy2device": 373.141,
"find_extremes": 9.75466,
"find_corners": 42.906,
"find_points_in_Q": 8.90566,
"compaction": 6.13622,
"copy2host": 0.021984,
"filter": 67.7348,
"delete": 0,
"preparation": 5.26736,
"cgal_convex_hull": 3.4177,
"total": 71.1525
}