{
"n": 570425344,
"size": 18721,
"hull": 39,
"seed": 0,
"copy2device": 396.769,
"find_extremes": 12.8115,
"find_corners": 56.9762,
"find_points_in_Q": 11.1803,
"compaction": 8.01078,
"copy2host": 0.018272,
"filter": 89.0124,
"delete": 0,
"preparation": 0.796576,
"cgal_convex_hull": 1.84957,
"total": 90.8619
}