{
"n": 771751936,
"size": 29547,
"hull": 37,
"seed": 0,
"copy2device": 715.727,
"find_extremes": 17.4576,
"find_corners": 77.8452,
"find_points_in_Q": 15.2379,
"compaction": 10.8451,
"copy2host": 0.039776,
"filter": 121.428,
"delete": 0,
"preparation": 3.95814,
"cgal_convex_hull": 3.01322,
"total": 124.441
}