{
"n": 268435456,
"size": 8362,
"hull": 38,
"seed": 0,
"copy2device": 235.052,
"find_extremes": 5.99974,
"find_corners": 26.1774,
"find_points_in_Q": 5.44256,
"compaction": 3.81014,
"copy2host": 0.018976,
"filter": 41.462,
"delete": 0,
"preparation": 1.38659,
"cgal_convex_hull": 0.792608,
"total": 42.2547
}