{
"n": 201326592,
"size": 25651,
"hull": 50,
"seed": 0,
"copy2device": 157.321,
"find_extremes": 4.4808,
"find_corners": 20.0493,
"find_points_in_Q": 4.15306,
"compaction": 2.83011,
"copy2host": 0.020128,
"filter": 31.544,
"delete": 0,
"preparation": 4.86877,
"cgal_convex_hull": 2.5151,
"total": 34.0591
}