{
"n": 201326592,
"size": 18229,
"hull": 42,
"seed": 0,
"copy2device": 159.284,
"find_extremes": 4.48582,
"find_corners": 19.9997,
"find_points_in_Q": 4.15309,
"compaction": 2.84464,
"copy2host": 0.017536,
"filter": 31.5139,
"delete": 0,
"preparation": 0.515072,
"cgal_convex_hull": 1.80048,
"total": 33.3144
}