{
"n": 234881024,
"size": 8264,
"hull": 45,
"seed": 0,
"copy2device": 277.041,
"find_extremes": 5.23053,
"find_corners": 23.248,
"find_points_in_Q": 4.86666,
"compaction": 3.29795,
"copy2host": 0.017536,
"filter": 36.6753,
"delete": 0,
"preparation": 0.830368,
"cgal_convex_hull": 0.760736,
"total": 37.4361
}