{
"n": 671088640,
"size": 37902,
"hull": 41,
"seed": 0,
"copy2device": 468.84,
"find_extremes": 15.1548,
"find_corners": 65.2984,
"find_points_in_Q": 13.2073,
"compaction": 9.4345,
"copy2host": 0.04832,
"filter": 103.129,
"delete": 0,
"preparation": 4.81997,
"cgal_convex_hull": 3.91613,
"total": 107.045
}