{
"n": 100663296,
"size": 6397,
"hull": 38,
"seed": 0,
"copy2device": 62.2057,
"find_extremes": 2.26298,
"find_corners": 9.97866,
"find_points_in_Q": 2.11674,
"compaction": 1.39114,
"copy2host": 0.01312,
"filter": 15.779,
"delete": 0,
"preparation": 0.22256,
"cgal_convex_hull": 0.534304,
"total": 16.3133
}