{
"n": 1006632960,
"size": 52523,
"hull": 36,
"seed": 0,
"copy2device": 1102.04,
"find_extremes": 22.8669,
"find_corners": 99.3582,
"find_points_in_Q": 19.6233,
"compaction": 14.1188,
"copy2host": 0.030336,
"filter": 156.001,
"delete": 0,
"preparation": 7.10515,
"cgal_convex_hull": 5.38381,
"total": 161.385
}