{
"n": 268435456,
"size": 13759,
"hull": 47,
"seed": 0,
"copy2device": 233.476,
"find_extremes": 5.99661,
"find_corners": 26.1699,
"find_points_in_Q": 5.48077,
"compaction": 3.84141,
"copy2host": 0.028192,
"filter": 41.5205,
"delete": 0,
"preparation": 2.14192,
"cgal_convex_hull": 1.39418,
"total": 42.9147
}