{
"n": 1006632960,
"size": 38802,
"hull": 38,
"seed": 0,
"copy2device": 1156.16,
"find_extremes": 22.9063,
"find_corners": 99.2696,
"find_points_in_Q": 19.6459,
"compaction": 14.122,
"copy2host": 0.027392,
"filter": 155.98,
"delete": 0,
"preparation": 5.12038,
"cgal_convex_hull": 4.04147,
"total": 160.021
}