{
"n": 201326592,
"size": 12335,
"hull": 42,
"seed": 0,
"copy2device": 156.915,
"find_extremes": 4.48746,
"find_corners": 20.1059,
"find_points_in_Q": 4.17162,
"compaction": 2.82579,
"copy2host": 0.01648,
"filter": 31.6217,
"delete": 0,
"preparation": 2.47315,
"cgal_convex_hull": 1.12413,
"total": 32.7458
}