{
"n": 905969664,
"size": 30107,
"hull": 42,
"seed": 0,
"copy2device": 1109.96,
"find_extremes": 20.586,
"find_corners": 88.6028,
"find_points_in_Q": 17.5656,
"compaction": 12.6909,
"copy2host": 0.02416,
"filter": 139.482,
"delete": 0,
"preparation": 2.57955,
"cgal_convex_hull": 3.10627,
"total": 142.589
}