{
"n": 1040187392,
"size": 35321,
"hull": 32,
"seed": 0,
"copy2device": 1108.76,
"find_extremes": 23.6915,
"find_corners": 102.118,
"find_points_in_Q": 20.2112,
"compaction": 14.5923,
"copy2host": 0.025344,
"filter": 160.648,
"delete": 0,
"preparation": 6.65149,
"cgal_convex_hull": 3.75114,
"total": 164.399
}