{
"n": 100663296,
"size": 16892,
"hull": 52,
"seed": 0,
"copy2device": 62.2508,
"find_extremes": 2.26912,
"find_corners": 10.0284,
"find_points_in_Q": 2.07907,
"compaction": 1.40102,
"copy2host": 0.01568,
"filter": 15.8075,
"delete": 0,
"preparation": 0.363104,
"cgal_convex_hull": 1.63469,
"total": 17.4422
}