{
"n": 738197504,
"size": 29519,
"hull": 35,
"seed": 0,
"copy2device": 653.989,
"find_extremes": 15.1493,
"find_corners": 70.8152,
"find_points_in_Q": 15.5949,
"compaction": 8.52874,
"copy2host": 0.037472,
"filter": 110.124,
"delete": 0,
"preparation": 3.04349,
"cgal_convex_hull": 3.11962,
"total": 113.244
}