{
"n": 738197504,
"size": 37474,
"hull": 35,
"seed": 0,
"copy2device": 701.459,
"find_extremes": 15.1541,
"find_corners": 70.7779,
"find_points_in_Q": 15.6123,
"compaction": 8.48662,
"copy2host": 0.044576,
"filter": 110.067,
"delete": 0,
"preparation": 3.54477,
"cgal_convex_hull": 3.82544,
"total": 113.892
}