{
"n": 805306368,
"size": 32828,
"hull": 32,
"seed": 0,
"copy2device": 916.777,
"find_extremes": 16.5078,
"find_corners": 78.4758,
"find_points_in_Q": 17.5484,
"compaction": 9.39021,
"copy2host": 0.022304,
"filter": 121.958,
"delete": 0,
"preparation": 3.42211,
"cgal_convex_hull": 3.36067,
"total": 125.318
}