{
"n": 905969664,
"size": 33945,
"hull": 40,
"seed": 0,
"copy2device": 1147.09,
"find_extremes": 18.5521,
"find_corners": 86.1051,
"find_points_in_Q": 19.0408,
"compaction": 13.1234,
"copy2host": 0.023136,
"filter": 136.856,
"delete": 0,
"preparation": 3.99386,
"cgal_convex_hull": 3.50272,
"total": 140.359
}