{
"n": 1040187392,
"size": 28161,
"hull": 36,
"seed": 0,
"copy2device": 1081.83,
"find_extremes": 21.2661,
"find_corners": 99.24,
"find_points_in_Q": 21.7813,
"compaction": 11.8232,
"copy2host": 0.02112,
"filter": 154.146,
"delete": 0,
"preparation": 5.65715,
"cgal_convex_hull": 2.82381,
"total": 156.97
}