{
"n": 301989888,
"size": 23766,
"hull": 50,
"seed": 0,
"copy2device": 334.362,
"find_extremes": 6.24579,
"find_corners": 28.9126,
"find_points_in_Q": 6.66618,
"compaction": 3.65853,
"copy2host": 0.018944,
"filter": 45.5148,
"delete": 0,
"preparation": 5.13914,
"cgal_convex_hull": 2.32672,
"total": 47.8416
}