{
"n": 134217728,
"size": 16646,
"hull": 38,
"seed": 0,
"copy2device": 118.84,
"find_extremes": 2.84333,
"find_corners": 13.1517,
"find_points_in_Q": 3.0312,
"compaction": 1.77587,
"copy2host": 0.027104,
"filter": 20.8335,
"delete": 0,
"preparation": 0.47504,
"cgal_convex_hull": 1.63805,
"total": 22.4716
}