{
"n": 201326592,
"size": 18917,
"hull": 42,
"seed": 0,
"copy2device": 161.14,
"find_extremes": 4.18765,
"find_corners": 19.6913,
"find_points_in_Q": 4.53133,
"compaction": 2.51917,
"copy2host": 0.01664,
"filter": 30.9599,
"delete": 0,
"preparation": 3.82307,
"cgal_convex_hull": 1.8321,
"total": 32.792
}