{
"n": 939524096,
"size": 44255,
"hull": 37,
"seed": 0,
"copy2device": 1144.73,
"find_extremes": 19.2405,
"find_corners": 93.201,
"find_points_in_Q": 19.7969,
"compaction": 10.7264,
"copy2host": 0.024768,
"filter": 142.999,
"delete": 0,
"preparation": 3.53901,
"cgal_convex_hull": 4.63606,
"total": 147.635
}