{
"n": 603979776,
"size": 23926,
"hull": 35,
"seed": 0,
"copy2device": 430.096,
"find_extremes": 12.3992,
"find_corners": 59.0686,
"find_points_in_Q": 12.9101,
"compaction": 7.00064,
"copy2host": 0.019104,
"filter": 91.4122,
"delete": 0,
"preparation": 0.979648,
"cgal_convex_hull": 2.41603,
"total": 93.8283
}