{
"n": 536870912,
"size": 33838,
"hull": 50,
"seed": 0,
"copy2device": 571.678,
"find_extremes": 11.0309,
"find_corners": 51.3829,
"find_points_in_Q": 11.3892,
"compaction": 6.23402,
"copy2host": 0.022656,
"filter": 80.0701,
"delete": 0,
"preparation": 4.23757,
"cgal_convex_hull": 3.45226,
"total": 83.5224
}