{
"n": 335544320,
"size": 14570,
"hull": 45,
"seed": 0,
"copy2device": 303.63,
"find_extremes": 6.92957,
"find_corners": 32.8113,
"find_points_in_Q": 7.23674,
"compaction": 3.98797,
"copy2host": 0.016096,
"filter": 50.998,
"delete": 0,
"preparation": 3.57229,
"cgal_convex_hull": 1.38349,
"total": 52.3815
}