{
"n": 603979776,
"size": 31784,
"hull": 44,
"seed": 0,
"copy2device": 431.728,
"find_extremes": 12.3948,
"find_corners": 58.5443,
"find_points_in_Q": 12.9321,
"compaction": 7.00611,
"copy2host": 0.020992,
"filter": 90.9112,
"delete": 0,
"preparation": 1.18848,
"cgal_convex_hull": 3.32605,
"total": 94.2373
}