{
"n": 369098752,
"size": 19843,
"hull": 38,
"seed": 0,
"copy2device": 334.664,
"find_extremes": 9.22371,
"find_corners": 35.3982,
"find_points_in_Q": 7.97638,
"compaction": 4.34259,
"copy2host": 0.017504,
"filter": 56.9734,
"delete": 0,
"preparation": 5.32182,
"cgal_convex_hull": 1.99821,
"total": 58.9716
}