{
"n": 335544320,
"size": 42107,
"hull": 46,
"seed": 0,
"copy2device": 333.415,
"find_extremes": 6.92934,
"find_corners": 32.9254,
"find_points_in_Q": 7.24438,
"compaction": 3.99158,
"copy2host": 0.026496,
"filter": 51.1225,
"delete": 0,
"preparation": 8.3335,
"cgal_convex_hull": 4.3999,
"total": 55.5224
}