{
"n": 201326592,
"size": 11643,
"hull": 37,
"seed": 0,
"copy2device": 162.26,
"find_extremes": 4.1888,
"find_corners": 19.8404,
"find_points_in_Q": 4.50989,
"compaction": 2.53968,
"copy2host": 0.014848,
"filter": 31.1088,
"delete": 0,
"preparation": 2.83472,
"cgal_convex_hull": 1.10173,
"total": 32.2105
}