{
"n": 704643072,
"size": 35387,
"hull": 48,
"seed": 0,
"copy2device": 536.527,
"find_extremes": 14.4674,
"find_corners": 70.7623,
"find_points_in_Q": 14.9181,
"compaction": 8.10928,
"copy2host": 0.043264,
"filter": 108.291,
"delete": 0,
"preparation": 5.13197,
"cgal_convex_hull": 3.65923,
"total": 111.95
}