{
"n": 738197504,
"size": 40765,
"hull": 42,
"seed": 0,
"copy2device": 703.551,
"find_extremes": 15.1502,
"find_corners": 70.7792,
"find_points_in_Q": 15.7489,
"compaction": 8.50739,
"copy2host": 0.05008,
"filter": 110.221,
"delete": 0,
"preparation": 5.56896,
"cgal_convex_hull": 4.25517,
"total": 114.476
}