{
"n": 738197504,
"size": 28129,
"hull": 39,
"seed": 0,
"copy2device": 704.646,
"find_extremes": 15.1495,
"find_corners": 71.5103,
"find_points_in_Q": 15.6472,
"compaction": 8.50714,
"copy2host": 0.036864,
"filter": 110.854,
"delete": 0,
"preparation": 3.94464,
"cgal_convex_hull": 2.87459,
"total": 113.729
}