{
"n": 234881024,
"size": 12203,
"hull": 40,
"seed": 0,
"copy2device": 251.437,
"find_extremes": 4.87632,
"find_corners": 23.1115,
"find_points_in_Q": 5.11165,
"compaction": 2.88573,
"copy2host": 0.020448,
"filter": 36.0153,
"delete": 0,
"preparation": 1.17987,
"cgal_convex_hull": 1.20048,
"total": 37.2158
}