{
"n": 201326592,
"size": 18529,
"hull": 45,
"seed": 0,
"copy2device": 161.013,
"find_extremes": 4.19152,
"find_corners": 19.6896,
"find_points_in_Q": 4.50086,
"compaction": 2.52774,
"copy2host": 0.01744,
"filter": 30.9411,
"delete": 0,
"preparation": 3.72563,
"cgal_convex_hull": 1.796,
"total": 32.7371
}