{
"n": 905969664,
"size": 20731,
"hull": 43,
"seed": 0,
"copy2device": 1151.31,
"find_extremes": 18.5558,
"find_corners": 87.3125,
"find_points_in_Q": 18.9787,
"compaction": 10.3572,
"copy2host": 0.0184,
"filter": 135.241,
"delete": 0,
"preparation": 1.93005,
"cgal_convex_hull": 2.04118,
"total": 137.282
}