{
"n": 838860800,
"size": 24345,
"hull": 36,
"seed": 0,
"copy2device": 1006.81,
"find_extremes": 17.1819,
"find_corners": 79.7704,
"find_points_in_Q": 17.6304,
"compaction": 11.8928,
"copy2host": 0.020288,
"filter": 126.511,
"delete": 0,
"preparation": 3.0305,
"cgal_convex_hull": 2.42144,
"total": 128.933
}