{
"n": 469762048,
"size": 26211,
"hull": 50,
"seed": 0,
"copy2device": 503.542,
"find_extremes": 9.66016,
"find_corners": 45.5136,
"find_points_in_Q": 10.0239,
"compaction": 5.48374,
"copy2host": 0.019904,
"filter": 70.7143,
"delete": 0,
"preparation": 3.02906,
"cgal_convex_hull": 2.6425,
"total": 73.3568
}