{
"n": 905969664,
"size": 37989,
"hull": 41,
"seed": 0,
"copy2device": 1164.02,
"find_extremes": 18.5575,
"find_corners": 86.1862,
"find_points_in_Q": 19.0251,
"compaction": 10.3726,
"copy2host": 0.024832,
"filter": 134.176,
"delete": 0,
"preparation": 3.21619,
"cgal_convex_hull": 3.92387,
"total": 138.1
}