{
"n": 671088640,
"size": 25808,
"hull": 36,
"seed": 0,
"copy2device": 513.589,
"find_extremes": 13.7866,
"find_corners": 64.613,
"find_points_in_Q": 14.241,
"compaction": 7.76806,
"copy2host": 0.03664,
"filter": 100.447,
"delete": 0,
"preparation": 3.87053,
"cgal_convex_hull": 2.70285,
"total": 103.15
}