{
"n": 268435456,
"size": 19646,
"hull": 34,
"seed": 0,
"copy2device": 242.751,
"find_extremes": 5.58086,
"find_corners": 26.0951,
"find_points_in_Q": 5.85722,
"compaction": 3.24656,
"copy2host": 0.02992,
"filter": 40.8107,
"delete": 0,
"preparation": 3.31782,
"cgal_convex_hull": 1.86909,
"total": 42.6798
}