{
"n": 671088640,
"size": 20795,
"hull": 33,
"seed": 0,
"copy2device": 481.69,
"find_extremes": 13.7868,
"find_corners": 64.4255,
"find_points_in_Q": 14.1521,
"compaction": 7.75018,
"copy2host": 0.03248,
"filter": 100.152,
"delete": 0,
"preparation": 1.81245,
"cgal_convex_hull": 2.05213,
"total": 102.204
}