{
"n": 771751936,
"size": 11492,
"hull": 38,
"seed": 0,
"copy2device": 778.748,
"find_extremes": 15.8364,
"find_corners": 74.2646,
"find_points_in_Q": 16.2777,
"compaction": 8.86854,
"copy2host": 0.022048,
"filter": 115.283,
"delete": 0,
"preparation": 1.17642,
"cgal_convex_hull": 1.13558,
"total": 116.419
}