{
"n": 369098752,
"size": 20265,
"hull": 43,
"seed": 0,
"copy2device": 317.773,
"find_extremes": 7.61453,
"find_corners": 35.2388,
"find_points_in_Q": 7.89981,
"compaction": 4.34326,
"copy2host": 0.01792,
"filter": 55.1294,
"delete": 0,
"preparation": 5.06506,
"cgal_convex_hull": 2.00794,
"total": 57.1373
}