{
"n": 805306368,
"size": 50401,
"hull": 49,
"seed": 0,
"copy2device": 886.013,
"find_extremes": 16.5,
"find_corners": 78.3715,
"find_points_in_Q": 17.5002,
"compaction": 9.34653,
"copy2host": 0.027616,
"filter": 121.754,
"delete": 0,
"preparation": 8.60246,
"cgal_convex_hull": 5.25571,
"total": 127.01
}