{
"n": 167772160,
"size": 5537,
"hull": 54,
"seed": 0,
"copy2device": 159.753,
"find_extremes": 3.50752,
"find_corners": 16.4199,
"find_points_in_Q": 3.73389,
"compaction": 2.11744,
"copy2host": 0.013152,
"filter": 25.8084,
"delete": 0,
"preparation": 0.247776,
"cgal_convex_hull": 0.509952,
"total": 26.3183
}