{
"n": 402653184,
"size": 18042,
"hull": 35,
"seed": 0,
"copy2device": 290.988,
"find_extremes": 8.29718,
"find_corners": 39.3123,
"find_points_in_Q": 8.65446,
"compaction": 4.74346,
"copy2host": 0.01728,
"filter": 61.0399,
"delete": 0,
"preparation": 2.3584,
"cgal_convex_hull": 4.85046,
"total": 65.8903
}