{
"n": 939524096,
"size": 40624,
"hull": 43,
"seed": 0,
"copy2device": 1145.82,
"find_extremes": 19.6642,
"find_corners": 89.9115,
"find_points_in_Q": 19.7499,
"compaction": 10.7344,
"copy2host": 0.02384,
"filter": 140.096,
"delete": 0,
"preparation": 3.29782,
"cgal_convex_hull": 4.12538,
"total": 144.221
}