{
"n": 536870912,
"size": 21389,
"hull": 35,
"seed": 0,
"copy2device": 585.935,
"find_extremes": 11.0324,
"find_corners": 52.1692,
"find_points_in_Q": 14.0442,
"compaction": 6.28621,
"copy2host": 0.017632,
"filter": 83.5646,
"delete": 0,
"preparation": 3.54954,
"cgal_convex_hull": 2.09101,
"total": 85.6556
}