{
"n": 872415232,
"size": 38162,
"hull": 41,
"seed": 0,
"copy2device": 1108.01,
"find_extremes": 17.8672,
"find_corners": 83.4416,
"find_points_in_Q": 18.4468,
"compaction": 9.96045,
"copy2host": 0.02416,
"filter": 129.752,
"delete": 0,
"preparation": 3.98029,
"cgal_convex_hull": 3.92368,
"total": 133.676
}