{
"n": 939524096,
"size": 44670,
"hull": 43,
"seed": 0,
"copy2device": 1146.44,
"find_extremes": 21.6005,
"find_corners": 89.5771,
"find_points_in_Q": 19.6932,
"compaction": 10.7493,
"copy2host": 0.025856,
"filter": 141.656,
"delete": 0,
"preparation": 3.56256,
"cgal_convex_hull": 4.69632,
"total": 146.353
}