{
"n": 1073741824,
"size": 27710,
"hull": 43,
"seed": 0,
"copy2device": 1037.09,
"find_extremes": 21.9436,
"find_corners": 102.691,
"find_points_in_Q": 22.6302,
"compaction": 12.2531,
"copy2host": 0.019904,
"filter": 159.554,
"delete": 0,
"preparation": 5.91606,
"cgal_convex_hull": 2.83302,
"total": 162.387
}