{
"n": 402653184,
"size": 27938,
"hull": 38,
"seed": 0,
"copy2device": 328.294,
"find_extremes": 8.2935,
"find_corners": 39.6439,
"find_points_in_Q": 8.59434,
"compaction": 4.75254,
"copy2host": 0.020256,
"filter": 61.3183,
"delete": 0,
"preparation": 5.50314,
"cgal_convex_hull": 2.82662,
"total": 64.1449
}