{
"n": 973078528,
"size": 27663,
"hull": 40,
"seed": 0,
"copy2device": 1181.05,
"find_extremes": 19.9271,
"find_corners": 92.7164,
"find_points_in_Q": 20.4711,
"compaction": 11.1075,
"copy2host": 0.020192,
"filter": 144.258,
"delete": 0,
"preparation": 3.48045,
"cgal_convex_hull": 2.79526,
"total": 147.053
}