{
"n": 201326592,
"size": 15296,
"hull": 34,
"seed": 0,
"copy2device": 160.738,
"find_extremes": 4.19584,
"find_corners": 19.6356,
"find_points_in_Q": 4.50966,
"compaction": 2.53302,
"copy2host": 0.0152,
"filter": 30.9057,
"delete": 0,
"preparation": 3.13843,
"cgal_convex_hull": 1.45034,
"total": 32.356
}