{
"n": 436207616,
"size": 21105,
"hull": 49,
"seed": 0,
"copy2device": 413.249,
"find_extremes": 8.98122,
"find_corners": 42.0762,
"find_points_in_Q": 9.31021,
"compaction": 5.11389,
"copy2host": 0.018144,
"filter": 65.516,
"delete": 0,
"preparation": 4.16941,
"cgal_convex_hull": 2.17398,
"total": 67.69
}