{
"n": 234881024,
"size": 13666,
"hull": 43,
"seed": 0,
"copy2device": 265.339,
"find_extremes": 4.88022,
"find_corners": 23.0009,
"find_points_in_Q": 5.1769,
"compaction": 2.86819,
"copy2host": 0.019488,
"filter": 35.959,
"delete": 0,
"preparation": 0.485824,
"cgal_convex_hull": 1.24662,
"total": 37.2056
}