{
"n": 738197504,
"size": 20724,
"hull": 44,
"seed": 0,
"copy2device": 703.382,
"find_extremes": 15.157,
"find_corners": 70.8781,
"find_points_in_Q": 15.6235,
"compaction": 8.51776,
"copy2host": 0.030048,
"filter": 110.214,
"delete": 0,
"preparation": 3.03549,
"cgal_convex_hull": 2.07738,
"total": 112.292
}