{
"n": 469762048,
"size": 24347,
"hull": 38,
"seed": 0,
"copy2device": 457.723,
"find_extremes": 9.66144,
"find_corners": 45.4627,
"find_points_in_Q": 9.99408,
"compaction": 5.86755,
"copy2host": 0.019488,
"filter": 71.0185,
"delete": 0,
"preparation": 4.41642,
"cgal_convex_hull": 2.44403,
"total": 73.4625
}