{
"n": 436207616,
"size": 38645,
"hull": 39,
"seed": 0,
"copy2device": 438.486,
"find_extremes": 11.0524,
"find_corners": 42.196,
"find_points_in_Q": 9.31664,
"compaction": 5.13184,
"copy2host": 0.023104,
"filter": 67.7308,
"delete": 0,
"preparation": 5.40208,
"cgal_convex_hull": 3.95456,
"total": 71.6853
}