{
"n": 234881024,
"size": 25177,
"hull": 43,
"seed": 0,
"copy2device": 268.185,
"find_extremes": 4.88112,
"find_corners": 23.1452,
"find_points_in_Q": 5.15053,
"compaction": 2.87274,
"copy2host": 0.023616,
"filter": 36.0798,
"delete": 0,
"preparation": 0.613152,
"cgal_convex_hull": 2.5177,
"total": 38.5975
}