{
"n": 771751936,
"size": 29807,
"hull": 47,
"seed": 0,
"copy2device": 829.693,
"find_extremes": 18.3674,
"find_corners": 74.368,
"find_points_in_Q": 16.2883,
"compaction": 8.8695,
"copy2host": 0.035392,
"filter": 117.928,
"delete": 0,
"preparation": 2.78864,
"cgal_convex_hull": 3.06227,
"total": 120.991
}