{
"n": 637534208,
"size": 38362,
"hull": 35,
"seed": 0,
"copy2device": 458.441,
"find_extremes": 13.1045,
"find_corners": 61.4758,
"find_points_in_Q": 13.4735,
"compaction": 7.35578,
"copy2host": 0.047904,
"filter": 95.4451,
"delete": 0,
"preparation": 2.94701,
"cgal_convex_hull": 3.95162,
"total": 99.3967
}