{
"n": 100663296,
"size": 14272,
"hull": 47,
"seed": 0,
"copy2device": 65.1234,
"find_extremes": 2.13456,
"find_corners": 9.84458,
"find_points_in_Q": 2.31808,
"compaction": 1.38397,
"copy2host": 0.014944,
"filter": 15.7093,
"delete": 0,
"preparation": 0.306976,
"cgal_convex_hull": 1.38304,
"total": 17.0924
}