{
"n": 738197504,
"size": 37716,
"hull": 32,
"seed": 0,
"copy2device": 722.03,
"find_extremes": 15.1504,
"find_corners": 70.8358,
"find_points_in_Q": 15.5938,
"compaction": 8.51584,
"copy2host": 0.044864,
"filter": 110.133,
"delete": 0,
"preparation": 4.59942,
"cgal_convex_hull": 3.78384,
"total": 113.917
}