{
"n": 201326592,
"size": 14951,
"hull": 45,
"seed": 0,
"copy2device": 162.297,
"find_extremes": 4.19107,
"find_corners": 19.7833,
"find_points_in_Q": 4.52272,
"compaction": 2.55261,
"copy2host": 0.01632,
"filter": 31.0807,
"delete": 0,
"preparation": 3.16499,
"cgal_convex_hull": 1.48992,
"total": 32.5707
}