{
"n": 973078528,
"size": 20281,
"hull": 39,
"seed": 0,
"copy2device": 1156.76,
"find_extremes": 19.9246,
"find_corners": 92.655,
"find_points_in_Q": 20.4914,
"compaction": 11.0943,
"copy2host": 0.01824,
"filter": 144.201,
"delete": 0,
"preparation": 2.54672,
"cgal_convex_hull": 2.07331,
"total": 146.275
}