{
"n": 67108864,
"size": 8028,
"hull": 43,
"seed": 0,
"copy2device": 42.8602,
"find_extremes": 1.4449,
"find_corners": 6.58822,
"find_points_in_Q": 1.53232,
"compaction": 1.00515,
"copy2host": 0.013344,
"filter": 10.5982,
"delete": 0,
"preparation": 0.17056,
"cgal_convex_hull": 0.696224,
"total": 11.2945
}