{
"n": 905969664,
"size": 50543,
"hull": 39,
"seed": 0,
"copy2device": 1148.89,
"find_extremes": 18.5569,
"find_corners": 86.5389,
"find_points_in_Q": 18.9771,
"compaction": 10.3697,
"copy2host": 0.028224,
"filter": 134.478,
"delete": 0,
"preparation": 4.1081,
"cgal_convex_hull": 5.26595,
"total": 139.744
}