{
"n": 402653184,
"size": 23828,
"hull": 45,
"seed": 0,
"copy2device": 366.544,
"find_extremes": 8.29245,
"find_corners": 38.9624,
"find_points_in_Q": 8.65318,
"compaction": 4.73654,
"copy2host": 0.019392,
"filter": 60.6771,
"delete": 0,
"preparation": 3.56854,
"cgal_convex_hull": 2.40198,
"total": 63.0791
}