{
"n": 134217728,
"size": 15079,
"hull": 43,
"seed": 0,
"copy2device": 120.822,
"find_extremes": 2.84672,
"find_corners": 13.1165,
"find_points_in_Q": 3.01181,
"compaction": 1.79731,
"copy2host": 0.026112,
"filter": 20.8037,
"delete": 0,
"preparation": 0.415936,
"cgal_convex_hull": 1.48803,
"total": 22.2917
}