{
"n": 905969664,
"size": 42497,
"hull": 45,
"seed": 0,
"copy2device": 1124.34,
"find_extremes": 18.5584,
"find_corners": 86.1377,
"find_points_in_Q": 18.9723,
"compaction": 10.3583,
"copy2host": 0.024992,
"filter": 134.063,
"delete": 0,
"preparation": 3.59443,
"cgal_convex_hull": 4.41072,
"total": 138.474
}