{
"n": 67108864,
"size": 7729,
"hull": 48,
"seed": 0,
"copy2device": 41.7481,
"find_extremes": 1.46678,
"find_corners": 6.62886,
"find_points_in_Q": 1.54,
"compaction": 1.00288,
"copy2host": 0.013248,
"filter": 10.6667,
"delete": 0,
"preparation": 0.1704,
"cgal_convex_hull": 0.682016,
"total": 11.3487
}