{
"n": 134217728,
"size": 11010,
"hull": 49,
"seed": 0,
"copy2device": 121.279,
"find_extremes": 2.84595,
"find_corners": 13.0367,
"find_points_in_Q": 3.02346,
"compaction": 1.77472,
"copy2host": 0.021664,
"filter": 20.7097,
"delete": 0,
"preparation": 0.380192,
"cgal_convex_hull": 1.03088,
"total": 21.7406
}