{
"n": 805306368,
"size": 41660,
"hull": 36,
"seed": 0,
"copy2device": 853.194,
"find_extremes": 16.5218,
"find_corners": 78.5021,
"find_points_in_Q": 17.5685,
"compaction": 10.6772,
"copy2host": 0.049312,
"filter": 123.306,
"delete": 0,
"preparation": 5.2023,
"cgal_convex_hull": 4.22973,
"total": 127.535
}