{
"n": 905969664,
"size": 29805,
"hull": 36,
"seed": 0,
"copy2device": 1112.14,
"find_extremes": 18.5556,
"find_corners": 86.3553,
"find_points_in_Q": 19.0062,
"compaction": 10.3587,
"copy2host": 0.020864,
"filter": 134.311,
"delete": 0,
"preparation": 3.57869,
"cgal_convex_hull": 3.01274,
"total": 137.323
}