{
"n": 1040187392,
"size": 42116,
"hull": 37,
"seed": 0,
"copy2device": 1045.08,
"find_extremes": 21.2639,
"find_corners": 99.1769,
"find_points_in_Q": 21.8749,
"compaction": 11.8184,
"copy2host": 0.024832,
"filter": 154.17,
"delete": 0,
"preparation": 9.45424,
"cgal_convex_hull": 4.33398,
"total": 158.504
}