{
"n": 503316480,
"size": 12827,
"hull": 30,
"seed": 0,
"copy2device": 543.072,
"find_extremes": 10.3463,
"find_corners": 48.2988,
"find_points_in_Q": 10.7238,
"compaction": 7.19862,
"copy2host": 0.01568,
"filter": 76.5999,
"delete": 0,
"preparation": 2.32422,
"cgal_convex_hull": 1.22118,
"total": 77.8211
}