{
"n": 33554432,
"size": 5245,
"hull": 45,
"seed": 0,
"copy2device": 19.2414,
"find_extremes": 0.755232,
"find_corners": 3.20883,
"find_points_in_Q": 0.779232,
"compaction": 0.518496,
"copy2host": 0.012224,
"filter": 5.28806,
"delete": 0,
"preparation": 0.1,
"cgal_convex_hull": 0.427104,
"total": 5.71517
}