{
"n": 771751936,
"size": 31994,
"hull": 38,
"seed": 0,
"copy2device": 635.084,
"find_extremes": 15.8362,
"find_corners": 74.4458,
"find_points_in_Q": 16.3486,
"compaction": 8.8713,
"copy2host": 0.042624,
"filter": 115.537,
"delete": 0,
"preparation": 4.37318,
"cgal_convex_hull": 3.32538,
"total": 118.862
}