{
"n": 134217728,
"size": 9726,
"hull": 42,
"seed": 0,
"copy2device": 121.031,
"find_extremes": 2.8423,
"find_corners": 13.091,
"find_points_in_Q": 3.03254,
"compaction": 1.77578,
"copy2host": 0.020128,
"filter": 20.7733,
"delete": 0,
"preparation": 0.369472,
"cgal_convex_hull": 0.939296,
"total": 21.7126
}