{
"n": 301989888,
"size": 29990,
"hull": 42,
"seed": 0,
"copy2device": 335.098,
"find_extremes": 6.25142,
"find_corners": 30.9366,
"find_points_in_Q": 6.65334,
"compaction": 3.67328,
"copy2host": 0.020864,
"filter": 47.5475,
"delete": 0,
"preparation": 5.38262,
"cgal_convex_hull": 3.05085,
"total": 50.5983
}