{
"n": 201326592,
"size": 16519,
"hull": 38,
"seed": 0,
"copy2device": 162.69,
"find_extremes": 4.18963,
"find_corners": 19.7311,
"find_points_in_Q": 4.5272,
"compaction": 2.53677,
"copy2host": 0.01776,
"filter": 31.0143,
"delete": 0,
"preparation": 3.49581,
"cgal_convex_hull": 1.61126,
"total": 32.6256
}