{
"n": 503316480,
"size": 27328,
"hull": 47,
"seed": 0,
"copy2device": 587.77,
"find_extremes": 10.7677,
"find_corners": 48.3069,
"find_points_in_Q": 10.7697,
"compaction": 5.87626,
"copy2host": 0.019744,
"filter": 75.755,
"delete": 0,
"preparation": 3.56022,
"cgal_convex_hull": 2.73142,
"total": 78.4864
}