{
"n": 436207616,
"size": 29538,
"hull": 43,
"seed": 0,
"copy2device": 413.985,
"find_extremes": 8.9817,
"find_corners": 42.2731,
"find_points_in_Q": 9.33914,
"compaction": 5.11632,
"copy2host": 0.02064,
"filter": 65.7438,
"delete": 0,
"preparation": 3.39114,
"cgal_convex_hull": 2.90358,
"total": 68.6474
}