{
"n": 402653184,
"size": 26782,
"hull": 35,
"seed": 0,
"copy2device": 369.598,
"find_extremes": 8.29437,
"find_corners": 39.7841,
"find_points_in_Q": 8.67037,
"compaction": 4.75155,
"copy2host": 0.019744,
"filter": 61.534,
"delete": 0,
"preparation": 3.72026,
"cgal_convex_hull": 2.72835,
"total": 64.2623
}