{
"n": 436207616,
"size": 28685,
"hull": 49,
"seed": 0,
"copy2device": 414.12,
"find_extremes": 8.97786,
"find_corners": 42.2852,
"find_points_in_Q": 11.7983,
"compaction": 5.14925,
"copy2host": 0.019904,
"filter": 68.244,
"delete": 0,
"preparation": 5.29866,
"cgal_convex_hull": 2.91526,
"total": 71.1593
}