{
"n": 671088640,
"size": 24018,
"hull": 37,
"seed": 0,
"copy2device": 481.748,
"find_extremes": 13.7886,
"find_corners": 64.5179,
"find_points_in_Q": 14.1945,
"compaction": 7.7857,
"copy2host": 0.033248,
"filter": 100.326,
"delete": 0,
"preparation": 1.98707,
"cgal_convex_hull": 2.46086,
"total": 102.787
}