{
"n": 1006632960,
"size": 48694,
"hull": 39,
"seed": 0,
"copy2device": 1131.4,
"find_extremes": 20.5832,
"find_corners": 96.1895,
"find_points_in_Q": 21.2646,
"compaction": 11.4734,
"copy2host": 0.027456,
"filter": 149.546,
"delete": 0,
"preparation": 6.5121,
"cgal_convex_hull": 5.15107,
"total": 154.697
}