{
"n": 738197504,
"size": 29307,
"hull": 35,
"seed": 0,
"copy2device": 606.465,
"find_extremes": 15.1557,
"find_corners": 70.8472,
"find_points_in_Q": 15.6856,
"compaction": 8.52438,
"copy2host": 0.040992,
"filter": 110.248,
"delete": 0,
"preparation": 4.0311,
"cgal_convex_hull": 2.98557,
"total": 113.233
}