{
"n": 234881024,
"size": 22871,
"hull": 43,
"seed": 0,
"copy2device": 264.603,
"find_extremes": 4.8833,
"find_corners": 23.1378,
"find_points_in_Q": 5.10669,
"compaction": 2.87014,
"copy2host": 0.022112,
"filter": 36.0288,
"delete": 0,
"preparation": 0.593728,
"cgal_convex_hull": 2.19891,
"total": 38.2277
}