{
"n": 536870912,
"size": 38793,
"hull": 45,
"seed": 0,
"copy2device": 586.629,
"find_extremes": 11.0298,
"find_corners": 52.1759,
"find_points_in_Q": 11.4183,
"compaction": 6.23696,
"copy2host": 0.023968,
"filter": 80.8955,
"delete": 0,
"preparation": 5.95306,
"cgal_convex_hull": 3.98122,
"total": 84.8767
}