{
"n": 436207616,
"size": 36631,
"hull": 46,
"seed": 0,
"copy2device": 344.097,
"find_extremes": 8.97834,
"find_corners": 44.7875,
"find_points_in_Q": 9.30474,
"compaction": 5.12122,
"copy2host": 0.023968,
"filter": 68.2228,
"delete": 0,
"preparation": 7.21472,
"cgal_convex_hull": 3.56118,
"total": 71.784
}