{
"n": 939524096,
"size": 35972,
"hull": 42,
"seed": 0,
"copy2device": 1168.73,
"find_extremes": 19.2392,
"find_corners": 89.9197,
"find_points_in_Q": 19.7033,
"compaction": 10.7496,
"copy2host": 0.023168,
"filter": 139.649,
"delete": 0,
"preparation": 4.01069,
"cgal_convex_hull": 3.65526,
"total": 143.305
}