{
"n": 738197504,
"size": 27698,
"hull": 38,
"seed": 0,
"copy2device": 591.698,
"find_extremes": 15.1563,
"find_corners": 70.8249,
"find_points_in_Q": 15.6554,
"compaction": 8.51475,
"copy2host": 0.034944,
"filter": 110.186,
"delete": 0,
"preparation": 3.26125,
"cgal_convex_hull": 2.9313,
"total": 113.117
}