{
"n": 939524096,
"size": 24249,
"hull": 30,
"seed": 0,
"copy2device": 1200.12,
"find_extremes": 19.2361,
"find_corners": 90.3156,
"find_points_in_Q": 19.7027,
"compaction": 10.7343,
"copy2host": 0.019552,
"filter": 140.022,
"delete": 0,
"preparation": 2.1168,
"cgal_convex_hull": 2.42259,
"total": 142.445
}