{
"n": 1040187392,
"size": 39713,
"hull": 39,
"seed": 0,
"copy2device": 1040.35,
"find_extremes": 21.2647,
"find_corners": 99.3098,
"find_points_in_Q": 21.7862,
"compaction": 11.8545,
"copy2host": 0.024512,
"filter": 154.251,
"delete": 0,
"preparation": 8.86899,
"cgal_convex_hull": 4.10208,
"total": 158.353
}