{
"n": 1073741824,
"size": 28979,
"hull": 39,
"seed": 0,
"copy2device": 998.777,
"find_extremes": 21.9529,
"find_corners": 103.385,
"find_points_in_Q": 22.5454,
"compaction": 12.2415,
"copy2host": 0.02144,
"filter": 160.163,
"delete": 0,
"preparation": 7.28038,
"cgal_convex_hull": 2.9999,
"total": 163.163
}