{
"n": 704643072,
"size": 40074,
"hull": 42,
"seed": 0,
"copy2device": 581.895,
"find_extremes": 14.4693,
"find_corners": 67.9515,
"find_points_in_Q": 15.0716,
"compaction": 9.48515,
"copy2host": 0.049376,
"filter": 107.012,
"delete": 0,
"preparation": 5.46189,
"cgal_convex_hull": 4.17648,
"total": 111.188
}