{
"n": 167772160,
"size": 15759,
"hull": 43,
"seed": 0,
"copy2device": 199.768,
"find_extremes": 3.50944,
"find_corners": 16.546,
"find_points_in_Q": 3.72739,
"compaction": 2.1048,
"copy2host": 0.016128,
"filter": 25.9177,
"delete": 0,
"preparation": 0.899168,
"cgal_convex_hull": 1.52064,
"total": 27.4384
}