{
"n": 469762048,
"size": 35645,
"hull": 45,
"seed": 0,
"copy2device": 457.296,
"find_extremes": 9.66099,
"find_corners": 45.6894,
"find_points_in_Q": 10.0312,
"compaction": 6.17824,
"copy2host": 0.023232,
"filter": 71.5924,
"delete": 0,
"preparation": 5.96694,
"cgal_convex_hull": 3.69562,
"total": 75.288
}