{
"n": 771751936,
"size": 49350,
"hull": 42,
"seed": 0,
"copy2device": 871.582,
"find_extremes": 15.8244,
"find_corners": 74.3023,
"find_points_in_Q": 16.3748,
"compaction": 8.85933,
"copy2host": 0.027712,
"filter": 115.396,
"delete": 0,
"preparation": 3.70672,
"cgal_convex_hull": 5.09315,
"total": 120.489
}