{
"n": 33554432,
"size": 11139,
"hull": 47,
"seed": 0,
"copy2device": 18.2751,
"find_extremes": 0.769696,
"find_corners": 3.31101,
"find_points_in_Q": 0.801856,
"compaction": 0.532192,
"copy2host": 0.014112,
"filter": 5.44234,
"delete": 0,
"preparation": 0.212416,
"cgal_convex_hull": 1.03901,
"total": 6.48134
}