{
"n": 1040187392,
"size": 29112,
"hull": 30,
"seed": 0,
"copy2device": 988.497,
"find_extremes": 21.2576,
"find_corners": 99.0874,
"find_points_in_Q": 21.7896,
"compaction": 11.8583,
"copy2host": 0.02112,
"filter": 154.03,
"delete": 0,
"preparation": 6.76547,
"cgal_convex_hull": 2.92714,
"total": 156.957
}