{
"n": 503316480,
"size": 18309,
"hull": 38,
"seed": 0,
"copy2device": 542.176,
"find_extremes": 10.3431,
"find_corners": 48.2878,
"find_points_in_Q": 10.719,
"compaction": 5.87104,
"copy2host": 0.018208,
"filter": 75.2533,
"delete": 0,
"preparation": 3.30477,
"cgal_convex_hull": 1.87094,
"total": 77.1243
}