{
"n": 234881024,
"size": 24197,
"hull": 42,
"seed": 0,
"copy2device": 276.711,
"find_extremes": 4.87325,
"find_corners": 23.1285,
"find_points_in_Q": 5.14675,
"compaction": 3.24688,
"copy2host": 0.023872,
"filter": 36.4295,
"delete": 0,
"preparation": 1.93277,
"cgal_convex_hull": 2.37571,
"total": 38.8052
}