{
"n": 838860800,
"size": 35516,
"hull": 32,
"seed": 0,
"copy2device": 969.956,
"find_extremes": 17.1858,
"find_corners": 80.4483,
"find_points_in_Q": 17.6486,
"compaction": 9.59642,
"copy2host": 0.022304,
"filter": 124.914,
"delete": 0,
"preparation": 4.61917,
"cgal_convex_hull": 3.70051,
"total": 128.614
}