{
"n": 637534208,
"size": 21793,
"hull": 35,
"seed": 0,
"copy2device": 456.256,
"find_extremes": 13.0826,
"find_corners": 61.7541,
"find_points_in_Q": 13.4905,
"compaction": 7.3407,
"copy2host": 0.019328,
"filter": 95.7023,
"delete": 0,
"preparation": 0.910336,
"cgal_convex_hull": 2.20646,
"total": 97.9088
}