{
"n": 268435456,
"size": 16649,
"hull": 44,
"seed": 0,
"copy2device": 275.424,
"find_extremes": 5.58003,
"find_corners": 26.0146,
"find_points_in_Q": 5.97034,
"compaction": 3.30701,
"copy2host": 0.029856,
"filter": 40.9044,
"delete": 0,
"preparation": 0.695168,
"cgal_convex_hull": 1.63562,
"total": 42.5401
}