{
"n": 402653184,
"size": 28525,
"hull": 47,
"seed": 0,
"copy2device": 330.593,
"find_extremes": 8.2983,
"find_corners": 38.9123,
"find_points_in_Q": 8.69747,
"compaction": 4.77274,
"copy2host": 0.020576,
"filter": 60.7147,
"delete": 0,
"preparation": 5.56477,
"cgal_convex_hull": 2.87098,
"total": 63.5857
}