{
"n": 805306368,
"size": 26279,
"hull": 35,
"seed": 0,
"copy2device": 797.922,
"find_extremes": 16.518,
"find_corners": 78.4961,
"find_points_in_Q": 17.5134,
"compaction": 9.40218,
"copy2host": 0.033344,
"filter": 121.969,
"delete": 0,
"preparation": 3.55443,
"cgal_convex_hull": 2.68141,
"total": 124.65
}