{
"n": 973078528,
"size": 34803,
"hull": 42,
"seed": 0,
"copy2device": 1199.11,
"find_extremes": 19.923,
"find_corners": 92.8647,
"find_points_in_Q": 20.5124,
"compaction": 11.0977,
"copy2host": 0.022144,
"filter": 144.433,
"delete": 0,
"preparation": 3.03459,
"cgal_convex_hull": 3.58976,
"total": 148.023
}