{
"n": 268435456,
"size": 17732,
"hull": 37,
"seed": 0,
"copy2device": 0,
"find_extremes": 102.74,
"find_corners": 202.388,
"find_points_in_Q": 0,
"compaction": 328.266,
"copy2host": 0,
"filter": 633.434,
"delete": 0,
"preparation": 0.687104,
"cgal_convex_hull": 1.72458,
"total": 635.159
}