{
"n": 100663296,
"size": 8317,
"hull": 41,
"seed": 0,
"copy2device": 0,
"find_extremes": 32.3615,
"find_corners": 68.1503,
"find_points_in_Q": 0,
"compaction": 160.026,
"copy2host": 0,
"filter": 260.568,
"delete": 0,
"preparation": 1.20627,
"cgal_convex_hull": 0.779264,
"total": 261.347
}