{
"n": 973078528,
"size": 49355,
"hull": 43,
"seed": 0,
"copy2device": 0,
"find_extremes": 348.872,
"find_corners": 856.195,
"find_points_in_Q": 0,
"compaction": 1510.45,
"copy2host": 0,
"filter": 2715.57,
"delete": 0,
"preparation": 2.23341,
"cgal_convex_hull": 5.14787,
"total": 2720.72
}