{
"n": 469762048,
"size": 25014,
"hull": 42,
"seed": 0,
"copy2device": 0,
"find_extremes": 247.961,
"find_corners": 379.294,
"find_points_in_Q": 0,
"compaction": 637.056,
"copy2host": 0,
"filter": 1264.35,
"delete": 0,
"preparation": 0.994304,
"cgal_convex_hull": 2.55386,
"total": 1266.91
}