{
"n": 167772160,
"size": 22296,
"hull": 47,
"seed": 0,
"copy2device": 0,
"find_extremes": 76.4631,
"find_corners": 159.248,
"find_points_in_Q": 0,
"compaction": 271.413,
"copy2host": 0,
"filter": 507.166,
"delete": 0,
"preparation": 1.26157,
"cgal_convex_hull": 2.14221,
"total": 509.308
}