{
"n": 268435456,
"size": 15809,
"hull": 43,
"seed": 0,
"copy2device": 0,
"find_extremes": 129.467,
"find_corners": 169.602,
"find_points_in_Q": 0,
"compaction": 312.396,
"copy2host": 0,
"filter": 611.502,
"delete": 0,
"preparation": 2.59072,
"cgal_convex_hull": 1.52563,
"total": 613.028
}