{
"n": 234881024,
"size": 9923,
"hull": 43,
"seed": 0,
"copy2device": 0,
"find_extremes": 74.1224,
"find_corners": 207.613,
"find_points_in_Q": 0,
"compaction": 406.072,
"copy2host": 0,
"filter": 687.839,
"delete": 0,
"preparation": 0.378016,
"cgal_convex_hull": 0.950208,
"total": 688.789
}