{
"n": 301989888,
"size": 38749,
"hull": 45,
"seed": 0,
"copy2device": 0,
"find_extremes": 115.643,
"find_corners": 206.267,
"find_points_in_Q": 0,
"compaction": 493.307,
"copy2host": 0,
"filter": 815.258,
"delete": 0,
"preparation": 1.28634,
"cgal_convex_hull": 3.88086,
"total": 819.138
}