{
"n": 201326592,
"size": 17967,
"hull": 48,
"seed": 0,
"copy2device": 0,
"find_extremes": 70.8547,
"find_corners": 170.397,
"find_points_in_Q": 0,
"compaction": 148.943,
"copy2host": 0,
"filter": 390.234,
"delete": 0,
"preparation": 0.650272,
"cgal_convex_hull": 1.72237,
"total": 391.956
}