{
"n": 67108864,
"size": 11983,
"hull": 51,
"seed": 0,
"copy2device": 0,
"find_extremes": 20.7677,
"find_corners": 48.2098,
"find_points_in_Q": 0,
"compaction": 84.7493,
"copy2host": 0,
"filter": 153.776,
"delete": 0,
"preparation": 0.364544,
"cgal_convex_hull": 1.12234,
"total": 154.898
}