{
"n": 738197504,
"size": 32002,
"hull": 40,
"seed": 0,
"copy2device": 0,
"find_extremes": 253.932,
"find_corners": 536.394,
"find_points_in_Q": 0,
"compaction": 1061.58,
"copy2host": 0,
"filter": 1851.94,
"delete": 0,
"preparation": 1.44691,
"cgal_convex_hull": 3.37818,
"total": 1855.32
}