{
"n": 1006632960,
"size": 42471,
"hull": 43,
"seed": 0,
"copy2device": 0,
"find_extremes": 382.262,
"find_corners": 723.268,
"find_points_in_Q": 0,
"compaction": 1356.71,
"copy2host": 0,
"filter": 2462.28,
"delete": 0,
"preparation": 2.66154,
"cgal_convex_hull": 4.31712,
"total": 2466.6
}