{
"n": 167772160,
"size": 17418,
"hull": 32,
"seed": 0,
"copy2device": 0,
"find_extremes": 62.7692,
"find_corners": 152.179,
"find_points_in_Q": 0,
"compaction": 130.386,
"copy2host": 0,
"filter": 345.368,
"delete": 0,
"preparation": 3.69664,
"cgal_convex_hull": 1.70416,
"total": 347.072
}