{
"n": 1006632960,
"size": 34680,
"hull": 34,
"seed": 0,
"copy2device": 0,
"find_extremes": 369.256,
"find_corners": 820.392,
"find_points_in_Q": 0,
"compaction": 846.133,
"copy2host": 0,
"filter": 2035.81,
"delete": 0,
"preparation": 4.38886,
"cgal_convex_hull": 3.57274,
"total": 2039.39
}