{
"n": 469762048,
"size": 37187,
"hull": 39,
"seed": 0,
"copy2device": 0,
"find_extremes": 189.937,
"find_corners": 331.896,
"find_points_in_Q": 0,
"compaction": 302.251,
"copy2host": 0,
"filter": 824.121,
"delete": 0,
"preparation": 1.41725,
"cgal_convex_hull": 3.78074,
"total": 827.902
}