{
"n": 301989888,
"size": 24263,
"hull": 45,
"seed": 0,
"copy2device": 0,
"find_extremes": 103.959,
"find_corners": 213.123,
"find_points_in_Q": 0,
"compaction": 553.61,
"copy2host": 0,
"filter": 870.733,
"delete": 0,
"preparation": 0.897024,
"cgal_convex_hull": 2.39088,
"total": 873.124
}