{
"n": 201326592,
"size": 11584,
"hull": 45,
"seed": 0,
"copy2device": 0,
"find_extremes": 62.2777,
"find_corners": 126.216,
"find_points_in_Q": 0,
"compaction": 314.279,
"copy2host": 0,
"filter": 502.805,
"delete": 0,
"preparation": 0.448512,
"cgal_convex_hull": 1.11411,
"total": 503.92
}