{
"n": 872415232,
"size": 38546,
"hull": 38,
"seed": 0,
"copy2device": 0,
"find_extremes": 447.919,
"find_corners": 674.646,
"find_points_in_Q": 0,
"compaction": 1470.49,
"copy2host": 0,
"filter": 2593.09,
"delete": 0,
"preparation": 1.99373,
"cgal_convex_hull": 4.05709,
"total": 2597.15
}