{
"n": 335544320,
"size": 16172,
"hull": 42,
"seed": 0,
"copy2device": 0,
"find_extremes": 151.499,
"find_corners": 253.015,
"find_points_in_Q": 0,
"compaction": 489.856,
"copy2host": 0,
"filter": 894.408,
"delete": 0,
"preparation": 0.653312,
"cgal_convex_hull": 1.60275,
"total": 896.01
}