{
"n": 1073741824,
"size": 78295,
"hull": 40,
"seed": 0,
"copy2device": 0,
"find_extremes": 435.954,
"find_corners": 785.326,
"find_points_in_Q": 0,
"compaction": 1671.55,
"copy2host": 0,
"filter": 2892.87,
"delete": 0,
"preparation": 3.00442,
"cgal_convex_hull": 8.12032,
"total": 2900.99
}