{
"n": 100663296,
"size": 12979,
"hull": 41,
"seed": 0,
"copy2device": 0,
"find_extremes": 31.3354,
"find_corners": 81.4797,
"find_points_in_Q": 0,
"compaction": 180.706,
"copy2host": 0,
"filter": 293.556,
"delete": 0,
"preparation": 0.422912,
"cgal_convex_hull": 1.21037,
"total": 294.767
}