{
"n": 973078528,
"size": 38736,
"hull": 33,
"seed": 0,
"copy2device": 0,
"find_extremes": 395.032,
"find_corners": 712.385,
"find_points_in_Q": 0,
"compaction": 1118.35,
"copy2host": 0,
"filter": 2225.81,
"delete": 0,
"preparation": 1.60973,
"cgal_convex_hull": 4.00186,
"total": 2229.81
}