{
"n": 1006632960,
"size": 35832,
"hull": 34,
"seed": 0,
"copy2device": 0,
"find_extremes": 371.897,
"find_corners": 833.222,
"find_points_in_Q": 0,
"compaction": 690.108,
"copy2host": 0,
"filter": 1895.27,
"delete": 0,
"preparation": 2.65728,
"cgal_convex_hull": 3.61165,
"total": 1898.88
}