{
"n": 369098752,
"size": 20326,
"hull": 36,
"seed": 0,
"copy2device": 0,
"find_extremes": 118.83,
"find_corners": 294.077,
"find_points_in_Q": 0,
"compaction": 392.941,
"copy2host": 0,
"filter": 805.887,
"delete": 0,
"preparation": 0.817152,
"cgal_convex_hull": 2.06634,
"total": 807.953
}