{
"n": 436207616,
"size": 19315,
"hull": 34,
"seed": 0,
"copy2device": 0,
"find_extremes": 141.824,
"find_corners": 308.853,
"find_points_in_Q": 0,
"compaction": 478.751,
"copy2host": 0,
"filter": 929.459,
"delete": 0,
"preparation": 0.800768,
"cgal_convex_hull": 1.89142,
"total": 931.351
}