{
"n": 234881024,
"size": 20698,
"hull": 36,
"seed": 0,
"copy2device": 0,
"find_extremes": 105.021,
"find_corners": 220.612,
"find_points_in_Q": 0,
"compaction": 218.521,
"copy2host": 0,
"filter": 544.192,
"delete": 0,
"preparation": 3.40378,
"cgal_convex_hull": 2.03981,
"total": 546.231
}