{
"n": 100663296,
"size": 13780,
"hull": 40,
"seed": 0,
"copy2device": 0,
"find_extremes": 31.7409,
"find_corners": 101.602,
"find_points_in_Q": 0,
"compaction": 143.582,
"copy2host": 0,
"filter": 276.963,
"delete": 0,
"preparation": 0.447488,
"cgal_convex_hull": 1.20832,
"total": 278.172
}