{
"n": 335544320,
"size": 20141,
"hull": 38,
"seed": 0,
"copy2device": 0,
"find_extremes": 116.735,
"find_corners": 248.538,
"find_points_in_Q": 0,
"compaction": 473.269,
"copy2host": 0,
"filter": 838.576,
"delete": 0,
"preparation": 0.739328,
"cgal_convex_hull": 2.00602,
"total": 840.582
}