{
"n": 805306368,
"size": 37864,
"hull": 37,
"seed": 0,
"copy2device": 0,
"find_extremes": 285.241,
"find_corners": 664.565,
"find_points_in_Q": 0,
"compaction": 855.941,
"copy2host": 0,
"filter": 1805.79,
"delete": 0,
"preparation": 7.12726,
"cgal_convex_hull": 3.93523,
"total": 1809.72
}