{
"n": 1040187392,
"size": 56106,
"hull": 39,
"seed": 0,
"copy2device": 0,
"find_extremes": 481.148,
"find_corners": 885.811,
"find_points_in_Q": 0,
"compaction": 1982.07,
"copy2host": 0,
"filter": 3349.08,
"delete": 0,
"preparation": 2.36966,
"cgal_convex_hull": 5.97504,
"total": 3355.05
}