{
"n": 738197504,
"size": 22540,
"hull": 35,
"seed": 0,
"copy2device": 0,
"find_extremes": 269.031,
"find_corners": 583.926,
"find_points_in_Q": 0,
"compaction": 1063.03,
"copy2host": 0,
"filter": 1916.02,
"delete": 0,
"preparation": 2.57843,
"cgal_convex_hull": 2.20141,
"total": 1918.23
}