{
"n": 671088640,
"size": 24931,
"hull": 40,
"seed": 0,
"copy2device": 0,
"find_extremes": 242.694,
"find_corners": 512.544,
"find_points_in_Q": 0,
"compaction": 823.585,
"copy2host": 0,
"filter": 1578.86,
"delete": 0,
"preparation": 3.29114,
"cgal_convex_hull": 2.46886,
"total": 1581.33
}