{
"n": 1006632960,
"size": 43734,
"hull": 39,
"seed": 0,
"copy2device": 0,
"find_extremes": 468.14,
"find_corners": 940.474,
"find_points_in_Q": 0,
"compaction": 1521.99,
"copy2host": 0,
"filter": 2930.64,
"delete": 0,
"preparation": 2.59402,
"cgal_convex_hull": 4.57011,
"total": 2935.21
}