{
"n": 167772160,
"size": 21660,
"hull": 43,
"seed": 0,
"copy2device": 0,
"find_extremes": 63.359,
"find_corners": 151.383,
"find_points_in_Q": 0,
"compaction": 313.234,
"copy2host": 0,
"filter": 528.011,
"delete": 0,
"preparation": 0.709632,
"cgal_convex_hull": 2.19635,
"total": 530.208
}