{
"n": 134217728,
"size": 13348,
"hull": 53,
"seed": 0,
"copy2device": 0,
"find_extremes": 41.3972,
"find_corners": 95.5125,
"find_points_in_Q": 0,
"compaction": 199.561,
"copy2host": 0,
"filter": 336.508,
"delete": 0,
"preparation": 0.454752,
"cgal_convex_hull": 1.29341,
"total": 337.801
}