{
"n": 637534208,
"size": 26847,
"hull": 34,
"seed": 0,
"copy2device": 0,
"find_extremes": 292.911,
"find_corners": 504.418,
"find_points_in_Q": 0,
"compaction": 1192.03,
"copy2host": 0,
"filter": 1989.39,
"delete": 0,
"preparation": 2.39411,
"cgal_convex_hull": 2.75248,
"total": 1992.15
}