{
"n": 402653184,
"size": 26735,
"hull": 45,
"seed": 0,
"copy2device": 0,
"find_extremes": 175.425,
"find_corners": 287.878,
"find_points_in_Q": 0,
"compaction": 703.753,
"copy2host": 0,
"filter": 1167.09,
"delete": 0,
"preparation": 6.83008,
"cgal_convex_hull": 2.74227,
"total": 1169.84
}