{
"n": 134217728,
"size": 14537,
"hull": 48,
"seed": 0,
"copy2device": 0,
"find_extremes": 46.8367,
"find_corners": 98.3155,
"find_points_in_Q": 0,
"compaction": 163.309,
"copy2host": 0,
"filter": 308.498,
"delete": 0,
"preparation": 0.494592,
"cgal_convex_hull": 1.36589,
"total": 309.864
}