{
"n": 1073741824,
"size": 55759,
"hull": 52,
"seed": 0,
"copy2device": 0,
"find_extremes": 431.315,
"find_corners": 759.331,
"find_points_in_Q": 0,
"compaction": 931.766,
"copy2host": 0,
"filter": 2122.45,
"delete": 0,
"preparation": 2.50573,
"cgal_convex_hull": 5.91462,
"total": 2128.37
}