{
"n": 67108864,
"size": 6510,
"hull": 42,
"seed": 0,
"copy2device": 0,
"find_extremes": 20.9185,
"find_corners": 42.5277,
"find_points_in_Q": 0,
"compaction": 103.372,
"copy2host": 0,
"filter": 166.854,
"delete": 0,
"preparation": 0.195584,
"cgal_convex_hull": 0.567392,
"total": 167.421
}