{
"n": 838860800,
"size": 26269,
"hull": 32,
"seed": 0,
"copy2device": 0,
"find_extremes": 302.885,
"find_corners": 736.614,
"find_points_in_Q": 0,
"compaction": 1458.91,
"copy2host": 0,
"filter": 2498.44,
"delete": 0,
"preparation": 6.70525,
"cgal_convex_hull": 2.67254,
"total": 2501.11
}