{
"n": 67108864,
"size": 7329,
"hull": 42,
"seed": 0,
"copy2device": 0,
"find_extremes": 21.0381,
"find_corners": 42.3279,
"find_points_in_Q": 0,
"compaction": 97.2052,
"copy2host": 0,
"filter": 160.605,
"delete": 0,
"preparation": 0.209024,
"cgal_convex_hull": 0.672672,
"total": 161.278
}