{
"n": 335544320,
"size": 14578,
"hull": 38,
"seed": 0,
"copy2device": 0,
"find_extremes": 109.059,
"find_corners": 242.328,
"find_points_in_Q": 0,
"compaction": 439.847,
"copy2host": 0,
"filter": 791.267,
"delete": 0,
"preparation": 0.604192,
"cgal_convex_hull": 1.43181,
"total": 792.699
}