{
"n": 201326592,
"size": 12950,
"hull": 40,
"seed": 0,
"copy2device": 0,
"find_extremes": 64.3228,
"find_corners": 157.545,
"find_points_in_Q": 0,
"compaction": 277.01,
"copy2host": 0,
"filter": 498.911,
"delete": 0,
"preparation": 0.434176,
"cgal_convex_hull": 1.19706,
"total": 500.108
}