{
"n": 671088640,
"size": 26766,
"hull": 39,
"seed": 0,
"copy2device": 0,
"find_extremes": 307.951,
"find_corners": 478.047,
"find_points_in_Q": 0,
"compaction": 1006.88,
"copy2host": 0,
"filter": 1792.92,
"delete": 0,
"preparation": 2.33062,
"cgal_convex_hull": 2.72589,
"total": 1795.64
}