{
"n": 637534208,
"size": 44868,
"hull": 32,
"seed": 0,
"copy2device": 0,
"find_extremes": 253.891,
"find_corners": 580.084,
"find_points_in_Q": 0,
"compaction": 933.236,
"copy2host": 0,
"filter": 1767.25,
"delete": 0,
"preparation": 1.65786,
"cgal_convex_hull": 4.69914,
"total": 1771.95
}