{
"n": 1006632960,
"size": 28114,
"hull": 33,
"seed": 0,
"copy2device": 0,
"find_extremes": 314.383,
"find_corners": 690.854,
"find_points_in_Q": 0,
"compaction": 1614.49,
"copy2host": 0,
"filter": 2619.76,
"delete": 0,
"preparation": 6.80038,
"cgal_convex_hull": 2.88858,
"total": 2622.65
}