{
"n": 167772160,
"size": 23686,
"hull": 46,
"seed": 0,
"copy2device": 0,
"find_extremes": 51.8205,
"find_corners": 146.544,
"find_points_in_Q": 0,
"compaction": 318.766,
"copy2host": 0,
"filter": 517.163,
"delete": 0,
"preparation": 0.753696,
"cgal_convex_hull": 2.39616,
"total": 519.559
}