{
"n": 671088640,
"size": 27756,
"hull": 38,
"seed": 0,
"copy2device": 0,
"find_extremes": 258.064,
"find_corners": 429.516,
"find_points_in_Q": 0,
"compaction": 926.539,
"copy2host": 0,
"filter": 1614.16,
"delete": 0,
"preparation": 1.15302,
"cgal_convex_hull": 2.79962,
"total": 1616.96
}