{
"n": 268435456,
"size": 19291,
"hull": 43,
"seed": 0,
"copy2device": 0,
"find_extremes": 87.8336,
"find_corners": 189.402,
"find_points_in_Q": 0,
"compaction": 283.696,
"copy2host": 0,
"filter": 560.966,
"delete": 0,
"preparation": 0.740352,
"cgal_convex_hull": 1.91475,
"total": 562.88
}