{
"n": 1006632960,
"size": 19268,
"hull": 40,
"seed": 0,
"copy2device": 0,
"find_extremes": 351.11,
"find_corners": 717.162,
"find_points_in_Q": 0,
"compaction": 1092.94,
"copy2host": 0,
"filter": 2161.26,
"delete": 0,
"preparation": 2.04582,
"cgal_convex_hull": 1.95878,
"total": 2163.22
}