{
"n": 1006632960,
"size": 50568,
"hull": 45,
"seed": 0,
"copy2device": 0,
"find_extremes": 362.168,
"find_corners": 691.542,
"find_points_in_Q": 0,
"compaction": 796.834,
"copy2host": 0,
"filter": 1850.61,
"delete": 0,
"preparation": 2.28659,
"cgal_convex_hull": 5.21011,
"total": 1855.82
}