{
"n": 167772160,
"size": 13041,
"hull": 42,
"seed": 0,
"copy2device": 0,
"find_extremes": 71.7752,
"find_corners": 114.713,
"find_points_in_Q": 0,
"compaction": 315.735,
"copy2host": 0,
"filter": 502.257,
"delete": 0,
"preparation": 3.60243,
"cgal_convex_hull": 1.22163,
"total": 503.479
}