{
"n": 234881024,
"size": 12206,
"hull": 34,
"seed": 0,
"copy2device": 0,
"find_extremes": 96.9646,
"find_corners": 208.853,
"find_points_in_Q": 0,
"compaction": 330.375,
"copy2host": 0,
"filter": 636.233,
"delete": 0,
"preparation": 0.50592,
"cgal_convex_hull": 1.15507,
"total": 637.388
}