{
"n": 973078528,
"size": 30459,
"hull": 46,
"seed": 0,
"copy2device": 0,
"find_extremes": 413.994,
"find_corners": 993.444,
"find_points_in_Q": 0,
"compaction": 1779.16,
"copy2host": 0,
"filter": 3186.64,
"delete": 0,
"preparation": 6.17472,
"cgal_convex_hull": 3.04541,
"total": 3189.69
}