{
"n": 671088640,
"size": 25029,
"hull": 44,
"seed": 0,
"copy2device": 0,
"find_extremes": 279.088,
"find_corners": 477.927,
"find_points_in_Q": 0,
"compaction": 1080.88,
"copy2host": 0,
"filter": 1837.93,
"delete": 0,
"preparation": 1.10406,
"cgal_convex_hull": 2.54669,
"total": 1840.48
}