{
"n": 939524096,
"size": 40237,
"hull": 38,
"seed": 0,
"copy2device": 0,
"find_extremes": 326.175,
"find_corners": 708.941,
"find_points_in_Q": 0,
"compaction": 1360.49,
"copy2host": 0,
"filter": 2395.64,
"delete": 0,
"preparation": 1.88928,
"cgal_convex_hull": 4.23923,
"total": 2399.88
}