{
"n": 973078528,
"size": 34877,
"hull": 38,
"seed": 0,
"copy2device": 0,
"find_extremes": 317.141,
"find_corners": 651.221,
"find_points_in_Q": 0,
"compaction": 1879.41,
"copy2host": 0,
"filter": 2847.81,
"delete": 0,
"preparation": 1.69165,
"cgal_convex_hull": 3.54419,
"total": 2851.35
}