{
"n": 369098752,
"size": 18127,
"hull": 36,
"seed": 0,
"copy2device": 0,
"find_extremes": 121.376,
"find_corners": 263.749,
"find_points_in_Q": 0,
"compaction": 338.777,
"copy2host": 0,
"filter": 723.934,
"delete": 0,
"preparation": 0.74752,
"cgal_convex_hull": 1.78688,
"total": 725.721
}