{
"n": 838860800,
"size": 32713,
"hull": 40,
"seed": 0,
"copy2device": 0,
"find_extremes": 351.178,
"find_corners": 638.545,
"find_points_in_Q": 0,
"compaction": 1468.38,
"copy2host": 0,
"filter": 2458.14,
"delete": 0,
"preparation": 1.98042,
"cgal_convex_hull": 3.39456,
"total": 2461.53
}