{
"n": 167772160,
"size": 25398,
"hull": 42,
"seed": 0,
"copy2device": 0,
"find_extremes": 63.3559,
"find_corners": 153.252,
"find_points_in_Q": 0,
"compaction": 300.454,
"copy2host": 0,
"filter": 517.099,
"delete": 0,
"preparation": 0.79248,
"cgal_convex_hull": 2.51085,
"total": 519.609
}