{
"n": 603979776,
"size": 23489,
"hull": 39,
"seed": 0,
"copy2device": 0,
"find_extremes": 216.522,
"find_corners": 429.591,
"find_points_in_Q": 0,
"compaction": 954.988,
"copy2host": 0,
"filter": 1601.13,
"delete": 0,
"preparation": 0.975872,
"cgal_convex_hull": 2.31936,
"total": 1603.45
}