{
"n": 704643072,
"size": 17772,
"hull": 30,
"seed": 0,
"copy2device": 0,
"find_extremes": 238.692,
"find_corners": 623.303,
"find_points_in_Q": 0,
"compaction": 1251.2,
"copy2host": 0,
"filter": 2113.22,
"delete": 0,
"preparation": 0.779264,
"cgal_convex_hull": 1.78256,
"total": 2115.01
}