{
"n": 436207616,
"size": 32548,
"hull": 43,
"seed": 0,
"copy2device": 0,
"find_extremes": 159.135,
"find_corners": 329.292,
"find_points_in_Q": 0,
"compaction": 552.178,
"copy2host": 0,
"filter": 1040.64,
"delete": 0,
"preparation": 1.21539,
"cgal_convex_hull": 3.40275,
"total": 1044.05
}