{
"n": 67108864,
"size": 8005,
"hull": 39,
"seed": 0,
"copy2device": 0,
"find_extremes": 20.9695,
"find_corners": 50.8324,
"find_points_in_Q": 0,
"compaction": 96.1455,
"copy2host": 0,
"filter": 168.003,
"delete": 0,
"preparation": 0.228512,
"cgal_convex_hull": 0.755712,
"total": 168.758
}