{
"n": 402653184,
"size": 37261,
"hull": 48,
"seed": 0,
"copy2device": 0,
"find_extremes": 123.903,
"find_corners": 284.912,
"find_points_in_Q": 0,
"compaction": 372.503,
"copy2host": 0,
"filter": 781.352,
"delete": 0,
"preparation": 1.31254,
"cgal_convex_hull": 3.78368,
"total": 785.136
}