{
"n": 905969664,
"size": 48748,
"hull": 42,
"seed": 0,
"copy2device": 0,
"find_extremes": 397.271,
"find_corners": 900.231,
"find_points_in_Q": 0,
"compaction": 1517.47,
"copy2host": 0,
"filter": 2815.01,
"delete": 0,
"preparation": 3.66592,
"cgal_convex_hull": 4.78819,
"total": 2819.79
}