{
"n": 905969664,
"size": 44095,
"hull": 43,
"seed": 0,
"copy2device": 0,
"find_extremes": 323.518,
"find_corners": 621.859,
"find_points_in_Q": 0,
"compaction": 1402.74,
"copy2host": 0,
"filter": 2348.18,
"delete": 0,
"preparation": 2.03488,
"cgal_convex_hull": 4.56806,
"total": 2352.75
}