{
"n": 201326592,
"size": 18398,
"hull": 38,
"seed": 0,
"copy2device": 0,
"find_extremes": 66.2989,
"find_corners": 128.342,
"find_points_in_Q": 0,
"compaction": 314.984,
"copy2host": 0,
"filter": 509.655,
"delete": 0,
"preparation": 0.664576,
"cgal_convex_hull": 1.78288,
"total": 511.438
}