{
"n": 335544320,
"size": 23098,
"hull": 48,
"seed": 0,
"copy2device": 0,
"find_extremes": 125.881,
"find_corners": 238.879,
"find_points_in_Q": 0,
"compaction": 279.125,
"copy2host": 0,
"filter": 643.924,
"delete": 0,
"preparation": 0.889824,
"cgal_convex_hull": 2.33779,
"total": 646.262
}