{
"n": 268435456,
"size": 20247,
"hull": 46,
"seed": 0,
"copy2device": 0,
"find_extremes": 135.696,
"find_corners": 212.557,
"find_points_in_Q": 0,
"compaction": 436.885,
"copy2host": 0,
"filter": 785.183,
"delete": 0,
"preparation": 2.56922,
"cgal_convex_hull": 1.92205,
"total": 787.105
}