{
"n": 335544320,
"size": 14902,
"hull": 43,
"seed": 0,
"copy2device": 0,
"find_extremes": 135.615,
"find_corners": 209.317,
"find_points_in_Q": 0,
"compaction": 569.697,
"copy2host": 0,
"filter": 914.665,
"delete": 0,
"preparation": 0.60512,
"cgal_convex_hull": 1.50221,
"total": 916.168
}