{
"n": 67108864,
"size": 8242,
"hull": 42,
"seed": 0,
"copy2device": 0,
"find_extremes": 21.0534,
"find_corners": 46.3555,
"find_points_in_Q": 0,
"compaction": 116.068,
"copy2host": 0,
"filter": 183.531,
"delete": 0,
"preparation": 0.314368,
"cgal_convex_hull": 0.740352,
"total": 184.271
}