{
"n": 436207616,
"size": 25615,
"hull": 35,
"seed": 0,
"copy2device": 0,
"find_extremes": 253.202,
"find_corners": 450.479,
"find_points_in_Q": 0,
"compaction": 682.889,
"copy2host": 0,
"filter": 1386.61,
"delete": 0,
"preparation": 1.37626,
"cgal_convex_hull": 2.55386,
"total": 1389.17
}