{
"n": 503316480,
"size": 19955,
"hull": 38,
"seed": 0,
"copy2device": 0,
"find_extremes": 157.109,
"find_corners": 393.66,
"find_points_in_Q": 0,
"compaction": 987.349,
"copy2host": 0,
"filter": 1538.16,
"delete": 0,
"preparation": 0.850944,
"cgal_convex_hull": 1.98336,
"total": 1540.14
}