{
"n": 167772160,
"size": 8685,
"hull": 40,
"seed": 0,
"copy2device": 0,
"find_extremes": 65.7009,
"find_corners": 114.268,
"find_points_in_Q": 0,
"compaction": 254.587,
"copy2host": 0,
"filter": 434.615,
"delete": 0,
"preparation": 1.54214,
"cgal_convex_hull": 0.851968,
"total": 435.467
}