{
"n": 1006632960,
"size": 25755,
"hull": 46,
"seed": 0,
"copy2device": 0,
"find_extremes": 399.434,
"find_corners": 651.978,
"find_points_in_Q": 0,
"compaction": 1860.66,
"copy2host": 0,
"filter": 2912.11,
"delete": 0,
"preparation": 1.99347,
"cgal_convex_hull": 2.64806,
"total": 2914.76
}