{
"n": 436207616,
"size": 18314,
"hull": 35,
"seed": 0,
"copy2device": 0,
"find_extremes": 191.572,
"find_corners": 321.594,
"find_points_in_Q": 0,
"compaction": 760.934,
"copy2host": 0,
"filter": 1274.15,
"delete": 0,
"preparation": 3.44269,
"cgal_convex_hull": 1.88522,
"total": 1276.04
}