{
"n": 1006632960,
"size": 53257,
"hull": 35,
"seed": 0,
"copy2device": 0,
"find_extremes": 438.16,
"find_corners": 768.178,
"find_points_in_Q": 0,
"compaction": 1350.72,
"copy2host": 0,
"filter": 2557.09,
"delete": 0,
"preparation": 2.67878,
"cgal_convex_hull": 5.62483,
"total": 2562.72
}