{
"n": 100663296,
"size": 7508,
"hull": 46,
"seed": 0,
"copy2device": 0,
"find_extremes": 31.0794,
"find_corners": 67.7458,
"find_points_in_Q": 0,
"compaction": 174.169,
"copy2host": 0,
"filter": 273.026,
"delete": 0,
"preparation": 0.242688,
"cgal_convex_hull": 0.690176,
"total": 273.716
}