{
"n": 536870912,
"size": 30500,
"hull": 37,
"seed": 0,
"copy2device": 0,
"find_extremes": 262.988,
"find_corners": 487.726,
"find_points_in_Q": 0,
"compaction": 712.756,
"copy2host": 0,
"filter": 1463.51,
"delete": 0,
"preparation": 6.29987,
"cgal_convex_hull": 3.02304,
"total": 1466.53
}