{
"n": 201326592,
"size": 15409,
"hull": 41,
"seed": 0,
"copy2device": 0,
"find_extremes": 81.6519,
"find_corners": 144.214,
"find_points_in_Q": 0,
"compaction": 346.115,
"copy2host": 0,
"filter": 572.019,
"delete": 0,
"preparation": 2.04288,
"cgal_convex_hull": 1.48685,
"total": 573.506
}