{
"n": 704643072,
"size": 36801,
"hull": 37,
"seed": 0,
"copy2device": 0,
"find_extremes": 259.563,
"find_corners": 486.791,
"find_points_in_Q": 0,
"compaction": 876.932,
"copy2host": 0,
"filter": 1623.32,
"delete": 0,
"preparation": 2.48422,
"cgal_convex_hull": 3.76013,
"total": 1627.08
}