{
"n": 301989888,
"size": 24162,
"hull": 38,
"seed": 0,
"copy2device": 0,
"find_extremes": 143.409,
"find_corners": 230.334,
"find_points_in_Q": 0,
"compaction": 569.615,
"copy2host": 0,
"filter": 943.401,
"delete": 0,
"preparation": 0.897024,
"cgal_convex_hull": 2.42688,
"total": 945.828
}