{
"n": 704643072,
"size": 25709,
"hull": 36,
"seed": 0,
"copy2device": 0,
"find_extremes": 304.084,
"find_corners": 535.853,
"find_points_in_Q": 0,
"compaction": 1108.06,
"copy2host": 0,
"filter": 1948.04,
"delete": 0,
"preparation": 1.08134,
"cgal_convex_hull": 2.56205,
"total": 1950.61
}