{
"n": 872415232,
"size": 59860,
"hull": 38,
"seed": 0,
"copy2device": 0,
"find_extremes": 339.366,
"find_corners": 664.375,
"find_points_in_Q": 0,
"compaction": 1302.37,
"copy2host": 0,
"filter": 2306.15,
"delete": 0,
"preparation": 2.51078,
"cgal_convex_hull": 6.55872,
"total": 2312.71
}