{
"n": 167772160,
"size": 20787,
"hull": 49,
"seed": 0,
"copy2device": 0,
"find_extremes": 63.6631,
"find_corners": 151.458,
"find_points_in_Q": 0,
"compaction": 200.259,
"copy2host": 0,
"filter": 415.419,
"delete": 0,
"preparation": 0.690176,
"cgal_convex_hull": 2.01421,
"total": 417.434
}