{
"n": 771751936,
"size": 20274,
"hull": 36,
"seed": 0,
"copy2device": 0,
"find_extremes": 305.532,
"find_corners": 539.234,
"find_points_in_Q": 0,
"compaction": 1189.86,
"copy2host": 0,
"filter": 2034.67,
"delete": 0,
"preparation": 2.55283,
"cgal_convex_hull": 2.00106,
"total": 2036.67
}