{
"n": 201326592,
"size": 22935,
"hull": 47,
"seed": 0,
"copy2device": 0,
"find_extremes": 62.3309,
"find_corners": 126.476,
"find_points_in_Q": 0,
"compaction": 261.424,
"copy2host": 0,
"filter": 450.262,
"delete": 0,
"preparation": 0.694272,
"cgal_convex_hull": 2.22934,
"total": 452.491
}