{
"n": 335544320,
"size": 22356,
"hull": 46,
"seed": 0,
"copy2device": 0,
"find_extremes": 140.239,
"find_corners": 245.182,
"find_points_in_Q": 0,
"compaction": 305.987,
"copy2host": 0,
"filter": 691.463,
"delete": 0,
"preparation": 0.97264,
"cgal_convex_hull": 2.28858,
"total": 693.752
}