{
"n": 201326592,
"size": 12744,
"hull": 32,
"seed": 0,
"copy2device": 0,
"find_extremes": 87.8909,
"find_corners": 127.145,
"find_points_in_Q": 0,
"compaction": 276.38,
"copy2host": 0,
"filter": 491.454,
"delete": 0,
"preparation": 0.502784,
"cgal_convex_hull": 1.21242,
"total": 492.667
}