{
"n": 738197504,
"size": 28934,
"hull": 41,
"seed": 0,
"copy2device": 0,
"find_extremes": 258.456,
"find_corners": 475.794,
"find_points_in_Q": 0,
"compaction": 1176.13,
"copy2host": 0,
"filter": 1910.42,
"delete": 0,
"preparation": 1.22666,
"cgal_convex_hull": 3.03008,
"total": 1913.45
}