{
"n": 335544320,
"size": 13840,
"hull": 41,
"seed": 0,
"copy2device": 0,
"find_extremes": 114.797,
"find_corners": 229.108,
"find_points_in_Q": 0,
"compaction": 446.316,
"copy2host": 0,
"filter": 790.262,
"delete": 0,
"preparation": 0.639936,
"cgal_convex_hull": 1.42858,
"total": 791.69
}