{
"n": 1073741824,
"size": 38707,
"hull": 38,
"seed": 0,
"copy2device": 0,
"find_extremes": 455.402,
"find_corners": 816.081,
"find_points_in_Q": 0,
"compaction": 1788.37,
"copy2host": 0,
"filter": 3059.9,
"delete": 0,
"preparation": 2.45862,
"cgal_convex_hull": 3.91066,
"total": 3063.81
}