{
"n": 704643072,
"size": 19067,
"hull": 41,
"seed": 0,
"copy2device": 0,
"find_extremes": 295.007,
"find_corners": 626.067,
"find_points_in_Q": 0,
"compaction": 932.727,
"copy2host": 0,
"filter": 1853.86,
"delete": 0,
"preparation": 0.95744,
"cgal_convex_hull": 1.92102,
"total": 1855.78
}