{
"n": 402653184,
"size": 29966,
"hull": 43,
"seed": 0,
"copy2device": 0,
"find_extremes": 141.093,
"find_corners": 378.559,
"find_points_in_Q": 0,
"compaction": 575.396,
"copy2host": 0,
"filter": 1095.09,
"delete": 0,
"preparation": 1.16307,
"cgal_convex_hull": 3.05562,
"total": 1098.14
}