{
"n": 402653184,
"size": 25938,
"hull": 44,
"seed": 0,
"copy2device": 0,
"find_extremes": 162.689,
"find_corners": 266.262,
"find_points_in_Q": 0,
"compaction": 464.901,
"copy2host": 0,
"filter": 893.893,
"delete": 0,
"preparation": 3.13856,
"cgal_convex_hull": 2.62554,
"total": 896.518
}