{
"n": 268435456,
"size": 25070,
"hull": 40,
"seed": 0,
"copy2device": 0,
"find_extremes": 83.8963,
"find_corners": 190.077,
"find_points_in_Q": 0,
"compaction": 377.71,
"copy2host": 0,
"filter": 651.714,
"delete": 0,
"preparation": 0.889856,
"cgal_convex_hull": 2.53747,
"total": 654.251
}