{
"n": 1006632960,
"size": 36796,
"hull": 37,
"seed": 0,
"copy2device": 0,
"find_extremes": 362.917,
"find_corners": 727.976,
"find_points_in_Q": 0,
"compaction": 1668.39,
"copy2host": 0,
"filter": 2759.32,
"delete": 0,
"preparation": 1.81171,
"cgal_convex_hull": 3.80416,
"total": 2763.13
}