{
"n": 1006632960,
"size": 28884,
"hull": 42,
"seed": 0,
"copy2device": 0,
"find_extremes": 423.694,
"find_corners": 1039.61,
"find_points_in_Q": 0,
"compaction": 1459.05,
"copy2host": 0,
"filter": 2922.4,
"delete": 0,
"preparation": 1.60154,
"cgal_convex_hull": 2.92227,
"total": 2925.32
}