{
"n": 1040187392,
"size": 50339,
"hull": 36,
"seed": 0,
"copy2device": 0,
"find_extremes": 390.269,
"find_corners": 1069.03,
"find_points_in_Q": 0,
"compaction": 1309.79,
"copy2host": 0,
"filter": 2769.12,
"delete": 0,
"preparation": 3.38637,
"cgal_convex_hull": 5.39546,
"total": 2774.52
}