{
"n": 67108864,
"size": 5594,
"hull": 41,
"seed": 0,
"copy2device": 0,
"find_extremes": 25.1689,
"find_corners": 50.1238,
"find_points_in_Q": 0,
"compaction": 107.578,
"copy2host": 0,
"filter": 182.933,
"delete": 0,
"preparation": 0.220192,
"cgal_convex_hull": 0.524288,
"total": 183.457
}