{
"n": 1040187392,
"size": 14306,
"hull": 41,
"seed": 0,
"copy2device": 0,
"find_extremes": 452.832,
"find_corners": 920.571,
"find_points_in_Q": 0,
"compaction": 1052.82,
"copy2host": 0,
"filter": 2426.26,
"delete": 0,
"preparation": 0.74752,
"cgal_convex_hull": 1.43053,
"total": 2427.69
}