{
"n": 1040187392,
"size": 67922,
"hull": 46,
"seed": 0,
"copy2device": 0,
"find_extremes": 426.791,
"find_corners": 933.871,
"find_points_in_Q": 0,
"compaction": 1314.04,
"copy2host": 0,
"filter": 2674.74,
"delete": 0,
"preparation": 3.82566,
"cgal_convex_hull": 7.22022,
"total": 2681.96
}