{
"n": 234881024,
"size": 18738,
"hull": 46,
"seed": 0,
"copy2device": 0,
"find_extremes": 96.6574,
"find_corners": 212.277,
"find_points_in_Q": 0,
"compaction": 388.219,
"copy2host": 0,
"filter": 697.207,
"delete": 0,
"preparation": 0.838656,
"cgal_convex_hull": 1.90362,
"total": 699.11
}