{
"n": 369098752,
"size": 33421,
"hull": 38,
"seed": 0,
"copy2device": 0,
"find_extremes": 138.715,
"find_corners": 327.288,
"find_points_in_Q": 0,
"compaction": 571.884,
"copy2host": 0,
"filter": 1037.94,
"delete": 0,
"preparation": 3.46109,
"cgal_convex_hull": 3.40064,
"total": 1041.34
}