{
"n": 1006632960,
"size": 24771,
"hull": 32,
"seed": 0,
"copy2device": 0,
"find_extremes": 408.021,
"find_corners": 761.346,
"find_points_in_Q": 0,
"compaction": 1667.83,
"copy2host": 0,
"filter": 2837.24,
"delete": 0,
"preparation": 3.64851,
"cgal_convex_hull": 2.47808,
"total": 2839.72
}