{
"n": 771751936,
"size": 17210,
"hull": 37,
"seed": 0,
"copy2device": 0,
"find_extremes": 284.526,
"find_corners": 680.519,
"find_points_in_Q": 0,
"compaction": 1470.31,
"copy2host": 0,
"filter": 2435.39,
"delete": 0,
"preparation": 2.56512,
"cgal_convex_hull": 1.69984,
"total": 2437.09
}