{
"n": 201326592,
"size": 23225,
"hull": 40,
"seed": 0,
"copy2device": 0,
"find_extremes": 74.9916,
"find_corners": 146.803,
"find_points_in_Q": 0,
"compaction": 313.376,
"copy2host": 0,
"filter": 535.207,
"delete": 0,
"preparation": 0.771136,
"cgal_convex_hull": 2.24266,
"total": 537.45
}