{
"n": 939524096,
"size": 37147,
"hull": 42,
"seed": 0,
"copy2device": 0,
"find_extremes": 456.576,
"find_corners": 594.036,
"find_points_in_Q": 0,
"compaction": 1538.46,
"copy2host": 0,
"filter": 2589.11,
"delete": 0,
"preparation": 8.39056,
"cgal_convex_hull": 3.80416,
"total": 2592.91
}