{
"n": 268435456,
"size": 13440,
"hull": 44,
"seed": 0,
"copy2device": 0,
"find_extremes": 84.0387,
"find_corners": 192.375,
"find_points_in_Q": 0,
"compaction": 419.828,
"copy2host": 0,
"filter": 696.277,
"delete": 0,
"preparation": 0.613152,
"cgal_convex_hull": 1.30458,
"total": 697.582
}