{
"n": 33554432,
"size": 8941,
"hull": 47,
"seed": 0,
"copy2device": 0,
"find_extremes": 11.9327,
"find_corners": 29.4204,
"find_points_in_Q": 0,
"compaction": 36.6809,
"copy2host": 0,
"filter": 78.0626,
"delete": 0,
"preparation": 0.184384,
"cgal_convex_hull": 0.789696,
"total": 78.8523
}