{
"n": 301989888,
"size": 20457,
"hull": 41,
"seed": 0,
"copy2device": 0,
"find_extremes": 110.266,
"find_corners": 270.445,
"find_points_in_Q": 0,
"compaction": 510.535,
"copy2host": 0,
"filter": 891.284,
"delete": 0,
"preparation": 3.61472,
"cgal_convex_hull": 2.05619,
"total": 893.341
}