{
"n": 134217728,
"size": 9253,
"hull": 41,
"seed": 0,
"copy2device": 0,
"find_extremes": 43.905,
"find_corners": 128.449,
"find_points_in_Q": 0,
"compaction": 218.324,
"copy2host": 0,
"filter": 390.712,
"delete": 0,
"preparation": 0.357376,
"cgal_convex_hull": 0.870464,
"total": 391.583
}