{
"n": 536870912,
"size": 33739,
"hull": 40,
"seed": 0,
"copy2device": 0,
"find_extremes": 239.365,
"find_corners": 340.562,
"find_points_in_Q": 0,
"compaction": 810.674,
"copy2host": 0,
"filter": 1390.64,
"delete": 0,
"preparation": 8.66096,
"cgal_convex_hull": 3.30138,
"total": 1393.94
}