{
"n": 369098752,
"size": 18763,
"hull": 36,
"seed": 0,
"copy2device": 0,
"find_extremes": 154.32,
"find_corners": 331.811,
"find_points_in_Q": 0,
"compaction": 686.312,
"copy2host": 0,
"filter": 1172.48,
"delete": 0,
"preparation": 0.762688,
"cgal_convex_hull": 1.84323,
"total": 1174.32
}