{
"n": 570425344,
"size": 12885,
"hull": 32,
"seed": 0,
"copy2device": 0,
"find_extremes": 226.537,
"find_corners": 429.328,
"find_points_in_Q": 0,
"compaction": 1104.65,
"copy2host": 0,
"filter": 1760.56,
"delete": 0,
"preparation": 0.607232,
"cgal_convex_hull": 1.23699,
"total": 1761.8
}