{
"n": 671088640,
"size": 41998,
"hull": 44,
"seed": 0,
"copy2device": 0,
"find_extremes": 244.667,
"find_corners": 542.437,
"find_points_in_Q": 0,
"compaction": 1111.05,
"copy2host": 0,
"filter": 1898.19,
"delete": 0,
"preparation": 2.94602,
"cgal_convex_hull": 4.37363,
"total": 1902.56
}