{
"n": 1073741824,
"size": 52049,
"hull": 31,
"seed": 0,
"copy2device": 0,
"find_extremes": 404.754,
"find_corners": 800.385,
"find_points_in_Q": 0,
"compaction": 1292.21,
"copy2host": 0,
"filter": 2497.39,
"delete": 0,
"preparation": 2.86413,
"cgal_convex_hull": 5.34835,
"total": 2502.73
}