{
"n": 100663296,
"size": 10327,
"hull": 43,
"seed": 0,
"copy2device": 0,
"find_extremes": 31.3796,
"find_corners": 99.6046,
"find_points_in_Q": 0,
"compaction": 163.027,
"copy2host": 0,
"filter": 294.048,
"delete": 0,
"preparation": 0.370688,
"cgal_convex_hull": 0.982016,
"total": 295.03
}