{
"n": 536870912,
"size": 46298,
"hull": 31,
"seed": 0,
"copy2device": 674.782,
"find_extremes": 15.1143,
"find_corners": 53.3264,
"find_points_in_Q": 10.8936,
"compaction": 12.2076,
"copy2host": 0.048224,
"filter": 91.5756,
"delete": 0,
"preparation": 3.74928,
"cgal_convex_hull": 4.9944,
"total": 96.57
}