{
"n": 469762048,
"size": 19018,
"hull": 43,
"seed": 0,
"copy2device": 538.785,
"find_extremes": 22.7549,
"find_corners": 47.3517,
"find_points_in_Q": 0.002048,
"compaction": 11.0022,
"copy2host": 0.034944,
"filter": 81.1819,
"delete": 0,
"preparation": 0.060608,
"cgal_convex_hull": 1.9031,
"total": 83.085
}