{
"n": 738197504,
"size": 22483,
"hull": 41,
"seed": 0,
"copy2device": 820.566,
"find_extremes": 35.2633,
"find_corners": 74.1048,
"find_points_in_Q": 0.002016,
"compaction": 17.2134,
"copy2host": 0.037696,
"filter": 126.661,
"delete": 0,
"preparation": 0.069728,
"cgal_convex_hull": 2.2471,
"total": 128.908
}