{
"n": 100663296,
"size": 8855,
"hull": 38,
"seed": 0,
"copy2device": 94.8814,
"find_extremes": 5.54093,
"find_corners": 10.6535,
"find_points_in_Q": 0.001952,
"compaction": 2.51302,
"copy2host": 0.023936,
"filter": 18.7679,
"delete": 0,
"preparation": 0.03088,
"cgal_convex_hull": 0.75488,
"total": 19.5228
}