{
"n": 167772160,
"size": 15816,
"hull": 44,
"seed": 0,
"copy2device": 113.816,
"find_extremes": 8.63597,
"find_corners": 17.3435,
"find_points_in_Q": 0.002048,
"compaction": 4.05683,
"copy2host": 0.032832,
"filter": 30.1075,
"delete": 0,
"preparation": 0.040128,
"cgal_convex_hull": 1.57786,
"total": 31.6854
}