{
"n": 973078528,
"size": 43794,
"hull": 46,
"seed": 0,
"copy2device": 1070.87,
"find_extremes": 26.8242,
"find_corners": 96.3155,
"find_points_in_Q": 18.8528,
"compaction": 17.0949,
"copy2host": 0.0256,
"filter": 159.121,
"delete": 0,
"preparation": 8.55888,
"cgal_convex_hull": 4.53885,
"total": 163.66
}