{
"n": 1040187392,
"size": 49852,
"hull": 43,
"seed": 0,
"copy2device": 718.008,
"find_extremes": 52.3884,
"find_corners": 104.203,
"find_points_in_Q": 0.001024,
"compaction": 24.2754,
"copy2host": 0.073344,
"filter": 180.981,
"delete": 0,
"preparation": 0.117728,
"cgal_convex_hull": 5.2089,
"total": 186.19
}