{
"n": 939524096,
"size": 40777,
"hull": 43,
"seed": 0,
"copy2device": 1027.89,
"find_extremes": 25.9204,
"find_corners": 93.6969,
"find_points_in_Q": 18.2707,
"compaction": 16.5413,
"copy2host": 0.027616,
"filter": 154.464,
"delete": 0,
"preparation": 9.00282,
"cgal_convex_hull": 4.29846,
"total": 158.762
}