{
"n": 536870912,
"size": 21959,
"hull": 35,
"seed": 0,
"copy2device": 650.497,
"find_extremes": 15.1108,
"find_corners": 54.5479,
"find_points_in_Q": 10.582,
"compaction": 9.56698,
"copy2host": 0.020928,
"filter": 89.8397,
"delete": 0,
"preparation": 2.63526,
"cgal_convex_hull": 2.18067,
"total": 92.0204
}