{
"n": 436207616,
"size": 39882,
"hull": 44,
"seed": 0,
"copy2device": 419.248,
"find_extremes": 12.4164,
"find_corners": 43.9213,
"find_points_in_Q": 8.59238,
"compaction": 8.37082,
"copy2host": 0.026112,
"filter": 73.3325,
"delete": 0,
"preparation": 7.03664,
"cgal_convex_hull": 4.17149,
"total": 77.504
}