{
"n": 201326592,
"size": 13029,
"hull": 43,
"seed": 0,
"copy2device": 136.903,
"find_extremes": 10.179,
"find_corners": 20.6971,
"find_points_in_Q": 0.001024,
"compaction": 4.82442,
"copy2host": 0.03008,
"filter": 35.7676,
"delete": 0,
"preparation": 0.03952,
"cgal_convex_hull": 1.25482,
"total": 37.0224
}