{
"n": 167772160,
"size": 16486,
"hull": 42,
"seed": 0,
"copy2device": 199.122,
"find_extremes": 5.12179,
"find_corners": 17.3947,
"find_points_in_Q": 3.48045,
"compaction": 3.0857,
"copy2host": 0.017696,
"filter": 29.1122,
"delete": 0,
"preparation": 0.939712,
"cgal_convex_hull": 1.5575,
"total": 30.6697
}