{
"n": 838860800,
"size": 31269,
"hull": 46,
"seed": 0,
"copy2device": 579.262,
"find_extremes": 40.0396,
"find_corners": 86.7379,
"find_points_in_Q": 0.002048,
"compaction": 19.4828,
"copy2host": 0.05072,
"filter": 146.352,
"delete": 0,
"preparation": 0.065504,
"cgal_convex_hull": 3.16499,
"total": 149.517
}