{
"n": 1040187392,
"size": 51781,
"hull": 41,
"seed": 0,
"copy2device": 1366.06,
"find_extremes": 28.5723,
"find_corners": 103.496,
"find_points_in_Q": 20.1236,
"compaction": 18.297,
"copy2host": 0.02928,
"filter": 170.523,
"delete": 0,
"preparation": 4.0095,
"cgal_convex_hull": 8.23238,
"total": 178.755
}