{
"n": 335544320,
"size": 26123,
"hull": 49,
"seed": 0,
"copy2device": 297.875,
"find_extremes": 9.7456,
"find_corners": 33.8347,
"find_points_in_Q": 6.86211,
"compaction": 6.01683,
"copy2host": 0.021728,
"filter": 56.4917,
"delete": 0,
"preparation": 7.07994,
"cgal_convex_hull": 2.65619,
"total": 59.1479
}