{
"n": 503316480,
"size": 23411,
"hull": 43,
"seed": 0,
"copy2device": 343.595,
"find_extremes": 24.3277,
"find_corners": 50.7904,
"find_points_in_Q": 0.002048,
"compaction": 11.7805,
"copy2host": 0.037536,
"filter": 86.9765,
"delete": 0,
"preparation": 0.067008,
"cgal_convex_hull": 2.28886,
"total": 89.2654
}