{
"n": 1006632960,
"size": 40869,
"hull": 35,
"seed": 0,
"copy2device": 700.46,
"find_extremes": 49.4322,
"find_corners": 101.051,
"find_points_in_Q": 0.002048,
"compaction": 23.3695,
"copy2host": 0.070304,
"filter": 173.972,
"delete": 0,
"preparation": 0.113216,
"cgal_convex_hull": 7.45802,
"total": 181.43
}