{
"n": 301989888,
"size": 23955,
"hull": 45,
"seed": 0,
"copy2device": 221.105,
"find_extremes": 14.9715,
"find_corners": 30.7692,
"find_points_in_Q": 0.003072,
"compaction": 8.03197,
"copy2host": 0.093344,
"filter": 53.9068,
"delete": 0,
"preparation": 0.120288,
"cgal_convex_hull": 2.3449,
"total": 56.2517
}