{
"n": 134217728,
"size": 10300,
"hull": 37,
"seed": 0,
"copy2device": 90.1334,
"find_extremes": 7.06672,
"find_corners": 14.0268,
"find_points_in_Q": 0.001952,
"compaction": 3.2743,
"copy2host": 0.027072,
"filter": 24.4315,
"delete": 0,
"preparation": 0.0432,
"cgal_convex_hull": 0.946624,
"total": 25.3781
}