{
"n": 973078528,
"size": 37173,
"hull": 35,
"seed": 0,
"copy2device": 669.892,
"find_extremes": 46.3122,
"find_corners": 97.6311,
"find_points_in_Q": 0.002048,
"compaction": 22.5972,
"copy2host": 0.058528,
"filter": 166.639,
"delete": 0,
"preparation": 0.096608,
"cgal_convex_hull": 3.87824,
"total": 170.517
}