{
"n": 603979776,
"size": 42316,
"hull": 41,
"seed": 0,
"copy2device": 459.81,
"find_extremes": 17.0186,
"find_corners": 60.4418,
"find_points_in_Q": 11.8692,
"compaction": 10.7506,
"copy2host": 0.04912,
"filter": 100.112,
"delete": 0,
"preparation": 3.3183,
"cgal_convex_hull": 4.26483,
"total": 104.376
}