{
"n": 469762048,
"size": 37515,
"hull": 38,
"seed": 0,
"copy2device": 540.737,
"find_extremes": 22.7695,
"find_corners": 47.3938,
"find_points_in_Q": 0.001024,
"compaction": 11.0012,
"copy2host": 0.051744,
"filter": 81.255,
"delete": 0,
"preparation": 0.111648,
"cgal_convex_hull": 3.71789,
"total": 84.9729
}