{
"n": 436207616,
"size": 25485,
"hull": 40,
"seed": 0,
"copy2device": 507.459,
"find_extremes": 21.1696,
"find_corners": 44.1619,
"find_points_in_Q": 0.002048,
"compaction": 10.2283,
"copy2host": 0.043488,
"filter": 75.6408,
"delete": 0,
"preparation": 0.070304,
"cgal_convex_hull": 2.63664,
"total": 78.2774
}