{
"n": 335544320,
"size": 25422,
"hull": 39,
"seed": 0,
"copy2device": 300.472,
"find_extremes": 9.7479,
"find_corners": 33.926,
"find_points_in_Q": 8.32051,
"compaction": 5.99616,
"copy2host": 0.019008,
"filter": 58.0216,
"delete": 0,
"preparation": 7.15971,
"cgal_convex_hull": 2.48586,
"total": 60.5075
}