{
"n": 1040187392,
"size": 44159,
"hull": 40,
"seed": 0,
"copy2device": 717.075,
"find_extremes": 49.453,
"find_corners": 104.371,
"find_points_in_Q": 0.001024,
"compaction": 24.1166,
"copy2host": 0.058432,
"filter": 178.042,
"delete": 0,
"preparation": 0.134656,
"cgal_convex_hull": 4.63936,
"total": 182.681
}