{
"n": 301989888,
"size": 24130,
"hull": 49,
"seed": 0,
"copy2device": 349.166,
"find_extremes": 8.84038,
"find_corners": 30.6159,
"find_points_in_Q": 6.15613,
"compaction": 8.19584,
"copy2host": 0.020896,
"filter": 53.8391,
"delete": 0,
"preparation": 4.03382,
"cgal_convex_hull": 2.42499,
"total": 56.2641
}