{
"n": 134217728,
"size": 15961,
"hull": 43,
"seed": 0,
"copy2device": 90.376,
"find_extremes": 7.05811,
"find_corners": 16.459,
"find_points_in_Q": 0.002048,
"compaction": 3.27325,
"copy2host": 0.034112,
"filter": 26.8626,
"delete": 0,
"preparation": 0.037504,
"cgal_convex_hull": 1.49517,
"total": 28.3578
}