{
"n": 335544320,
"size": 15163,
"hull": 46,
"seed": 0,
"copy2device": 320.19,
"find_extremes": 16.4756,
"find_corners": 34.0419,
"find_points_in_Q": 0.002048,
"compaction": 7.91126,
"copy2host": 0.030304,
"filter": 58.4966,
"delete": 0,
"preparation": 0.04464,
"cgal_convex_hull": 1.49936,
"total": 59.996
}