{
"n": 436207616,
"size": 37063,
"hull": 43,
"seed": 0,
"copy2device": 456.969,
"find_extremes": 12.3826,
"find_corners": 44.0205,
"find_points_in_Q": 8.58778,
"compaction": 9.9913,
"copy2host": 0.024128,
"filter": 75.0132,
"delete": 0,
"preparation": 6.49402,
"cgal_convex_hull": 3.78614,
"total": 78.7994
}