{
"n": 402653184,
"size": 8830,
"hull": 29,
"seed": 0,
"copy2device": 447.46,
"find_extremes": 19.6254,
"find_corners": 40.8084,
"find_points_in_Q": 0.001024,
"compaction": 9.4647,
"copy2host": 0.024128,
"filter": 69.9604,
"delete": 0,
"preparation": 0.037312,
"cgal_convex_hull": 0.834464,
"total": 70.7948
}