{
"n": 33554432,
"size": 9862,
"hull": 54,
"seed": 0,
"copy2device": 20.0607,
"find_extremes": 2.35862,
"find_corners": 3.88301,
"find_points_in_Q": 0.001024,
"compaction": 0.953568,
"copy2host": 0.024864,
"filter": 7.25546,
"delete": 0,
"preparation": 0.029568,
"cgal_convex_hull": 0.807072,
"total": 8.06253
}