{
"n": 738197504,
"size": 34355,
"hull": 38,
"seed": 0,
"copy2device": 782.312,
"find_extremes": 20.599,
"find_corners": 75.7292,
"find_points_in_Q": 14.4393,
"compaction": 13.1263,
"copy2host": 0.04192,
"filter": 123.927,
"delete": 0,
"preparation": 4.77798,
"cgal_convex_hull": 3.36541,
"total": 127.293
}