{
"n": 301989888,
"size": 24845,
"hull": 34,
"seed": 0,
"copy2device": 245.89,
"find_extremes": 14.9375,
"find_corners": 30.7662,
"find_points_in_Q": 0.001024,
"compaction": 7.15744,
"copy2host": 0.043552,
"filter": 52.9435,
"delete": 0,
"preparation": 0.06464,
"cgal_convex_hull": 2.42787,
"total": 55.3714
}