{
"n": 369098752,
"size": 19799,
"hull": 37,
"seed": 0,
"copy2device": 388.922,
"find_extremes": 18.0308,
"find_corners": 37.4509,
"find_points_in_Q": 0.002048,
"compaction": 8.70659,
"copy2host": 0.034912,
"filter": 64.2617,
"delete": 0,
"preparation": 0.062592,
"cgal_convex_hull": 1.92586,
"total": 66.1876
}