{
"n": 1006632960,
"size": 48713,
"hull": 32,
"seed": 0,
"copy2device": 694.645,
"find_extremes": 47.8746,
"find_corners": 101.087,
"find_points_in_Q": 0.002048,
"compaction": 23.3297,
"copy2host": 0.07424,
"filter": 172.408,
"delete": 0,
"preparation": 0.157888,
"cgal_convex_hull": 5.14803,
"total": 177.556
}