{
"n": 503316480,
"size": 22002,
"hull": 30,
"seed": 0,
"copy2device": 345.566,
"find_extremes": 24.2788,
"find_corners": 50.8486,
"find_points_in_Q": 0.001024,
"compaction": 11.7855,
"copy2host": 0.037088,
"filter": 86.9886,
"delete": 0,
"preparation": 0.06592,
"cgal_convex_hull": 2.12765,
"total": 89.1163
}