{
"n": 671088640,
"size": 26494,
"hull": 39,
"seed": 0,
"copy2device": 776.475,
"find_extremes": 32.1624,
"find_corners": 67.5226,
"find_points_in_Q": 0.002048,
"compaction": 15.6511,
"copy2host": 0.040608,
"filter": 115.418,
"delete": 0,
"preparation": 0.070368,
"cgal_convex_hull": 2.70726,
"total": 118.125
}