{
"n": 738197504,
"size": 42242,
"hull": 46,
"seed": 0,
"copy2device": 869.878,
"find_extremes": 23.3726,
"find_corners": 73.7515,
"find_points_in_Q": 14.3667,
"compaction": 13.0267,
"copy2host": 0.027104,
"filter": 124.552,
"delete": 0,
"preparation": 3.64365,
"cgal_convex_hull": 4.3912,
"total": 128.943
}