{
"n": 335544320,
"size": 18674,
"hull": 37,
"seed": 0,
"copy2device": 301.351,
"find_extremes": 9.74198,
"find_corners": 33.8992,
"find_points_in_Q": 6.6609,
"compaction": 6.00538,
"copy2host": 0.019168,
"filter": 56.3395,
"delete": 0,
"preparation": 5.41094,
"cgal_convex_hull": 1.84586,
"total": 58.1853
}