{
"n": 469762048,
"size": 30617,
"hull": 35,
"seed": 0,
"copy2device": 558.812,
"find_extremes": 13.3349,
"find_corners": 47.0784,
"find_points_in_Q": 9.30938,
"compaction": 8.55939,
"copy2host": 0.031584,
"filter": 78.3155,
"delete": 0,
"preparation": 3.7376,
"cgal_convex_hull": 3.11654,
"total": 81.432
}