{
"n": 335544320,
"size": 28143,
"hull": 41,
"seed": 0,
"copy2device": 297.21,
"find_extremes": 9.75779,
"find_corners": 34.2973,
"find_points_in_Q": 6.68512,
"compaction": 5.99098,
"copy2host": 0.022432,
"filter": 56.7636,
"delete": 0,
"preparation": 5.51277,
"cgal_convex_hull": 2.86022,
"total": 59.6239
}