{
"n": 671088640,
"size": 15531,
"hull": 40,
"seed": 0,
"copy2device": 773.372,
"find_extremes": 32.1675,
"find_corners": 67.4703,
"find_points_in_Q": 0.002048,
"compaction": 15.6613,
"copy2host": 0.0304,
"filter": 115.368,
"delete": 0,
"preparation": 0.0368,
"cgal_convex_hull": 1.55053,
"total": 116.919
}