{
"n": 301989888,
"size": 25841,
"hull": 37,
"seed": 0,
"copy2device": 256.469,
"find_extremes": 14.9242,
"find_corners": 30.762,
"find_points_in_Q": 0.001024,
"compaction": 7.16512,
"copy2host": 0.046112,
"filter": 52.937,
"delete": 0,
"preparation": 0.06544,
"cgal_convex_hull": 2.56333,
"total": 55.5003
}