{
"n": 536870912,
"size": 30406,
"hull": 40,
"seed": 0,
"copy2device": 684.827,
"find_extremes": 15.1444,
"find_corners": 53.5668,
"find_points_in_Q": 10.5974,
"compaction": 9.61763,
"copy2host": 0.037984,
"filter": 88.9615,
"delete": 0,
"preparation": 2.76198,
"cgal_convex_hull": 3.16525,
"total": 92.1267
}