{
"n": 335544320,
"size": 10576,
"hull": 42,
"seed": 0,
"copy2device": 303.753,
"find_extremes": 9.73738,
"find_corners": 33.8453,
"find_points_in_Q": 8.0847,
"compaction": 6.02726,
"copy2host": 0.016128,
"filter": 57.7259,
"delete": 0,
"preparation": 3.26675,
"cgal_convex_hull": 1.02099,
"total": 58.7469
}