{
"n": 134217728,
"size": 14571,
"hull": 47,
"seed": 0,
"copy2device": 123.868,
"find_extremes": 4.32694,
"find_corners": 13.9815,
"find_points_in_Q": 2.79053,
"compaction": 2.54,
"copy2host": 0.02656,
"filter": 23.6701,
"delete": 0,
"preparation": 0.4128,
"cgal_convex_hull": 1.38656,
"total": 25.0567
}