{
"n": 201326592,
"size": 24570,
"hull": 42,
"seed": 0,
"copy2device": 135.894,
"find_extremes": 10.203,
"find_corners": 20.693,
"find_points_in_Q": 0.002048,
"compaction": 4.81536,
"copy2host": 0.039264,
"filter": 35.789,
"delete": 0,
"preparation": 0.06928,
"cgal_convex_hull": 2.42006,
"total": 38.2091
}