{
"n": 738197504,
"size": 33668,
"hull": 38,
"seed": 0,
"copy2device": 742.401,
"find_extremes": 35.3469,
"find_corners": 74.2298,
"find_points_in_Q": 0.001024,
"compaction": 17.1433,
"copy2host": 0.05344,
"filter": 126.814,
"delete": 0,
"preparation": 0.103648,
"cgal_convex_hull": 3.34934,
"total": 130.163
}