{
"n": 402653184,
"size": 31102,
"hull": 36,
"seed": 0,
"copy2device": 399.205,
"find_extremes": 19.6193,
"find_corners": 40.6139,
"find_points_in_Q": 0.001024,
"compaction": 9.46662,
"copy2host": 0.045696,
"filter": 69.7832,
"delete": 0,
"preparation": 0.076288,
"cgal_convex_hull": 3.18813,
"total": 72.9713
}