{
"n": 1006632960,
"size": 71491,
"hull": 36,
"seed": 0,
"copy2device": 1022.94,
"find_extremes": 30.6755,
"find_corners": 100.166,
"find_points_in_Q": 20.1143,
"compaction": 17.7081,
"copy2host": 0.041152,
"filter": 168.697,
"delete": 0,
"preparation": 14.1394,
"cgal_convex_hull": 7.60851,
"total": 176.306
}