{
"n": 134217728,
"size": 11422,
"hull": 41,
"seed": 0,
"copy2device": 90.0375,
"find_extremes": 7.06691,
"find_corners": 14.0042,
"find_points_in_Q": 0.002048,
"compaction": 3.26358,
"copy2host": 0.02624,
"filter": 24.3973,
"delete": 0,
"preparation": 0.037376,
"cgal_convex_hull": 1.09693,
"total": 25.4943
}