{
"n": 838860800,
"size": 51784,
"hull": 38,
"seed": 0,
"copy2device": 579.07,
"find_extremes": 40.7485,
"find_corners": 84.1267,
"find_points_in_Q": 0.002048,
"compaction": 19.5124,
"copy2host": 0.075552,
"filter": 144.505,
"delete": 0,
"preparation": 0.113632,
"cgal_convex_hull": 5.46173,
"total": 149.967
}