{
"n": 536870912,
"size": 28862,
"hull": 42,
"seed": 0,
"copy2device": 364.876,
"find_extremes": 25.9131,
"find_corners": 54.2964,
"find_points_in_Q": 0.002048,
"compaction": 12.57,
"copy2host": 0.04336,
"filter": 92.8623,
"delete": 0,
"preparation": 0.069632,
"cgal_convex_hull": 2.8817,
"total": 95.744
}