{
"n": 100663296,
"size": 8308,
"hull": 42,
"seed": 0,
"copy2device": 96.0876,
"find_extremes": 5.51194,
"find_corners": 10.6721,
"find_points_in_Q": 0.001952,
"compaction": 2.49334,
"copy2host": 0.024288,
"filter": 18.739,
"delete": 0,
"preparation": 0.031136,
"cgal_convex_hull": 0.750432,
"total": 19.4894
}