{
"n": 872415232,
"size": 31895,
"hull": 39,
"seed": 0,
"copy2device": 1069.87,
"find_extremes": 24.0978,
"find_corners": 87.3801,
"find_points_in_Q": 16.9242,
"compaction": 15.3318,
"copy2host": 0.023872,
"filter": 143.769,
"delete": 0,
"preparation": 3.63773,
"cgal_convex_hull": 3.18845,
"total": 146.958
}