{
"n": 369098752,
"size": 20183,
"hull": 42,
"seed": 0,
"copy2device": 315.12,
"find_extremes": 10.6359,
"find_corners": 37.2854,
"find_points_in_Q": 7.50886,
"compaction": 6.55914,
"copy2host": 0.019936,
"filter": 62.0215,
"delete": 0,
"preparation": 3.78678,
"cgal_convex_hull": 1.93382,
"total": 63.9554
}