{
"n": 973078528,
"size": 33486,
"hull": 39,
"seed": 0,
"copy2device": 1119.52,
"find_extremes": 26.7834,
"find_corners": 96.0555,
"find_points_in_Q": 18.8468,
"compaction": 17.0698,
"copy2host": 0.024128,
"filter": 158.789,
"delete": 0,
"preparation": 5.72989,
"cgal_convex_hull": 3.41286,
"total": 162.202
}