{
"n": 1006632960,
"size": 39454,
"hull": 36,
"seed": 0,
"copy2device": 1121.72,
"find_extremes": 27.6704,
"find_corners": 100.131,
"find_points_in_Q": 19.7012,
"compaction": 17.6676,
"copy2host": 0.02656,
"filter": 165.204,
"delete": 0,
"preparation": 7.04995,
"cgal_convex_hull": 4.06176,
"total": 169.266
}