{
"n": 939524096,
"size": 44631,
"hull": 34,
"seed": 0,
"copy2device": 647.928,
"find_extremes": 44.6494,
"find_corners": 94.4978,
"find_points_in_Q": 0.001024,
"compaction": 21.7945,
"copy2host": 0.059072,
"filter": 161.043,
"delete": 0,
"preparation": 0.113312,
"cgal_convex_hull": 4.64336,
"total": 165.686
}