{
"n": 805306368,
"size": 47419,
"hull": 45,
"seed": 0,
"copy2device": 645.868,
"find_extremes": 38.45,
"find_corners": 80.6615,
"find_points_in_Q": 0.002048,
"compaction": 18.6659,
"copy2host": 0.062176,
"filter": 137.88,
"delete": 0,
"preparation": 0.123552,
"cgal_convex_hull": 4.90707,
"total": 142.787
}