{
"n": 671088640,
"size": 21170,
"hull": 45,
"seed": 0,
"copy2device": 596.987,
"find_extremes": 18.7864,
"find_corners": 66.954,
"find_points_in_Q": 13.2869,
"compaction": 11.8648,
"copy2host": 0.031488,
"filter": 110.925,
"delete": 0,
"preparation": 2.23667,
"cgal_convex_hull": 5.14624,
"total": 116.071
}