{
"n": 939524096,
"size": 47050,
"hull": 40,
"seed": 0,
"copy2device": 1023,
"find_extremes": 26.9717,
"find_corners": 93.6103,
"find_points_in_Q": 18.1853,
"compaction": 16.5512,
"copy2host": 0.02864,
"filter": 155.352,
"delete": 0,
"preparation": 10.1568,
"cgal_convex_hull": 4.87229,
"total": 160.224
}