{
"n": 1006632960,
"size": 38028,
"hull": 29,
"seed": 0,
"copy2device": 694.74,
"find_extremes": 47.8479,
"find_corners": 101.264,
"find_points_in_Q": 0.001952,
"compaction": 23.3017,
"copy2host": 0.059072,
"filter": 172.515,
"delete": 0,
"preparation": 0.108416,
"cgal_convex_hull": 3.86902,
"total": 176.384
}