{
"n": 100663296,
"size": 8348,
"hull": 46,
"seed": 0,
"copy2device": 97.1296,
"find_extremes": 5.54278,
"find_corners": 10.6618,
"find_points_in_Q": 0.002048,
"compaction": 2.5256,
"copy2host": 0.048832,
"filter": 18.8153,
"delete": 0,
"preparation": 0.075552,
"cgal_convex_hull": 0.764416,
"total": 19.5797
}