{
"n": 905969664,
"size": 42376,
"hull": 39,
"seed": 0,
"copy2device": 626.635,
"find_extremes": 46.0888,
"find_corners": 90.8032,
"find_points_in_Q": 0.001952,
"compaction": 21.0219,
"copy2host": 0.063296,
"filter": 158.019,
"delete": 0,
"preparation": 0.119232,
"cgal_convex_hull": 4.31805,
"total": 162.337
}