{
"n": 1006632960,
"size": 35274,
"hull": 38,
"seed": 0,
"copy2device": 1123.39,
"find_extremes": 30.5356,
"find_corners": 100.16,
"find_points_in_Q": 22.0916,
"compaction": 17.7223,
"copy2host": 0.02624,
"filter": 170.544,
"delete": 0,
"preparation": 7.62413,
"cgal_convex_hull": 3.63155,
"total": 174.175
}