{
"n": 805306368,
"size": 31859,
"hull": 39,
"seed": 0,
"copy2device": 1029.62,
"find_extremes": 25.2846,
"find_corners": 79.89,
"find_points_in_Q": 15.5846,
"compaction": 14.225,
"copy2host": 0.022944,
"filter": 135.016,
"delete": 0,
"preparation": 2.80528,
"cgal_convex_hull": 3.26944,
"total": 138.285
}