{
"n": 838860800,
"size": 51763,
"hull": 33,
"seed": 0,
"copy2device": 1067.79,
"find_extremes": 23.1877,
"find_corners": 83.981,
"find_points_in_Q": 18.8141,
"compaction": 14.8089,
"copy2host": 0.029664,
"filter": 140.826,
"delete": 0,
"preparation": 6.31597,
"cgal_convex_hull": 5.15226,
"total": 145.978
}