{
"n": 100663296,
"size": 8663,
"hull": 47,
"seed": 0,
"copy2device": 66.9465,
"find_extremes": 3.37837,
"find_corners": 10.6608,
"find_points_in_Q": 2.12714,
"compaction": 1.9329,
"copy2host": 0.014944,
"filter": 18.1285,
"delete": 0,
"preparation": 0.244512,
"cgal_convex_hull": 0.75792,
"total": 18.8864
}