{
"n": 771751936,
"size": 23023,
"hull": 38,
"seed": 0,
"copy2device": 796.562,
"find_extremes": 36.8712,
"find_corners": 77.2188,
"find_points_in_Q": 0.001856,
"compaction": 18.3702,
"copy2host": 0.0368,
"filter": 132.539,
"delete": 0,
"preparation": 0.068128,
"cgal_convex_hull": 2.33312,
"total": 134.872
}