{
"n": 1073741824,
"size": 21690,
"hull": 32,
"seed": 0,
"copy2device": 745.243,
"find_extremes": 52.8449,
"find_corners": 108.217,
"find_points_in_Q": 0.001024,
"compaction": 24.8519,
"copy2host": 0.0368,
"filter": 185.992,
"delete": 0,
"preparation": 0.064608,
"cgal_convex_hull": 2.19341,
"total": 188.186
}