{
"n": 671088640,
"size": 9127,
"hull": 33,
"seed": 0,
"copy2device": 598.943,
"find_extremes": 18.775,
"find_corners": 66.6799,
"find_points_in_Q": 13.3182,
"compaction": 11.8795,
"copy2host": 0.022784,
"filter": 110.69,
"delete": 0,
"preparation": 1.53347,
"cgal_convex_hull": 0.871584,
"total": 111.561
}