{
"n": 1040187392,
"size": 33781,
"hull": 37,
"seed": 0,
"copy2device": 719.617,
"find_extremes": 49.4406,
"find_corners": 104.628,
"find_points_in_Q": 0.002048,
"compaction": 24.1341,
"copy2host": 0.05584,
"filter": 178.302,
"delete": 0,
"preparation": 0.106304,
"cgal_convex_hull": 3.43955,
"total": 181.741
}