{
"n": 369098752,
"size": 42453,
"hull": 38,
"seed": 0,
"copy2device": 287.795,
"find_extremes": 10.6471,
"find_corners": 37.2797,
"find_points_in_Q": 7.42835,
"compaction": 8.76835,
"copy2host": 0.026496,
"filter": 64.155,
"delete": 0,
"preparation": 8.62445,
"cgal_convex_hull": 4.40938,
"total": 68.5644
}