{
"n": 603979776,
"size": 27087,
"hull": 41,
"seed": 0,
"copy2device": 460.931,
"find_extremes": 16.9899,
"find_corners": 60.5068,
"find_points_in_Q": 11.9288,
"compaction": 10.7335,
"copy2host": 0.038208,
"filter": 100.194,
"delete": 0,
"preparation": 2.28618,
"cgal_convex_hull": 2.77315,
"total": 102.967
}