{
"n": 436207616,
"size": 19828,
"hull": 33,
"seed": 0,
"copy2device": 467.628,
"find_extremes": 12.429,
"find_corners": 43.6148,
"find_points_in_Q": 8.71645,
"compaction": 7.71843,
"copy2host": 0.019456,
"filter": 72.5104,
"delete": 0,
"preparation": 3.88064,
"cgal_convex_hull": 1.9016,
"total": 74.412
}