{
"n": 402653184,
"size": 12898,
"hull": 38,
"seed": 0,
"copy2device": 444.883,
"find_extremes": 19.7354,
"find_corners": 40.7142,
"find_points_in_Q": 0.002048,
"compaction": 9.44672,
"copy2host": 0.0368,
"filter": 69.9706,
"delete": 0,
"preparation": 0.038112,
"cgal_convex_hull": 3.6625,
"total": 73.6331
}