{
"n": 671088640,
"size": 34120,
"hull": 36,
"seed": 0,
"copy2device": 765.904,
"find_extremes": 32.5756,
"find_corners": 67.4519,
"find_points_in_Q": 0.001024,
"compaction": 15.6188,
"copy2host": 0.054528,
"filter": 115.742,
"delete": 0,
"preparation": 0.107936,
"cgal_convex_hull": 3.41318,
"total": 119.155
}