{
"n": 201326592,
"size": 11142,
"hull": 33,
"seed": 0,
"copy2device": 193.511,
"find_extremes": 5.96602,
"find_corners": 20.8585,
"find_points_in_Q": 4.16982,
"compaction": 3.6735,
"copy2host": 0.016256,
"filter": 34.6988,
"delete": 0,
"preparation": 2.11811,
"cgal_convex_hull": 1.03571,
"total": 35.7345
}