{
"n": 671088640,
"size": 38994,
"hull": 40,
"seed": 0,
"copy2device": 761.759,
"find_extremes": 32.3512,
"find_corners": 67.2973,
"find_points_in_Q": 0.002048,
"compaction": 15.6403,
"copy2host": 0.054496,
"filter": 115.384,
"delete": 0,
"preparation": 0.110976,
"cgal_convex_hull": 3.83702,
"total": 119.222
}