{
"n": 134217728,
"size": 12232,
"hull": 43,
"seed": 0,
"copy2device": 90.1175,
"find_extremes": 7.0815,
"find_corners": 14.0012,
"find_points_in_Q": 0.001984,
"compaction": 3.27437,
"copy2host": 0.027904,
"filter": 24.4213,
"delete": 0,
"preparation": 0.038208,
"cgal_convex_hull": 1.16064,
"total": 25.582
}