{
"n": 570425344,
"size": 20000,
"hull": 41,
"seed": 0,
"copy2device": 656.813,
"find_extremes": 27.4909,
"find_corners": 57.5366,
"find_points_in_Q": 0.001024,
"compaction": 13.3461,
"copy2host": 0.038432,
"filter": 98.4524,
"delete": 0,
"preparation": 0.061952,
"cgal_convex_hull": 1.98698,
"total": 100.439
}