{
"n": 1040187392,
"size": 35841,
"hull": 32,
"seed": 0,
"copy2device": 716.34,
"find_extremes": 50.1953,
"find_corners": 104.546,
"find_points_in_Q": 0.001024,
"compaction": 24.1523,
"copy2host": 0.065344,
"filter": 179.001,
"delete": 0,
"preparation": 0.105408,
"cgal_convex_hull": 3.67443,
"total": 182.675
}