{
"n": 503316480,
"size": 34382,
"hull": 34,
"seed": 0,
"copy2device": 343.291,
"find_extremes": 24.343,
"find_corners": 50.818,
"find_points_in_Q": 0.001024,
"compaction": 11.8363,
"copy2host": 0.04848,
"filter": 87.0839,
"delete": 0,
"preparation": 0.115552,
"cgal_convex_hull": 3.38864,
"total": 90.4725
}