{
"n": 939524096,
"size": 34644,
"hull": 35,
"seed": 0,
"copy2device": 650.134,
"find_extremes": 47.3536,
"find_corners": 94.5806,
"find_points_in_Q": 0.002048,
"compaction": 21.7604,
"copy2host": 0.053056,
"filter": 163.788,
"delete": 0,
"preparation": 0.115936,
"cgal_convex_hull": 3.47354,
"total": 167.262
}