{
"n": 905969664,
"size": 18305,
"hull": 38,
"seed": 0,
"copy2device": 1137.68,
"find_extremes": 24.9971,
"find_corners": 90.522,
"find_points_in_Q": 17.6727,
"compaction": 15.93,
"copy2host": 0.017952,
"filter": 149.156,
"delete": 0,
"preparation": 2.57504,
"cgal_convex_hull": 1.7833,
"total": 150.939
}