{
"n": 939524096,
"size": 23048,
"hull": 33,
"seed": 0,
"copy2device": 652.317,
"find_extremes": 44.7148,
"find_corners": 94.2909,
"find_points_in_Q": 0.002048,
"compaction": 21.7762,
"copy2host": 0.044448,
"filter": 160.866,
"delete": 0,
"preparation": 0.071552,
"cgal_convex_hull": 2.27232,
"total": 163.138
}