{
"n": 1073741824,
"size": 15161,
"hull": 30,
"seed": 0,
"copy2device": 747.481,
"find_extremes": 51.0062,
"find_corners": 107.144,
"find_points_in_Q": 0.002048,
"compaction": 24.9534,
"copy2host": 0.033664,
"filter": 183.178,
"delete": 0,
"preparation": 0.036864,
"cgal_convex_hull": 1.5097,
"total": 184.688
}