{
"n": 268435456,
"size": 33457,
"hull": 42,
"seed": 0,
"copy2device": 179.834,
"find_extremes": 13.4401,
"find_corners": 27.3746,
"find_points_in_Q": 0.002048,
"compaction": 6.38032,
"copy2host": 0.141376,
"filter": 47.3728,
"delete": 0,
"preparation": 0.278208,
"cgal_convex_hull": 3.3521,
"total": 50.7249
}