{
"n": 301989888,
"size": 20112,
"hull": 35,
"seed": 0,
"copy2device": 296.733,
"find_extremes": 8.81142,
"find_corners": 30.6591,
"find_points_in_Q": 6.25872,
"compaction": 5.42106,
"copy2host": 0.019936,
"filter": 51.1824,
"delete": 0,
"preparation": 1.59488,
"cgal_convex_hull": 1.97802,
"total": 53.1604
}