{
"n": 469762048,
"size": 30240,
"hull": 41,
"seed": 0,
"copy2device": 539.164,
"find_extremes": 22.7547,
"find_corners": 47.4019,
"find_points_in_Q": 0.001024,
"compaction": 10.9928,
"copy2host": 0.050624,
"filter": 81.2391,
"delete": 0,
"preparation": 0.0768,
"cgal_convex_hull": 3.12304,
"total": 84.3621
}