{
"n": 67108864,
"size": 4421,
"hull": 38,
"seed": 0,
"copy2device": 43.2673,
"find_extremes": 3.91261,
"find_corners": 7.25715,
"find_points_in_Q": 0.001024,
"compaction": 1.73427,
"copy2host": 0.019424,
"filter": 12.9616,
"delete": 0,
"preparation": 0.016896,
"cgal_convex_hull": 0.381408,
"total": 13.343
}