{
"n": 570425344,
"size": 33899,
"hull": 38,
"seed": 0,
"copy2device": 625.362,
"find_extremes": 27.4696,
"find_corners": 57.422,
"find_points_in_Q": 0.002048,
"compaction": 13.3503,
"copy2host": 0.048224,
"filter": 98.3308,
"delete": 0,
"preparation": 0.104832,
"cgal_convex_hull": 3.36874,
"total": 101.7
}