{
"n": 738197504,
"size": 41610,
"hull": 37,
"seed": 0,
"copy2device": 692.648,
"find_extremes": 35.3635,
"find_corners": 74.3711,
"find_points_in_Q": 0.00192,
"compaction": 17.1886,
"copy2host": 0.062912,
"filter": 127.027,
"delete": 0,
"preparation": 0.108352,
"cgal_convex_hull": 4.31882,
"total": 131.346
}