{
"n": 838860800,
"size": 13877,
"hull": 39,
"seed": 0,
"copy2device": 581.412,
"find_extremes": 40.0305,
"find_corners": 84.0899,
"find_points_in_Q": 0.002048,
"compaction": 19.4841,
"copy2host": 0.031616,
"filter": 143.677,
"delete": 0,
"preparation": 0.035936,
"cgal_convex_hull": 1.37536,
"total": 145.052
}