{
"n": 805306368,
"size": 19893,
"hull": 40,
"seed": 0,
"copy2device": 693.301,
"find_extremes": 38.4567,
"find_corners": 80.7854,
"find_points_in_Q": 0.002048,
"compaction": 18.7349,
"copy2host": 0.03824,
"filter": 138.056,
"delete": 0,
"preparation": 0.066944,
"cgal_convex_hull": 2.00227,
"total": 140.058
}