{
"n": 301989888,
"size": 30561,
"hull": 43,
"seed": 0,
"copy2device": 254.286,
"find_extremes": 14.9583,
"find_corners": 30.6852,
"find_points_in_Q": 0.002048,
"compaction": 7.16288,
"copy2host": 0.048512,
"filter": 52.8917,
"delete": 0,
"preparation": 0.07264,
"cgal_convex_hull": 3.15728,
"total": 56.049
}