{
"n": 201326592,
"size": 15457,
"hull": 38,
"seed": 0,
"copy2device": 134.022,
"find_extremes": 10.1956,
"find_corners": 20.6348,
"find_points_in_Q": 0.001024,
"compaction": 4.81376,
"copy2host": 0.034432,
"filter": 35.7174,
"delete": 0,
"preparation": 0.038784,
"cgal_convex_hull": 1.52518,
"total": 37.2426
}