{
"n": 201326592,
"size": 18982,
"hull": 44,
"seed": 0,
"copy2device": 192.845,
"find_extremes": 5.94074,
"find_corners": 20.6896,
"find_points_in_Q": 4.18458,
"compaction": 3.6663,
"copy2host": 0.019328,
"filter": 34.5124,
"delete": 0,
"preparation": 3.33274,
"cgal_convex_hull": 1.86496,
"total": 36.3773
}