{
"n": 671088640,
"size": 44586,
"hull": 43,
"seed": 0,
"copy2device": 767.516,
"find_extremes": 32.1949,
"find_corners": 67.6578,
"find_points_in_Q": 0.002048,
"compaction": 15.636,
"copy2host": 0.057888,
"filter": 115.588,
"delete": 0,
"preparation": 0.11552,
"cgal_convex_hull": 4.64515,
"total": 120.233
}