{
"n": 201326592,
"size": 26946,
"hull": 49,
"seed": 0,
"copy2device": 133.136,
"find_extremes": 10.1789,
"find_corners": 20.7124,
"find_points_in_Q": 0.001024,
"compaction": 4.80371,
"copy2host": 0.041792,
"filter": 35.7743,
"delete": 0,
"preparation": 0.068096,
"cgal_convex_hull": 2.7009,
"total": 38.4752
}