{
"n": 704643072,
"size": 58090,
"hull": 46,
"seed": 0,
"copy2device": 754.077,
"find_extremes": 19.687,
"find_corners": 70.0369,
"find_points_in_Q": 13.8575,
"compaction": 12.5017,
"copy2host": 0.069696,
"filter": 116.12,
"delete": 0,
"preparation": 7.36717,
"cgal_convex_hull": 6.04118,
"total": 122.161
}