{
"n": 570425344,
"size": 19876,
"hull": 43,
"seed": 0,
"copy2device": 434.587,
"find_extremes": 16.1689,
"find_corners": 56.7416,
"find_points_in_Q": 11.1533,
"compaction": 10.1926,
"copy2host": 0.02096,
"filter": 94.289,
"delete": 0,
"preparation": 0.860608,
"cgal_convex_hull": 1.93098,
"total": 96.22
}