{
"n": 1073741824,
"size": 29189,
"hull": 38,
"seed": 0,
"copy2device": 743.672,
"find_extremes": 51.03,
"find_corners": 107.754,
"find_points_in_Q": 0.001952,
"compaction": 24.9372,
"copy2host": 0.04928,
"filter": 183.813,
"delete": 0,
"preparation": 0.075456,
"cgal_convex_hull": 3.0169,
"total": 186.83
}