{
"n": 369098752,
"size": 15925,
"hull": 34,
"seed": 0,
"copy2device": 382.687,
"find_extremes": 18.0934,
"find_corners": 37.375,
"find_points_in_Q": 0.002048,
"compaction": 8.69366,
"copy2host": 0.041216,
"filter": 64.24,
"delete": 0,
"preparation": 0.040288,
"cgal_convex_hull": 1.55834,
"total": 65.7983
}