{
"n": 234881024,
"size": 21962,
"hull": 37,
"seed": 0,
"copy2device": 229,
"find_extremes": 6.81421,
"find_corners": 23.8375,
"find_points_in_Q": 4.87834,
"compaction": 4.3343,
"copy2host": 0.033152,
"filter": 39.8981,
"delete": 0,
"preparation": 3.12605,
"cgal_convex_hull": 2.15728,
"total": 42.0554
}