{
"n": 939524096,
"size": 36458,
"hull": 40,
"seed": 0,
"copy2device": 652.565,
"find_extremes": 44.6412,
"find_corners": 94.1967,
"find_points_in_Q": 0.002048,
"compaction": 21.7864,
"copy2host": 0.05216,
"filter": 160.718,
"delete": 0,
"preparation": 0.112192,
"cgal_convex_hull": 3.6759,
"total": 164.394
}