{
"n": 436207616,
"size": 21573,
"hull": 41,
"seed": 0,
"copy2device": 486.883,
"find_extremes": 21.22,
"find_corners": 44.4508,
"find_points_in_Q": 0.001024,
"compaction": 10.2444,
"copy2host": 0.040064,
"filter": 75.9946,
"delete": 0,
"preparation": 0.0664,
"cgal_convex_hull": 2.18166,
"total": 78.1763
}