{
"n": 671088640,
"size": 41483,
"hull": 42,
"seed": 0,
"copy2device": 819.41,
"find_extremes": 32.3963,
"find_corners": 67.5062,
"find_points_in_Q": 0.001024,
"compaction": 15.6689,
"copy2host": 0.054496,
"filter": 115.665,
"delete": 0,
"preparation": 0.11168,
"cgal_convex_hull": 4.17395,
"total": 119.839
}