{
"n": 268435456,
"size": 14601,
"hull": 40,
"seed": 0,
"copy2device": 279.278,
"find_extremes": 7.98666,
"find_corners": 27.3846,
"find_points_in_Q": 5.41581,
"compaction": 4.85731,
"copy2host": 0.027936,
"filter": 45.6752,
"delete": 0,
"preparation": 2.27706,
"cgal_convex_hull": 1.40288,
"total": 47.078
}