{
"n": 469762048,
"size": 30433,
"hull": 38,
"seed": 0,
"copy2device": 546.019,
"find_extremes": 22.7885,
"find_corners": 47.4429,
"find_points_in_Q": 0.002048,
"compaction": 11.0025,
"copy2host": 0.052416,
"filter": 81.327,
"delete": 0,
"preparation": 0.07616,
"cgal_convex_hull": 2.97453,
"total": 84.3015
}