{
"n": 469762048,
"size": 29127,
"hull": 43,
"seed": 0,
"copy2device": 539.221,
"find_extremes": 22.7583,
"find_corners": 47.5597,
"find_points_in_Q": 0.002016,
"compaction": 11.0384,
"copy2host": 0.043488,
"filter": 81.4404,
"delete": 0,
"preparation": 0.078528,
"cgal_convex_hull": 2.96899,
"total": 84.4094
}