{
"n": 603979776,
"size": 25391,
"hull": 38,
"seed": 0,
"copy2device": 679.671,
"find_extremes": 29.0721,
"find_corners": 60.7908,
"find_points_in_Q": 0.001856,
"compaction": 14.1135,
"copy2host": 0.040032,
"filter": 104.056,
"delete": 0,
"preparation": 0.066688,
"cgal_convex_hull": 2.60646,
"total": 106.662
}