{
"n": 872415232,
"size": 33047,
"hull": 33,
"seed": 0,
"copy2device": 1112.24,
"find_extremes": 24.0109,
"find_corners": 87.7963,
"find_points_in_Q": 16.9465,
"compaction": 15.3651,
"copy2host": 0.0248,
"filter": 144.153,
"delete": 0,
"preparation": 3.67955,
"cgal_convex_hull": 3.36157,
"total": 147.514
}