{
"n": 905969664,
"size": 57281,
"hull": 41,
"seed": 0,
"copy2device": 624.744,
"find_extremes": 43.1529,
"find_corners": 91.0408,
"find_points_in_Q": 0.002048,
"compaction": 21.0377,
"copy2host": 0.08304,
"filter": 155.356,
"delete": 0,
"preparation": 0.172064,
"cgal_convex_hull": 5.98131,
"total": 161.337
}