{
"n": 1006632960,
"size": 43542,
"hull": 39,
"seed": 0,
"copy2device": 1059.27,
"find_extremes": 27.6071,
"find_corners": 99.6749,
"find_points_in_Q": 19.5332,
"compaction": 17.6685,
"copy2host": 0.028352,
"filter": 164.518,
"delete": 0,
"preparation": 9.46688,
"cgal_convex_hull": 4.52822,
"total": 169.046
}