{
"n": 939524096,
"size": 66466,
"hull": 39,
"seed": 0,
"copy2device": 642.843,
"find_extremes": 44.7146,
"find_corners": 95.362,
"find_points_in_Q": 0.001952,
"compaction": 21.806,
"copy2host": 0.078976,
"filter": 162.005,
"delete": 0,
"preparation": 0.275456,
"cgal_convex_hull": 7.1327,
"total": 169.137
}