{
"n": 1040187392,
"size": 55324,
"hull": 42,
"seed": 0,
"copy2device": 982.762,
"find_extremes": 28.5761,
"find_corners": 104.107,
"find_points_in_Q": 20.2987,
"compaction": 18.3566,
"copy2host": 0.03104,
"filter": 171.371,
"delete": 0,
"preparation": 15.9008,
"cgal_convex_hull": 5.61152,
"total": 176.983
}