{
"n": 369098752,
"size": 21554,
"hull": 42,
"seed": 0,
"copy2device": 347.715,
"find_extremes": 10.6243,
"find_corners": 37.2411,
"find_points_in_Q": 7.52144,
"compaction": 6.5641,
"copy2host": 0.018304,
"filter": 61.984,
"delete": 0,
"preparation": 3.30592,
"cgal_convex_hull": 2.04595,
"total": 64.03
}