{
"n": 1040187392,
"size": 36351,
"hull": 30,
"seed": 0,
"copy2device": 724.762,
"find_extremes": 49.5242,
"find_corners": 104.674,
"find_points_in_Q": 0.00192,
"compaction": 24.0881,
"copy2host": 0.051488,
"filter": 178.38,
"delete": 0,
"preparation": 0.110784,
"cgal_convex_hull": 6.73974,
"total": 185.12
}