{
"n": 704643072,
"size": 12510,
"hull": 40,
"seed": 0,
"copy2device": 792.978,
"find_extremes": 33.7581,
"find_corners": 70.8803,
"find_points_in_Q": 0.001024,
"compaction": 16.3849,
"copy2host": 0.02848,
"filter": 121.091,
"delete": 0,
"preparation": 0.04144,
"cgal_convex_hull": 1.22899,
"total": 122.32
}