{
"n": 536870912,
"size": 24970,
"hull": 37,
"seed": 0,
"copy2device": 367.865,
"find_extremes": 25.8795,
"find_corners": 55.2202,
"find_points_in_Q": 0.001952,
"compaction": 12.5504,
"copy2host": 0.039552,
"filter": 93.7309,
"delete": 0,
"preparation": 0.071328,
"cgal_convex_hull": 2.52336,
"total": 96.2543
}