{
"n": 167772160,
"size": 16374,
"hull": 41,
"seed": 0,
"copy2device": 198.93,
"find_extremes": 5.11888,
"find_corners": 17.3905,
"find_points_in_Q": 3.47715,
"compaction": 3.10112,
"copy2host": 0.018112,
"filter": 29.1186,
"delete": 0,
"preparation": 0.917728,
"cgal_convex_hull": 1.58189,
"total": 30.7004
}