{
"n": 134217728,
"size": 17232,
"hull": 40,
"seed": 0,
"copy2device": 123.031,
"find_extremes": 4.304,
"find_corners": 13.9532,
"find_points_in_Q": 2.82531,
"compaction": 2.51782,
"copy2host": 0.031008,
"filter": 23.6328,
"delete": 0,
"preparation": 0.475296,
"cgal_convex_hull": 1.61098,
"total": 25.2437
}