{
"n": 973078528,
"size": 37241,
"hull": 36,
"seed": 0,
"copy2device": 1061.42,
"find_extremes": 26.7995,
"find_corners": 96.4715,
"find_points_in_Q": 18.8312,
"compaction": 17.127,
"copy2host": 0.025504,
"filter": 159.263,
"delete": 0,
"preparation": 7.42854,
"cgal_convex_hull": 3.85648,
"total": 163.119
}