{
"n": 704643072,
"size": 29277,
"hull": 34,
"seed": 0,
"copy2device": 795.831,
"find_extremes": 33.7284,
"find_corners": 70.7984,
"find_points_in_Q": 0.001024,
"compaction": 16.4163,
"copy2host": 0.049376,
"filter": 121.033,
"delete": 0,
"preparation": 0.074368,
"cgal_convex_hull": 3.0119,
"total": 124.045
}