{
"n": 1040187392,
"size": 29844,
"hull": 37,
"seed": 0,
"copy2device": 718.5,
"find_extremes": 49.431,
"find_corners": 104.237,
"find_points_in_Q": 0.002048,
"compaction": 24.0897,
"copy2host": 0.050688,
"filter": 177.852,
"delete": 0,
"preparation": 0.074592,
"cgal_convex_hull": 3.08835,
"total": 180.94
}