{
"n": 33554432,
"size": 7988,
"hull": 53,
"seed": 0,
"copy2device": 18.1068,
"find_extremes": 1.4552,
"find_corners": 3.91693,
"find_points_in_Q": 0.770112,
"compaction": 0.715712,
"copy2host": 0.01296,
"filter": 6.88461,
"delete": 0,
"preparation": 0.1424,
"cgal_convex_hull": 0.6968,
"total": 7.58141
}