{
"n": 234881024,
"size": 17666,
"hull": 43,
"seed": 0,
"copy2device": 228.229,
"find_extremes": 6.84544,
"find_corners": 23.9963,
"find_points_in_Q": 5.56998,
"compaction": 4.33197,
"copy2host": 0.028192,
"filter": 40.7801,
"delete": 0,
"preparation": 2.51296,
"cgal_convex_hull": 1.73741,
"total": 42.5175
}