{
"n": 637534208,
"size": 42026,
"hull": 33,
"seed": 0,
"copy2device": 517.896,
"find_extremes": 17.8901,
"find_corners": 63.8632,
"find_points_in_Q": 12.5402,
"compaction": 11.3124,
"copy2host": 0.050048,
"filter": 105.643,
"delete": 0,
"preparation": 6.39133,
"cgal_convex_hull": 4.30141,
"total": 109.944
}