{
"n": 939524096,
"size": 33443,
"hull": 45,
"seed": 0,
"copy2device": 1062.66,
"find_extremes": 25.8664,
"find_corners": 94.1459,
"find_points_in_Q": 18.2636,
"compaction": 16.4771,
"copy2host": 0.025184,
"filter": 154.787,
"delete": 0,
"preparation": 6.44182,
"cgal_convex_hull": 3.39994,
"total": 158.187
}