{
"n": 234881024,
"size": 33857,
"hull": 46,
"seed": 0,
"copy2device": 270.631,
"find_extremes": 6.8433,
"find_corners": 23.8854,
"find_points_in_Q": 4.82438,
"compaction": 4.27462,
"copy2host": 0.023808,
"filter": 39.858,
"delete": 0,
"preparation": 0.741856,
"cgal_convex_hull": 3.21626,
"total": 43.0742
}