{
"n": 1040187392,
"size": 33445,
"hull": 37,
"seed": 0,
"copy2device": 941.853,
"find_extremes": 28.6221,
"find_corners": 105.393,
"find_points_in_Q": 20.212,
"compaction": 18.2931,
"copy2host": 0.02576,
"filter": 172.554,
"delete": 0,
"preparation": 10.3018,
"cgal_convex_hull": 3.32835,
"total": 175.882
}