{
"n": 805306368,
"size": 39041,
"hull": 38,
"seed": 0,
"copy2device": 1102.12,
"find_extremes": 22.2962,
"find_corners": 81.6363,
"find_points_in_Q": 15.5817,
"compaction": 14.1896,
"copy2host": 0.02688,
"filter": 133.738,
"delete": 0,
"preparation": 3.23213,
"cgal_convex_hull": 3.9977,
"total": 137.736
}