{
"n": 100663296,
"size": 14811,
"hull": 45,
"seed": 0,
"copy2device": 66.8379,
"find_extremes": 3.35779,
"find_corners": 10.7214,
"find_points_in_Q": 2.11408,
"compaction": 1.92176,
"copy2host": 0.0168,
"filter": 18.1438,
"delete": 0,
"preparation": 0.318688,
"cgal_convex_hull": 1.39267,
"total": 19.5364
}