{
"n": 704643072,
"size": 45328,
"hull": 38,
"seed": 0,
"copy2device": 803.601,
"find_extremes": 21.5448,
"find_corners": 70.2146,
"find_points_in_Q": 13.8335,
"compaction": 12.4779,
"copy2host": 0.053184,
"filter": 118.105,
"delete": 0,
"preparation": 4.10592,
"cgal_convex_hull": 4.72534,
"total": 122.83
}