{
"n": 536870912,
"size": 28621,
"hull": 35,
"seed": 0,
"copy2device": 690.465,
"find_extremes": 15.1244,
"find_corners": 53.5664,
"find_points_in_Q": 10.5668,
"compaction": 9.59994,
"copy2host": 0.036832,
"filter": 88.892,
"delete": 0,
"preparation": 2.69901,
"cgal_convex_hull": 2.9887,
"total": 91.8807
}