{
"n": 134217728,
"size": 13467,
"hull": 41,
"seed": 0,
"copy2device": 90.2478,
"find_extremes": 7.068,
"find_corners": 13.9715,
"find_points_in_Q": 0.002048,
"compaction": 3.26272,
"copy2host": 0.02896,
"filter": 24.3674,
"delete": 0,
"preparation": 0.042048,
"cgal_convex_hull": 1.29757,
"total": 25.665
}