{
"n": 167772160,
"size": 9711,
"hull": 41,
"seed": 0,
"copy2device": 111.846,
"find_extremes": 8.63402,
"find_corners": 17.3722,
"find_points_in_Q": 0.002048,
"compaction": 4.04106,
"copy2host": 0.02512,
"filter": 30.1096,
"delete": 0,
"preparation": 0.0384,
"cgal_convex_hull": 0.909152,
"total": 31.0188
}