{
"n": 201326592,
"size": 23232,
"hull": 46,
"seed": 0,
"copy2device": 203.104,
"find_extremes": 5.95632,
"find_corners": 20.5273,
"find_points_in_Q": 4.16803,
"compaction": 3.67853,
"copy2host": 0.020864,
"filter": 34.3612,
"delete": 0,
"preparation": 4.50768,
"cgal_convex_hull": 2.34288,
"total": 36.704
}