{
"n": 134217728,
"size": 7692,
"hull": 37,
"seed": 0,
"copy2device": 123.997,
"find_extremes": 4.29027,
"find_corners": 14.09,
"find_points_in_Q": 2.81763,
"compaction": 2.54259,
"copy2host": 0.019296,
"filter": 23.7764,
"delete": 0,
"preparation": 0.308576,
"cgal_convex_hull": 0.728704,
"total": 24.5051
}