{
"n": 704643072,
"size": 40801,
"hull": 36,
"seed": 0,
"copy2device": 712.364,
"find_extremes": 19.7301,
"find_corners": 70.2832,
"find_points_in_Q": 13.725,
"compaction": 12.6841,
"copy2host": 0.049024,
"filter": 116.46,
"delete": 0,
"preparation": 5.46957,
"cgal_convex_hull": 4.13648,
"total": 120.597
}