{
"n": 570425344,
"size": 22177,
"hull": 36,
"seed": 0,
"copy2device": 433.927,
"find_extremes": 16.0231,
"find_corners": 56.8472,
"find_points_in_Q": 11.2132,
"compaction": 10.1886,
"copy2host": 0.019552,
"filter": 94.3044,
"delete": 0,
"preparation": 0.914112,
"cgal_convex_hull": 2.23299,
"total": 96.5373
}