{
"n": 234881024,
"size": 18838,
"hull": 49,
"seed": 0,
"copy2device": 156.222,
"find_extremes": 11.784,
"find_corners": 23.9975,
"find_points_in_Q": 0.001024,
"compaction": 5.59094,
"copy2host": 0.03376,
"filter": 41.4425,
"delete": 0,
"preparation": 0.170688,
"cgal_convex_hull": 1.88803,
"total": 43.3306
}