{
"n": 738197504,
"size": 32023,
"hull": 34,
"seed": 0,
"copy2device": 821.446,
"find_extremes": 20.6135,
"find_corners": 76.4995,
"find_points_in_Q": 14.5423,
"compaction": 13.0533,
"copy2host": 0.043136,
"filter": 124.742,
"delete": 0,
"preparation": 3.17357,
"cgal_convex_hull": 3.20707,
"total": 127.949
}