{
"n": 671088640,
"size": 34933,
"hull": 44,
"seed": 0,
"copy2device": 766.157,
"find_extremes": 33.2069,
"find_corners": 67.3352,
"find_points_in_Q": 0.002048,
"compaction": 15.6092,
"copy2host": 0.055296,
"filter": 116.246,
"delete": 0,
"preparation": 0.092448,
"cgal_convex_hull": 3.42362,
"total": 119.67
}