{
"n": 973078528,
"size": 36951,
"hull": 39,
"seed": 0,
"copy2device": 672.398,
"find_extremes": 46.2336,
"find_corners": 97.7205,
"find_points_in_Q": 0.001024,
"compaction": 22.6086,
"copy2host": 0.051616,
"filter": 166.657,
"delete": 0,
"preparation": 0.107904,
"cgal_convex_hull": 3.95603,
"total": 170.613
}