{
"n": 100663296,
"size": 15674,
"hull": 44,
"seed": 0,
"copy2device": 95.2875,
"find_extremes": 5.53245,
"find_corners": 10.6382,
"find_points_in_Q": 0.001024,
"compaction": 2.50502,
"copy2host": 0.06752,
"filter": 18.7783,
"delete": 0,
"preparation": 0.100896,
"cgal_convex_hull": 1.47126,
"total": 20.2496
}