{
"n": 268435456,
"size": 24364,
"hull": 48,
"seed": 0,
"copy2device": 191.999,
"find_extremes": 13.4268,
"find_corners": 27.5098,
"find_points_in_Q": 0.003072,
"compaction": 6.36256,
"copy2host": 0.111072,
"filter": 47.4499,
"delete": 0,
"preparation": 0.169536,
"cgal_convex_hull": 2.45987,
"total": 49.9098
}