{
"n": 33554432,
"size": 8575,
"hull": 43,
"seed": 0,
"copy2device": 18.1052,
"find_extremes": 1.5633,
"find_corners": 3.89302,
"find_points_in_Q": 0.771072,
"compaction": 0.712704,
"copy2host": 0.013408,
"filter": 6.96813,
"delete": 0,
"preparation": 0.176672,
"cgal_convex_hull": 0.720064,
"total": 7.68819
}