{
"n": 369098752,
"size": 35327,
"hull": 42,
"seed": 0,
"copy2device": 381.476,
"find_extremes": 18.0303,
"find_corners": 37.3996,
"find_points_in_Q": 0.001024,
"compaction": 8.70355,
"copy2host": 0.050272,
"filter": 64.2224,
"delete": 0,
"preparation": 0.104768,
"cgal_convex_hull": 3.60298,
"total": 67.8254
}