{
"n": 1040187392,
"size": 38726,
"hull": 34,
"seed": 0,
"copy2device": 981.255,
"find_extremes": 28.5536,
"find_corners": 103.502,
"find_points_in_Q": 20.0985,
"compaction": 18.2587,
"copy2host": 0.026816,
"filter": 170.446,
"delete": 0,
"preparation": 14.3784,
"cgal_convex_hull": 3.99658,
"total": 174.443
}