{
"n": 1073741824,
"size": 43126,
"hull": 38,
"seed": 0,
"copy2device": 950.134,
"find_extremes": 29.3474,
"find_corners": 108.164,
"find_points_in_Q": 20.8478,
"compaction": 18.85,
"copy2host": 0.026848,
"filter": 177.244,
"delete": 0,
"preparation": 12.5377,
"cgal_convex_hull": 4.47254,
"total": 181.716
}