{
"n": 369098752,
"size": 18723,
"hull": 34,
"seed": 0,
"copy2device": 315.034,
"find_extremes": 10.6321,
"find_corners": 37.2386,
"find_points_in_Q": 7.53747,
"compaction": 6.57997,
"copy2host": 0.018592,
"filter": 62.0208,
"delete": 0,
"preparation": 4.34243,
"cgal_convex_hull": 1.87504,
"total": 63.8958
}