{
"n": 201326592,
"size": 18824,
"hull": 41,
"seed": 0,
"copy2device": 192.118,
"find_extremes": 5.98214,
"find_corners": 20.6392,
"find_points_in_Q": 4.20186,
"compaction": 3.66224,
"copy2host": 0.018016,
"filter": 34.5149,
"delete": 0,
"preparation": 3.30835,
"cgal_convex_hull": 1.77424,
"total": 36.2892
}