{
"n": 301989888,
"size": 21875,
"hull": 41,
"seed": 0,
"copy2device": 255.688,
"find_extremes": 14.9332,
"find_corners": 30.7865,
"find_points_in_Q": 0.001024,
"compaction": 7.14278,
"copy2host": 0.037664,
"filter": 52.9391,
"delete": 0,
"preparation": 0.062784,
"cgal_convex_hull": 2.05517,
"total": 54.9943
}