{
"n": 335544320,
"size": 21286,
"hull": 39,
"seed": 0,
"copy2device": 320.385,
"find_extremes": 16.4736,
"find_corners": 34.0808,
"find_points_in_Q": 0.001024,
"compaction": 7.9199,
"copy2host": 0.04256,
"filter": 58.5556,
"delete": 0,
"preparation": 0.06096,
"cgal_convex_hull": 2.08586,
"total": 60.6415
}