{
"n": 167772160,
"size": 17272,
"hull": 36,
"seed": 0,
"copy2device": 175.387,
"find_extremes": 5.11101,
"find_corners": 17.4236,
"find_points_in_Q": 3.46157,
"compaction": 3.08109,
"copy2host": 0.018048,
"filter": 29.1069,
"delete": 0,
"preparation": 0.962176,
"cgal_convex_hull": 1.66838,
"total": 30.7753
}