{
"n": 939524096,
"size": 42841,
"hull": 38,
"seed": 0,
"copy2device": 646.765,
"find_extremes": 46.5787,
"find_corners": 94.3495,
"find_points_in_Q": 0.001024,
"compaction": 21.7942,
"copy2host": 0.064928,
"filter": 162.829,
"delete": 0,
"preparation": 0.127296,
"cgal_convex_hull": 7.39674,
"total": 170.226
}