{
"n": 536870912,
"size": 20673,
"hull": 41,
"seed": 0,
"copy2device": 370.819,
"find_extremes": 25.8836,
"find_corners": 54.2034,
"find_points_in_Q": 0.001024,
"compaction": 12.5499,
"copy2host": 0.040896,
"filter": 92.7173,
"delete": 0,
"preparation": 0.062752,
"cgal_convex_hull": 2.09782,
"total": 94.8151
}