{
"n": 436207616,
"size": 31124,
"hull": 45,
"seed": 0,
"copy2device": 470.395,
"find_extremes": 21.1828,
"find_corners": 44.0986,
"find_points_in_Q": 0.001024,
"compaction": 10.2426,
"copy2host": 0.05008,
"filter": 75.6118,
"delete": 0,
"preparation": 0.081088,
"cgal_convex_hull": 3.10682,
"total": 78.7186
}