{
"n": 671088640,
"size": 39080,
"hull": 43,
"seed": 0,
"copy2device": 588.344,
"find_extremes": 18.7793,
"find_corners": 66.9716,
"find_points_in_Q": 13.154,
"compaction": 11.899,
"copy2host": 0.045344,
"filter": 110.836,
"delete": 0,
"preparation": 3.77434,
"cgal_convex_hull": 7.18688,
"total": 118.023
}