{
"n": 436207616,
"size": 24820,
"hull": 41,
"seed": 0,
"copy2device": 500.28,
"find_extremes": 21.2001,
"find_corners": 44.8113,
"find_points_in_Q": 0.001024,
"compaction": 10.2153,
"copy2host": 0.04384,
"filter": 76.3095,
"delete": 0,
"preparation": 0.068576,
"cgal_convex_hull": 2.50502,
"total": 78.8146
}