{
"n": 369098752,
"size": 33931,
"hull": 42,
"seed": 0,
"copy2device": 381.175,
"find_extremes": 18.051,
"find_corners": 37.3883,
"find_points_in_Q": 0.001952,
"compaction": 8.68278,
"copy2host": 0.046912,
"filter": 64.2076,
"delete": 0,
"preparation": 0.110304,
"cgal_convex_hull": 3.42464,
"total": 67.6322
}