{
"n": 234881024,
"size": 14060,
"hull": 35,
"seed": 0,
"copy2device": 157.435,
"find_extremes": 11.7749,
"find_corners": 24.0517,
"find_points_in_Q": 0.001024,
"compaction": 5.58378,
"copy2host": 0.032192,
"filter": 41.4799,
"delete": 0,
"preparation": 0.106944,
"cgal_convex_hull": 1.33242,
"total": 42.8123
}