{
"n": 570425344,
"size": 21990,
"hull": 38,
"seed": 0,
"copy2device": 433.86,
"find_extremes": 16.0278,
"find_corners": 56.7058,
"find_points_in_Q": 11.5902,
"compaction": 10.1408,
"copy2host": 0.019552,
"filter": 94.4958,
"delete": 0,
"preparation": 0.912608,
"cgal_convex_hull": 2.0785,
"total": 96.5743
}