{
"n": 167772160,
"size": 10980,
"hull": 46,
"seed": 0,
"copy2device": 110.866,
"find_extremes": 8.67802,
"find_corners": 17.2974,
"find_points_in_Q": 0.001024,
"compaction": 4.04682,
"copy2host": 0.028608,
"filter": 30.0887,
"delete": 0,
"preparation": 0.040288,
"cgal_convex_hull": 1.03187,
"total": 31.1206
}