{
"n": 402653184,
"size": 22351,
"hull": 43,
"seed": 0,
"copy2device": 376.593,
"find_extremes": 11.4924,
"find_corners": 40.5874,
"find_points_in_Q": 8.0281,
"compaction": 7.13494,
"copy2host": 0.021344,
"filter": 67.2743,
"delete": 0,
"preparation": 2.82746,
"cgal_convex_hull": 2.18563,
"total": 69.46
}