{
"n": 268435456,
"size": 27620,
"hull": 45,
"seed": 0,
"copy2device": 180.21,
"find_extremes": 13.4384,
"find_corners": 27.4176,
"find_points_in_Q": 0.003072,
"compaction": 6.36554,
"copy2host": 0.1168,
"filter": 47.378,
"delete": 0,
"preparation": 0.182176,
"cgal_convex_hull": 2.82973,
"total": 50.2078
}