{
"n": 872415232,
"size": 62047,
"hull": 41,
"seed": 0,
"copy2device": 644.336,
"find_extremes": 43.2438,
"find_corners": 87.3523,
"find_points_in_Q": 0.002048,
"compaction": 20.2804,
"copy2host": 0.075872,
"filter": 150.995,
"delete": 0,
"preparation": 0.12928,
"cgal_convex_hull": 6.59568,
"total": 157.591
}