{
"n": 805306368,
"size": 40309,
"hull": 37,
"seed": 0,
"copy2device": 1091.98,
"find_extremes": 22.2677,
"find_corners": 79.873,
"find_points_in_Q": 15.5706,
"compaction": 14.206,
"copy2host": 0.027392,
"filter": 131.951,
"delete": 0,
"preparation": 3.39811,
"cgal_convex_hull": 4.09181,
"total": 136.043
}