{
"n": 838860800,
"size": 40104,
"hull": 31,
"seed": 0,
"copy2device": 1107.46,
"find_extremes": 23.1858,
"find_corners": 82.8863,
"find_points_in_Q": 16.4054,
"compaction": 14.7664,
"copy2host": 0.026144,
"filter": 137.278,
"delete": 0,
"preparation": 3.34074,
"cgal_convex_hull": 7.1055,
"total": 144.384
}