{
"n": 805306368,
"size": 47512,
"hull": 41,
"seed": 0,
"copy2device": 1027.83,
"find_extremes": 22.2892,
"find_corners": 80.0922,
"find_points_in_Q": 15.5834,
"compaction": 14.2144,
"copy2host": 0.02816,
"filter": 132.214,
"delete": 0,
"preparation": 5.57206,
"cgal_convex_hull": 5.01814,
"total": 137.232
}