{
"n": 268435456,
"size": 21949,
"hull": 44,
"seed": 0,
"copy2device": 180.965,
"find_extremes": 13.4181,
"find_corners": 27.4134,
"find_points_in_Q": 0.001952,
"compaction": 6.37446,
"copy2host": 0.0976,
"filter": 47.342,
"delete": 0,
"preparation": 0.162784,
"cgal_convex_hull": 2.16333,
"total": 49.5054
}