{
"n": 234881024,
"size": 15373,
"hull": 38,
"seed": 0,
"copy2device": 157.536,
"find_extremes": 11.7856,
"find_corners": 23.9791,
"find_points_in_Q": 0.001984,
"compaction": 5.59485,
"copy2host": 0.040672,
"filter": 41.438,
"delete": 0,
"preparation": 0.035936,
"cgal_convex_hull": 1.48854,
"total": 42.9266
}