{
"n": 201326592,
"size": 23549,
"hull": 47,
"seed": 0,
"copy2device": 135.689,
"find_extremes": 10.1819,
"find_corners": 20.7104,
"find_points_in_Q": 0.001024,
"compaction": 4.84134,
"copy2host": 0.041728,
"filter": 35.8127,
"delete": 0,
"preparation": 0.067744,
"cgal_convex_hull": 2.32534,
"total": 38.138
}