{
"n": 905969664,
"size": 42370,
"hull": 42,
"seed": 0,
"copy2device": 625.846,
"find_extremes": 43.176,
"find_corners": 91.3142,
"find_points_in_Q": 0.001024,
"compaction": 21.0187,
"copy2host": 0.057536,
"filter": 155.606,
"delete": 0,
"preparation": 0.113824,
"cgal_convex_hull": 4.30582,
"total": 159.912
}