{
"n": 134217728,
"size": 15611,
"hull": 49,
"seed": 0,
"copy2device": 124.244,
"find_extremes": 4.33738,
"find_corners": 13.9797,
"find_points_in_Q": 2.81808,
"compaction": 2.51584,
"copy2host": 0.027136,
"filter": 23.6863,
"delete": 0,
"preparation": 0.416,
"cgal_convex_hull": 1.5231,
"total": 25.2094
}