{
"n": 671088640,
"size": 24603,
"hull": 38,
"seed": 0,
"copy2device": 640.685,
"find_extremes": 18.7668,
"find_corners": 66.8703,
"find_points_in_Q": 13.139,
"compaction": 11.926,
"copy2host": 0.036864,
"filter": 110.735,
"delete": 0,
"preparation": 3.73955,
"cgal_convex_hull": 2.49168,
"total": 113.226
}