{
"n": 402653184,
"size": 24067,
"hull": 38,
"seed": 0,
"copy2device": 445.202,
"find_extremes": 19.612,
"find_corners": 40.8197,
"find_points_in_Q": 0.001024,
"compaction": 9.46486,
"copy2host": 0.036992,
"filter": 69.9704,
"delete": 0,
"preparation": 0.066976,
"cgal_convex_hull": 2.3736,
"total": 72.344
}