{
"n": 167772160,
"size": 297,
"hull": 22,
"seed": 0,
"copy2device": 0,
"find_extremes": 506.167,
"find_corners": 780.285,
"find_points_in_Q": 0,
"compaction": 1232.57,
"copy2host": 0,
"filter": 2519.09,
"delete": 0,
"preparation": 0.048128,
"cgal_convex_hull": 0.028672,
"total": 2519.12
}