{
"n": 738197504,
"size": 102,
"hull": 23,
"seed": 0,
"copy2device": 0,
"find_extremes": 2247.46,
"find_corners": 3229.91,
"find_points_in_Q": 0,
"compaction": 9039.26,
"copy2host": 0,
"filter": 14516.7,
"delete": 0,
"preparation": 0.044032,
"cgal_convex_hull": 0.014336,
"total": 14516.7
}