{
"n": 536870912,
"size": 115,
"hull": 21,
"seed": 0,
"copy2device": 0,
"find_extremes": 1738.82,
"find_corners": 2963.71,
"find_points_in_Q": 0,
"compaction": 2783.66,
"copy2host": 0,
"filter": 7486.26,
"delete": 0,
"preparation": 0.027648,
"cgal_convex_hull": 0.017408,
"total": 7486.27
}