{
"n": 301989888,
"size": 271,
"hull": 21,
"seed": 0,
"copy2device": 0,
"find_extremes": 969.352,
"find_corners": 1728.88,
"find_points_in_Q": 0,
"compaction": 4103.41,
"copy2host": 0,
"filter": 6801.72,
"delete": 0,
"preparation": 0.048128,
"cgal_convex_hull": 0.026624,
"total": 6801.75
}