{
"n": 503316480,
"size": 155,
"hull": 19,
"seed": 0,
"copy2device": 0,
"find_extremes": 1530.46,
"find_corners": 2760.08,
"find_points_in_Q": 0,
"compaction": 4374.21,
"copy2host": 0,
"filter": 8664.81,
"delete": 0,
"preparation": 0.045056,
"cgal_convex_hull": 0.018432,
"total": 8664.83
}