{
"n": 234881024,
"size": 144,
"hull": 22,
"seed": 0,
"copy2device": 0,
"find_extremes": 700.661,
"find_corners": 1334.34,
"find_points_in_Q": 0,
"compaction": 2307.09,
"copy2host": 0,
"filter": 4342.15,
"delete": 0,
"preparation": 0.080896,
"cgal_convex_hull": 0.019456,
"total": 4342.17
}