{
"n": 570425344,
"size": 207,
"hull": 23,
"seed": 0,
"copy2device": 0,
"find_extremes": 1977.36,
"find_corners": 2716.61,
"find_points_in_Q": 0,
"compaction": 7069.24,
"copy2host": 0,
"filter": 11763.3,
"delete": 0,
"preparation": 0.038912,
"cgal_convex_hull": 0.023552,
"total": 11763.3
}