{
"n": 268435456,
"size": 111,
"hull": 21,
"seed": 0,
"copy2device": 0,
"find_extremes": 809.497,
"find_corners": 1333.77,
"find_points_in_Q": 0,
"compaction": 1384.39,
"copy2host": 0,
"filter": 3527.73,
"delete": 0,
"preparation": 0.023552,
"cgal_convex_hull": 0.017408,
"total": 3527.74
}