{
"n": 335544320,
"size": 129,
"hull": 19,
"seed": 0,
"copy2device": 0,
"find_extremes": 1096.32,
"find_corners": 1392.18,
"find_points_in_Q": 0,
"compaction": 4242.52,
"copy2host": 0,
"filter": 6731.07,
"delete": 0,
"preparation": 0.072704,
"cgal_convex_hull": 0.016384,
"total": 6731.09
}