{
"n": 100663296,
"size": 174,
"hull": 19,
"seed": 0,
"copy2device": 0,
"find_extremes": 301.697,
"find_corners": 559.268,
"find_points_in_Q": 0,
"compaction": 992.494,
"copy2host": 0,
"filter": 1853.52,
"delete": 0,
"preparation": 0.086016,
"cgal_convex_hull": 0.022528,
"total": 1853.54
}