{
"n": 738197504,
"size": 116,
"hull": 20,
"seed": 0,
"copy2device": 0,
"find_extremes": 2323.57,
"find_corners": 3307.05,
"find_points_in_Q": 0,
"compaction": 8651.95,
"copy2host": 0,
"filter": 14282.6,
"delete": 0,
"preparation": 0.049152,
"cgal_convex_hull": 0.019456,
"total": 14282.6
}