{
"n": 369098752,
"size": 137,
"hull": 20,
"seed": 0,
"copy2device": 0,
"find_extremes": 1131.72,
"find_corners": 1629.43,
"find_points_in_Q": 0,
"compaction": 3235.88,
"copy2host": 0,
"filter": 5997.09,
"delete": 0,
"preparation": 0.049152,
"cgal_convex_hull": 0.019456,
"total": 5997.11
}