{
"n": 603979776,
"size": 225,
"hull": 19,
"seed": 0,
"copy2device": 0,
"find_extremes": 2089.66,
"find_corners": 3113.48,
"find_points_in_Q": 0,
"compaction": 6257.58,
"copy2host": 0,
"filter": 11460.8,
"delete": 0,
"preparation": 0.095232,
"cgal_convex_hull": 0.024576,
"total": 11460.8
}