{
"n": 402653184,
"size": 151,
"hull": 22,
"seed": 0,
"copy2device": 0,
"find_extremes": 1293.71,
"find_corners": 2086.18,
"find_points_in_Q": 0,
"compaction": 4736.47,
"copy2host": 0,
"filter": 8116.41,
"delete": 0,
"preparation": 0.034816,
"cgal_convex_hull": 0.019456,
"total": 8116.43
}