{
"n": 234881024,
"size": 118,
"hull": 19,
"seed": 0,
"copy2device": 0,
"find_extremes": 719.562,
"find_corners": 1135.11,
"find_points_in_Q": 0,
"compaction": 2617.22,
"copy2host": 0,
"filter": 4471.95,
"delete": 0,
"preparation": 0.036864,
"cgal_convex_hull": 0.018432,
"total": 4471.97
}