{
"n": 234881024,
"size": 232,
"hull": 22,
"seed": 0,
"copy2device": 0,
"find_extremes": 709.534,
"find_corners": 1297.01,
"find_points_in_Q": 0,
"compaction": 2512.09,
"copy2host": 0,
"filter": 4518.69,
"delete": 0,
"preparation": 0.116736,
"cgal_convex_hull": 0.027648,
"total": 4518.72
}