{
"n": 167772160,
"size": 145,
"hull": 14,
"seed": 0,
"copy2device": 0,
"find_extremes": 514.416,
"find_corners": 919.972,
"find_points_in_Q": 0,
"compaction": 1810.99,
"copy2host": 0,
"filter": 3245.43,
"delete": 0,
"preparation": 0.072704,
"cgal_convex_hull": 0.017408,
"total": 3245.45
}