{
"n": 469762048,
"size": 138,
"hull": 21,
"seed": 0,
"copy2device": 0,
"find_extremes": 1463.51,
"find_corners": 2453.43,
"find_points_in_Q": 0,
"compaction": 5648.28,
"copy2host": 0,
"filter": 9565.28,
"delete": 0,
"preparation": 0.053248,
"cgal_convex_hull": 0.018432,
"total": 9565.29
}