{
"n": 234881024,
"size": 118,
"hull": 22,
"seed": 0,
"copy2device": 0,
"find_extremes": 762.672,
"find_corners": 1082.18,
"find_points_in_Q": 0,
"compaction": 3063.28,
"copy2host": 0,
"filter": 4908.19,
"delete": 0,
"preparation": 0.057344,
"cgal_convex_hull": 0.016384,
"total": 4908.21
}