{
"n": 469762048,
"size": 199,
"hull": 26,
"seed": 0,
"copy2device": 0,
"find_extremes": 1583.39,
"find_corners": 2114.53,
"find_points_in_Q": 0,
"compaction": 5380.83,
"copy2host": 0,
"filter": 9078.81,
"delete": 0,
"preparation": 0.060416,
"cgal_convex_hull": 0.024576,
"total": 9078.83
}