{
"n": 402653184,
"size": 146,
"hull": 21,
"seed": 0,
"copy2device": 0,
"find_extremes": 1361.77,
"find_corners": 2125.82,
"find_points_in_Q": 0,
"compaction": 4957.69,
"copy2host": 0,
"filter": 8445.34,
"delete": 0,
"preparation": 0.103424,
"cgal_convex_hull": 0.021504,
"total": 8445.36
}