{
"n": 134217728,
"size": 128,
"hull": 16,
"seed": 0,
"copy2device": 0,
"find_extremes": 471.431,
"find_corners": 676.976,
"find_points_in_Q": 0,
"compaction": 1213.79,
"copy2host": 0,
"filter": 2362.26,
"delete": 0,
"preparation": 0.027648,
"cgal_convex_hull": 0.018432,
"total": 2362.28
}