{
"n": 738197504,
"size": 617,
"hull": 22,
"seed": 0,
"copy2device": 0,
"find_extremes": 2247.69,
"find_corners": 3094.53,
"find_points_in_Q": 0,
"compaction": 6794.95,
"copy2host": 0,
"filter": 12137.2,
"delete": 0,
"preparation": 0.293888,
"cgal_convex_hull": 0.047104,
"total": 12137.3
}