{
"n": 738197504,
"size": 154,
"hull": 20,
"seed": 0,
"copy2device": 0,
"find_extremes": 2250.14,
"find_corners": 3668.04,
"find_points_in_Q": 0,
"compaction": 8197.65,
"copy2host": 0,
"filter": 14115.9,
"delete": 0,
"preparation": 0.064512,
"cgal_convex_hull": 0.018432,
"total": 14115.9
}