{
"n": 771751936,
"size": 277,
"hull": 20,
"seed": 0,
"copy2device": 0,
"find_extremes": 2383.75,
"find_corners": 4413.99,
"find_points_in_Q": 0,
"compaction": 9993.83,
"copy2host": 0,
"filter": 16791.6,
"delete": 0,
"preparation": 0.052224,
"cgal_convex_hull": 0.028672,
"total": 16791.7
}