{
"n": 771751936,
"size": 216,
"hull": 25,
"seed": 0,
"copy2device": 0,
"find_extremes": 2328.62,
"find_corners": 4240.23,
"find_points_in_Q": 0,
"compaction": 8372.72,
"copy2host": 0,
"filter": 14941.6,
"delete": 0,
"preparation": 0.095232,
"cgal_convex_hull": 0.026624,
"total": 14941.7
}