{
"n": 201326592,
"size": 125,
"hull": 18,
"seed": 0,
"copy2device": 0,
"find_extremes": 679.674,
"find_corners": 1069.62,
"find_points_in_Q": 0,
"compaction": 1777.41,
"copy2host": 0,
"filter": 3526.77,
"delete": 0,
"preparation": 0.031744,
"cgal_convex_hull": 0.017408,
"total": 3526.79
}