{
"n": 738197504,
"size": 257,
"hull": 24,
"seed": 0,
"copy2device": 0,
"find_extremes": 2324.03,
"find_corners": 3129.12,
"find_points_in_Q": 0,
"compaction": 4546.19,
"copy2host": 0,
"filter": 9999.39,
"delete": 0,
"preparation": 0.053248,
"cgal_convex_hull": 0.026624,
"total": 9999.42
}