{
"n": 637534208,
"size": 223,
"hull": 22,
"seed": 0,
"copy2device": 0,
"find_extremes": 1991.77,
"find_corners": 3680.44,
"find_points_in_Q": 0,
"compaction": 7310.88,
"copy2host": 0,
"filter": 12983.2,
"delete": 0,
"preparation": 0.041984,
"cgal_convex_hull": 0.027648,
"total": 12983.2
}