{
"n": 469762048,
"size": 226,
"hull": 21,
"seed": 0,
"copy2device": 0,
"find_extremes": 1503.53,
"find_corners": 2103.92,
"find_points_in_Q": 0,
"compaction": 4031.44,
"copy2host": 0,
"filter": 7638.94,
"delete": 0,
"preparation": 0.095232,
"cgal_convex_hull": 0.023552,
"total": 7638.96
}