{
"n": 771751936,
"size": 117,
"hull": 21,
"seed": 0,
"copy2device": 0,
"find_extremes": 2353.65,
"find_corners": 3481.56,
"find_points_in_Q": 0,
"compaction": 9922.07,
"copy2host": 0,
"filter": 15757.3,
"delete": 0,
"preparation": 0.072704,
"cgal_convex_hull": 0.017408,
"total": 15757.4
}