{
"n": 301989888,
"size": 166,
"hull": 25,
"seed": 0,
"copy2device": 0,
"find_extremes": 907.472,
"find_corners": 1646.66,
"find_points_in_Q": 0,
"compaction": 3115.84,
"copy2host": 0,
"filter": 5670.02,
"delete": 0,
"preparation": 0.091136,
"cgal_convex_hull": 0.019456,
"total": 5670.04
}