{
"n": 570425344,
"size": 130,
"hull": 23,
"seed": 0,
"copy2device": 0,
"find_extremes": 1869.29,
"find_corners": 2627.03,
"find_points_in_Q": 0,
"compaction": 6245.16,
"copy2host": 0,
"filter": 10741.5,
"delete": 0,
"preparation": 0.064512,
"cgal_convex_hull": 0.017408,
"total": 10741.6
}