{
"n": 436207616,
"size": 195,
"hull": 21,
"seed": 0,
"copy2device": 0,
"find_extremes": 1456.85,
"find_corners": 2131.51,
"find_points_in_Q": 0,
"compaction": 5810.84,
"copy2host": 0,
"filter": 9399.25,
"delete": 0,
"preparation": 0.038912,
"cgal_convex_hull": 0.023552,
"total": 9399.28
}