{
"n": 771751936,
"size": 152,
"hull": 22,
"seed": 0,
"copy2device": 0,
"find_extremes": 2353.87,
"find_corners": 4354.95,
"find_points_in_Q": 0,
"compaction": 3910.69,
"copy2host": 0,
"filter": 10619.6,
"delete": 0,
"preparation": 0.067584,
"cgal_convex_hull": 0.018432,
"total": 10619.6
}