{
"n": 201326592,
"size": 343,
"hull": 19,
"seed": 0,
"copy2device": 0,
"find_extremes": 614.814,
"find_corners": 846.073,
"find_points_in_Q": 0,
"compaction": 992.536,
"copy2host": 0,
"filter": 2453.48,
"delete": 0,
"preparation": 0.053248,
"cgal_convex_hull": 0.039936,
"total": 2453.52
}