{
"n": 536870912,
"size": 179,
"hull": 20,
"seed": 0,
"copy2device": 0,
"find_extremes": 1776.48,
"find_corners": 2767.62,
"find_points_in_Q": 0,
"compaction": 5406.27,
"copy2host": 0,
"filter": 9950.42,
"delete": 0,
"preparation": 0.057344,
"cgal_convex_hull": 0.019456,
"total": 9950.44
}