{
"n": 637534208,
"size": 217,
"hull": 18,
"seed": 0,
"copy2device": 0,
"find_extremes": 2135.74,
"find_corners": 3620.98,
"find_points_in_Q": 0,
"compaction": 6659.79,
"copy2host": 0,
"filter": 12416.6,
"delete": 0,
"preparation": 0.053248,
"cgal_convex_hull": 0.022528,
"total": 12416.6
}