{
"n": 436207616,
"size": 369,
"hull": 29,
"seed": 0,
"copy2device": 0,
"find_extremes": 1386.58,
"find_corners": 2109.75,
"find_points_in_Q": 0,
"compaction": 4150.66,
"copy2host": 0,
"filter": 7647.05,
"delete": 0,
"preparation": 0.118784,
"cgal_convex_hull": 0.032768,
"total": 7647.09
}