{
"n": 100663296,
"size": 10351,
"hull": 40,
"seed": 0,
"copy2device": 0,
"find_extremes": 250.355,
"find_corners": 391.875,
"find_points_in_Q": 0,
"compaction": 1248.32,
"copy2host": 0,
"delete": 0,
"preparation": 0.309248,
"cgal_convex_hull": 0.988128,
"total": 1891.53
}