{
"n": 167772160,
"size": 331,
"hull": 19,
"seed": 0,
"copy2device": 0,
"find_extremes": 509.849,
"find_corners": 745.175,
"find_points_in_Q": 0,
"compaction": 2346.01,
"copy2host": 0,
"filter": 3601.09,
"delete": 0,
"preparation": 0.080896,
"cgal_convex_hull": 0.033792,
"total": 3601.12
}