{
"n": 738197504,
"size": 147,
"hull": 19,
"seed": 0,
"copy2device": 0,
"find_extremes": 2246.02,
"find_corners": 3282.37,
"find_points_in_Q": 0,
"compaction": 8940.29,
"copy2host": 0,
"filter": 14468.7,
"delete": 0,
"preparation": 0.065536,
"cgal_convex_hull": 0.018432,
"total": 14468.8
}