{
"n": 268435456,
"size": 128,
"hull": 21,
"seed": 0,
"copy2device": 0,
"find_extremes": 806.059,
"find_corners": 1173.85,
"find_points_in_Q": 0,
"compaction": 2962.79,
"copy2host": 0,
"filter": 4942.75,
"delete": 0,
"preparation": 0.070656,
"cgal_convex_hull": 0.018432,
"total": 4942.77
}