{
"n": 100663296,
"size": 211,
"hull": 22,
"seed": 0,
"copy2device": 0,
"find_extremes": 304.446,
"find_corners": 466.859,
"find_points_in_Q": 0,
"compaction": 1209.78,
"copy2host": 0,
"filter": 1981.15,
"delete": 0,
"preparation": 0.074752,
"cgal_convex_hull": 0.022528,
"total": 1981.17
}