{
"n": 369098752,
"size": 134,
"hull": 19,
"seed": 0,
"copy2device": 0,
"find_extremes": 1183.03,
"find_corners": 1767.49,
"find_points_in_Q": 0,
"compaction": 3639.06,
"copy2host": 0,
"filter": 6589.63,
"delete": 0,
"preparation": 0.052224,
"cgal_convex_hull": 0.016384,
"total": 6589.65
}