{
"n": 637534208,
"size": 168,
"hull": 22,
"seed": 0,
"copy2device": 0,
"find_extremes": 2099.02,
"find_corners": 3069.98,
"find_points_in_Q": 0,
"compaction": 5674.79,
"copy2host": 0,
"filter": 10843.9,
"delete": 0,
"preparation": 0.034816,
"cgal_convex_hull": 0.021504,
"total": 10843.9
}