{
"n": 402653184,
"size": 226,
"hull": 24,
"seed": 0,
"copy2device": 0,
"find_extremes": 1262.87,
"find_corners": 2076.91,
"find_points_in_Q": 0,
"compaction": 4057.22,
"copy2host": 0,
"filter": 7397.06,
"delete": 0,
"preparation": 0.100352,
"cgal_convex_hull": 0.026624,
"total": 7397.09
}