{
"n": 704643072,
"size": 200,
"hull": 35,
"seed": 0,
"copy2device": 0,
"find_extremes": 2145.67,
"find_corners": 3957.98,
"find_points_in_Q": 0,
"compaction": 9486.11,
"copy2host": 0,
"filter": 15589.8,
"delete": 0,
"preparation": 0.093184,
"cgal_convex_hull": 0.024576,
"total": 15589.8
}