{
"n": 738197504,
"size": 246,
"hull": 20,
"seed": 0,
"copy2device": 0,
"find_extremes": 2247.87,
"find_corners": 3688.15,
"find_points_in_Q": 0,
"compaction": 5936.52,
"copy2host": 0,
"filter": 11872.6,
"delete": 0,
"preparation": 0.043008,
"cgal_convex_hull": 0.031744,
"total": 11872.6
}