{
"n": 704643072,
"size": 147,
"hull": 20,
"seed": 0,
"copy2device": 0,
"find_extremes": 2275.27,
"find_corners": 3964.66,
"find_points_in_Q": 0,
"compaction": 6743.57,
"copy2host": 0,
"filter": 12983.6,
"delete": 0,
"preparation": 0.073728,
"cgal_convex_hull": 0.018432,
"total": 12983.6
}