{
"n": 536870912,
"size": 209,
"hull": 19,
"seed": 0,
"copy2device": 0,
"find_extremes": 1616.43,
"find_corners": 2750.12,
"find_points_in_Q": 0,
"compaction": 6337.46,
"copy2host": 0,
"filter": 10704.1,
"delete": 0,
"preparation": 0.094208,
"cgal_convex_hull": 0.022528,
"total": 10704.1
}