{
"n": 369098752,
"size": 142,
"hull": 21,
"seed": 0,
"copy2device": 0,
"find_extremes": 1122.82,
"find_corners": 1719.54,
"find_points_in_Q": 0,
"compaction": 2622.89,
"copy2host": 0,
"filter": 5465.33,
"delete": 0,
"preparation": 0.047104,
"cgal_convex_hull": 0.019456,
"total": 5465.35
}