{
"n": 771751936,
"size": 132,
"hull": 18,
"seed": 0,
"copy2device": 0,
"find_extremes": 2334.37,
"find_corners": 4243.06,
"find_points_in_Q": 0,
"compaction": 8644.96,
"copy2host": 0,
"filter": 15222.4,
"delete": 0,
"preparation": 0.072704,
"cgal_convex_hull": 0.021504,
"total": 15222.5
}