{
"n": 402653184,
"size": 529,
"hull": 23,
"seed": 0,
"copy2device": 0,
"find_extremes": 1298.28,
"find_corners": 2053.91,
"find_points_in_Q": 0,
"compaction": 4855.98,
"copy2host": 0,
"filter": 8208.22,
"delete": 0,
"preparation": 0.094208,
"cgal_convex_hull": 0.041984,
"total": 8208.26
}