{
"n": 671088640,
"size": 305,
"hull": 23,
"seed": 0,
"copy2device": 0,
"find_extremes": 2204.81,
"find_corners": 3613.83,
"find_points_in_Q": 0,
"compaction": 3150.32,
"copy2host": 0,
"filter": 8969.03,
"delete": 0,
"preparation": 0.059392,
"cgal_convex_hull": 0.027648,
"total": 8969.06
}