{
"n": 771751936,
"size": 348,
"hull": 16,
"seed": 0,
"copy2device": 0,
"find_extremes": 2343.17,
"find_corners": 4204.64,
"find_points_in_Q": 0,
"compaction": 6391.31,
"copy2host": 0,
"filter": 12939.2,
"delete": 0,
"preparation": 0.055296,
"cgal_convex_hull": 0.036864,
"total": 12939.2
}