{
"n": 301989888,
"size": 114,
"hull": 14,
"seed": 0,
"copy2device": 0,
"find_extremes": 975.998,
"find_corners": 1738.89,
"find_points_in_Q": 0,
"compaction": 1855.12,
"copy2host": 0,
"filter": 4570.06,
"delete": 0,
"preparation": 0.023552,
"cgal_convex_hull": 0.014336,
"total": 4570.07
}