{
"n": 134217728,
"size": 100,
"hull": 23,
"seed": 0,
"copy2device": 0,
"find_extremes": 402.407,
"find_corners": 687.066,
"find_points_in_Q": 0,
"compaction": 1224.28,
"copy2host": 0,
"filter": 2313.83,
"delete": 0,
"preparation": 0.022528,
"cgal_convex_hull": 0.016384,
"total": 2313.85
}