{
"n": 536870912,
"size": 145,
"hull": 19,
"seed": 0,
"copy2device": 0,
"find_extremes": 1624.94,
"find_corners": 2400.19,
"find_points_in_Q": 0,
"compaction": 6017.25,
"copy2host": 0,
"filter": 10042.4,
"delete": 0,
"preparation": 0.080896,
"cgal_convex_hull": 0.018432,
"total": 10042.5
}