{
"n": 402653184,
"size": 334,
"hull": 19,
"seed": 0,
"copy2device": 0,
"find_extremes": 1281.95,
"find_corners": 2070.48,
"find_points_in_Q": 0,
"compaction": 3457.33,
"copy2host": 0,
"filter": 6809.81,
"delete": 0,
"preparation": 0.090112,
"cgal_convex_hull": 0.029696,
"total": 6809.84
}