{
"n": 167772160,
"size": 152,
"hull": 21,
"seed": 0,
"copy2device": 0,
"find_extremes": 535.987,
"find_corners": 935.001,
"find_points_in_Q": 0,
"compaction": 2412.76,
"copy2host": 0,
"filter": 3883.81,
"delete": 0,
"preparation": 0.080896,
"cgal_convex_hull": 0.017408,
"total": 3883.83
}