{
"n": 436207616,
"size": 178,
"hull": 22,
"seed": 0,
"copy2device": 0,
"find_extremes": 1316.86,
"find_corners": 1960.85,
"find_points_in_Q": 0,
"compaction": 3727.56,
"copy2host": 0,
"filter": 7005.34,
"delete": 0,
"preparation": 0.034816,
"cgal_convex_hull": 0.024576,
"total": 7005.37
}