{
"n": 536870912,
"size": 126,
"hull": 19,
"seed": 0,
"copy2device": 0,
"find_extremes": 1807.81,
"find_corners": 2869.88,
"find_points_in_Q": 0,
"compaction": 6483.73,
"copy2host": 0,
"filter": 11161.5,
"delete": 0,
"preparation": 0.091136,
"cgal_convex_hull": 0.018432,
"total": 11161.5
}