{
"n": 469762048,
"size": 164,
"hull": 20,
"seed": 0,
"copy2device": 0,
"find_extremes": 1424.98,
"find_corners": 2344.57,
"find_points_in_Q": 0,
"compaction": 4478.52,
"copy2host": 0,
"filter": 8248.12,
"delete": 0,
"preparation": 0.069632,
"cgal_convex_hull": 0.021504,
"total": 8248.14
}