{
"n": 402653184,
"size": 115,
"hull": 19,
"seed": 0,
"copy2device": 0,
"find_extremes": 1251.62,
"find_corners": 1817.48,
"find_points_in_Q": 0,
"compaction": 2451.07,
"copy2host": 0,
"filter": 5520.24,
"delete": 0,
"preparation": 0.021504,
"cgal_convex_hull": 0.019456,
"total": 5520.26
}