{
"n": 201326592,
"size": 122,
"hull": 23,
"seed": 0,
"copy2device": 0,
"find_extremes": 625.656,
"find_corners": 1054.07,
"find_points_in_Q": 0,
"compaction": 2717.67,
"copy2host": 0,
"filter": 4397.45,
"delete": 0,
"preparation": 0.045056,
"cgal_convex_hull": 0.017408,
"total": 4397.47
}