{
"n": 771751936,
"size": 109,
"hull": 20,
"seed": 0,
"copy2device": 0,
"find_extremes": 2349.13,
"find_corners": 3585.64,
"find_points_in_Q": 0,
"compaction": 7284.08,
"copy2host": 0,
"filter": 13218.9,
"delete": 0,
"preparation": 0.022528,
"cgal_convex_hull": 0.013312,
"total": 13218.9
}