{
"n": 570425344,
"size": 256,
"hull": 22,
"seed": 0,
"copy2device": 0,
"find_extremes": 1735.77,
"find_corners": 2656.26,
"find_points_in_Q": 0,
"compaction": 3260.58,
"copy2host": 0,
"filter": 7652.67,
"delete": 0,
"preparation": 0.090112,
"cgal_convex_hull": 0.023552,
"total": 7652.69
}