{
"n": 603979776,
"size": 158,
"hull": 20,
"seed": 0,
"copy2device": 0,
"find_extremes": 1830.95,
"find_corners": 2646.87,
"find_points_in_Q": 0,
"compaction": 6209.97,
"copy2host": 0,
"filter": 10687.9,
"delete": 0,
"preparation": 0.038912,
"cgal_convex_hull": 0.018432,
"total": 10687.9
}