{
"n": 738197504,
"size": 199,
"hull": 28,
"seed": 0,
"copy2device": 0,
"find_extremes": 2235.69,
"find_corners": 3773.69,
"find_points_in_Q": 0,
"compaction": 8977.82,
"copy2host": 0,
"filter": 14987.3,
"delete": 0,
"preparation": 0.089088,
"cgal_convex_hull": 0.022528,
"total": 14987.3
}