{
"n": 201326592,
"size": 148,
"hull": 21,
"seed": 0,
"copy2device": 0,
"find_extremes": 676.094,
"find_corners": 922.326,
"find_points_in_Q": 0,
"compaction": 1579.71,
"copy2host": 0,
"filter": 3178.19,
"delete": 0,
"preparation": 0.031744,
"cgal_convex_hull": 0.019456,
"total": 3178.21
}