{
"n": 167772160,
"size": 132,
"hull": 21,
"seed": 0,
"copy2device": 0,
"find_extremes": 542.751,
"find_corners": 924.473,
"find_points_in_Q": 0,
"compaction": 1590.65,
"copy2host": 0,
"filter": 3057.94,
"delete": 0,
"preparation": 0.068608,
"cgal_convex_hull": 0.021504,
"total": 3057.96
}