{
"n": 738197504,
"size": 160,
"hull": 21,
"seed": 0,
"copy2device": 0,
"find_extremes": 2486.07,
"find_corners": 3924.65,
"find_points_in_Q": 0,
"compaction": 8208.62,
"copy2host": 0,
"filter": 14619.4,
"delete": 0,
"preparation": 0.096256,
"cgal_convex_hull": 0.018432,
"total": 14619.4
}