{
"n": 536870912,
"size": 285,
"hull": 19,
"seed": 0,
"copy2device": 0,
"find_extremes": 1794.49,
"find_corners": 2430.27,
"find_points_in_Q": 0,
"compaction": 7486.46,
"copy2host": 0,
"filter": 11711.3,
"delete": 0,
"preparation": 0.055296,
"cgal_convex_hull": 0.027648,
"total": 11711.3
}