{
"n": 436207616,
"size": 142,
"hull": 20,
"seed": 0,
"copy2device": 0,
"find_extremes": 1443.29,
"find_corners": 2507.51,
"find_points_in_Q": 0,
"compaction": 5731.63,
"copy2host": 0,
"filter": 9682.49,
"delete": 0,
"preparation": 0.032768,
"cgal_convex_hull": 0.021504,
"total": 9682.51
}