{
"n": 335544320,
"size": 128,
"hull": 18,
"seed": 0,
"copy2device": 0,
"find_extremes": 1092.48,
"find_corners": 1771.91,
"find_points_in_Q": 0,
"compaction": 3166.99,
"copy2host": 0,
"filter": 6031.43,
"delete": 0,
"preparation": 0.068608,
"cgal_convex_hull": 0.016384,
"total": 6031.45
}