{
"n": 201326592,
"size": 243,
"hull": 20,
"seed": 0,
"copy2device": 0,
"find_extremes": 607.772,
"find_corners": 827.644,
"find_points_in_Q": 0,
"compaction": 1807.24,
"copy2host": 0,
"filter": 3242.71,
"delete": 0,
"preparation": 0.101376,
"cgal_convex_hull": 0.028672,
"total": 3242.74
}