{
"n": 704643072,
"size": 103,
"hull": 25,
"seed": 0,
"copy2device": 0,
"find_extremes": 2359.37,
"find_corners": 3348.39,
"find_points_in_Q": 0,
"compaction": 9587.53,
"copy2host": 0,
"filter": 15295.4,
"delete": 0,
"preparation": 0.024576,
"cgal_convex_hull": 0.017408,
"total": 15295.4
}