{
"n": 771751936,
"size": 143,
"hull": 21,
"seed": 0,
"copy2device": 0,
"find_extremes": 2527.33,
"find_corners": 4408.46,
"find_points_in_Q": 0,
"compaction": 5582.49,
"copy2host": 0,
"filter": 12518.3,
"delete": 0,
"preparation": 0.031744,
"cgal_convex_hull": 0.021504,
"total": 12518.4
}