{
"n": 134217728,
"size": 182,
"hull": 24,
"seed": 0,
"copy2device": 0,
"find_extremes": 407.443,
"find_corners": 553.712,
"find_points_in_Q": 0,
"compaction": 1633.36,
"copy2host": 0,
"filter": 2594.57,
"delete": 0,
"preparation": 0.041984,
"cgal_convex_hull": 0.021504,
"total": 2594.59
}