{
"n": 301989888,
"size": 115,
"hull": 26,
"seed": 0,
"copy2device": 0,
"find_extremes": 904.971,
"find_corners": 1346.53,
"find_points_in_Q": 0,
"compaction": 3147.65,
"copy2host": 0,
"filter": 5399.22,
"delete": 0,
"preparation": 0.064512,
"cgal_convex_hull": 0.017408,
"total": 5399.24
}