{
"n": 469762048,
"size": 235,
"hull": 22,
"seed": 0,
"copy2device": 0,
"find_extremes": 1447.57,
"find_corners": 1990.42,
"find_points_in_Q": 0,
"compaction": 3323.42,
"copy2host": 0,
"filter": 6761.47,
"delete": 0,
"preparation": 0.074752,
"cgal_convex_hull": 0.024576,
"total": 6761.49
}