{
"n": 234881024,
"size": 119,
"hull": 24,
"seed": 0,
"copy2device": 0,
"find_extremes": 710.601,
"find_corners": 1327.86,
"find_points_in_Q": 0,
"compaction": 3007.45,
"copy2host": 0,
"filter": 5045.97,
"delete": 0,
"preparation": 0.034816,
"cgal_convex_hull": 0.018432,
"total": 5045.99
}