{
"n": 301989888,
"size": 211,
"hull": 17,
"seed": 0,
"copy2device": 0,
"find_extremes": 983.024,
"find_corners": 1349.67,
"find_points_in_Q": 0,
"compaction": 4270.07,
"copy2host": 0,
"filter": 6602.82,
"delete": 0,
"preparation": 0.118784,
"cgal_convex_hull": 0.021504,
"total": 6602.84
}