{
"n": 469762048,
"size": 161,
"hull": 20,
"seed": 0,
"copy2device": 0,
"find_extremes": 1424.84,
"find_corners": 2446.94,
"find_points_in_Q": 0,
"compaction": 3133.13,
"copy2host": 0,
"filter": 7004.96,
"delete": 0,
"preparation": 0.062464,
"cgal_convex_hull": 0.018432,
"total": 7004.98
}