{
"n": 771751936,
"size": 171,
"hull": 19,
"seed": 0,
"copy2device": 0,
"find_extremes": 2456.63,
"find_corners": 4309.94,
"find_points_in_Q": 0,
"compaction": 8444.77,
"copy2host": 0,
"filter": 15211.4,
"delete": 0,
"preparation": 0.036864,
"cgal_convex_hull": 0.022528,
"total": 15211.4
}