{
"n": 503316480,
"size": 35264,
"hull": 45,
"seed": 0,
"copy2device": 707.811,
"find_extremes": 11.3106,
"find_corners": 49.3336,
"find_points_in_Q": 9.86259,
"compaction": 7.09117,
"copy2host": 575.191,
"delete": 0,
"preparation": 9.25741,
"cgal_convex_hull": 3.70259,
"total": 656.491
}