{
"n": 33554432,
"size": 34,
"hull": 19,
"seed": 0,
"copy2device": 39.0225,
"find_extremes": 0.514752,
"find_corners": 2.53706,
"find_points_in_Q": 1.00189,
"compaction": 0.329792,
"copy2host": 0.013184,
"filter": 4.43782,
"delete": 0,
"preparation": 0.007008,
"cgal_convex_hull": 0.010176,
"total": 4.448
}