{
"n": 603979776,
"size": 87,
"hull": 22,
"seed": 0,
"copy2device": 723.243,
"find_extremes": 6.87923,
"find_corners": 37.1355,
"find_points_in_Q": 12.2831,
"compaction": 5.78778,
"copy2host": 0.015328,
"filter": 62.1455,
"delete": 0,
"preparation": 0.018464,
"cgal_convex_hull": 0.013696,
"total": 62.1592
}