{
"n": 738197504,
"size": 90,
"hull": 19,
"seed": 0,
"copy2device": 870.753,
"find_extremes": 8.39933,
"find_corners": 46.2899,
"find_points_in_Q": 17.7524,
"compaction": 6.99491,
"copy2host": 0.016704,
"filter": 79.4982,
"delete": 0,
"preparation": 0.020576,
"cgal_convex_hull": 0.014944,
"total": 79.5132
}