{
"n": 570425344,
"size": 25710,
"hull": 42,
"seed": 0,
"copy2device": 793.236,
"find_extremes": 14.6956,
"find_corners": 56.5752,
"find_points_in_Q": 11.1746,
"compaction": 8.01248,
"copy2host": 930.33,
"delete": 0,
"preparation": 4.75302,
"cgal_convex_hull": 2.68394,
"total": 1023.47
}