{
"n": 503316480,
"size": 25508,
"hull": 41,
"seed": 0,
"copy2device": 758.664,
"find_extremes": 11.2952,
"find_corners": 49.3524,
"find_points_in_Q": 9.88186,
"compaction": 7.08374,
"copy2host": 576.123,
"delete": 0,
"preparation": 6.65802,
"cgal_convex_hull": 2.67709,
"total": 656.414
}