{
"n": 67108864,
"size": 8883,
"hull": 43,
"seed": 0,
"copy2device": 41.4903,
"find_extremes": 1.53254,
"find_corners": 6.65242,
"find_points_in_Q": 1.41088,
"compaction": 0.990496,
"copy2host": 74.8313,
"delete": 0,
"preparation": 0.246112,
"cgal_convex_hull": 0.842464,
"total": 86.2601
}