{
"n": 369098752,
"size": 114,
"hull": 22,
"seed": 0,
"copy2device": 423.286,
"find_extremes": 4.2369,
"find_corners": 22.4324,
"find_points_in_Q": 6.9151,
"compaction": 3.60365,
"copy2host": 0.01536,
"filter": 37.2479,
"delete": 0,
"preparation": 0.021952,
"cgal_convex_hull": 0.016704,
"total": 37.2646
}