{
"n": 167772160,
"size": 18065,
"hull": 45,
"seed": 0,
"copy2device": 186.777,
"find_extremes": 3.74362,
"find_corners": 16.5973,
"find_points_in_Q": 3.4849,
"compaction": 2.37914,
"copy2host": 191.352,
"delete": 0,
"preparation": 7.8783,
"cgal_convex_hull": 1.82397,
"total": 219.381
}