{
"n": 369098752,
"size": 13812,
"hull": 46,
"seed": 0,
"copy2device": 414.157,
"find_extremes": 8.24454,
"find_corners": 36.5266,
"find_points_in_Q": 7.37002,
"compaction": 5.18963,
"copy2host": 431.229,
"delete": 0,
"preparation": 6.2336,
"cgal_convex_hull": 1.37872,
"total": 489.939
}