{
"n": 838860800,
"size": 177,
"hull": 22,
"seed": 0,
"copy2device": 677.749,
"find_extremes": 19.0096,
"find_corners": 81.9901,
"find_points_in_Q": 16.472,
"compaction": 11.7471,
"copy2host": 870.994,
"delete": 0,
"preparation": 0.036096,
"cgal_convex_hull": 0.021056,
"total": 1000.23
}