{
"n": 234881024,
"size": 208,
"hull": 21,
"seed": 0,
"copy2device": 305.569,
"find_extremes": 2.75139,
"find_corners": 16.0478,
"find_points_in_Q": 28.9304,
"compaction": 6.76522,
"copy2host": 0.01568,
"filter": 54.5534,
"delete": 0,
"preparation": 0.037024,
"cgal_convex_hull": 0.023872,
"total": 54.5773
}