{
"n": 369098752,
"size": 993,
"hull": 21,
"seed": 0,
"copy2device": 423.674,
"find_extremes": 4.2401,
"find_corners": 22.4029,
"find_points_in_Q": 7.64624,
"compaction": 3.55203,
"copy2host": 0.017184,
"filter": 37.9013,
"delete": 0,
"preparation": 0.138752,
"cgal_convex_hull": 0.077312,
"total": 37.9786
}