{
"n": 671088640,
"size": 67,
"hull": 19,
"seed": 0,
"copy2device": 799.489,
"find_extremes": 7.64355,
"find_corners": 41.2214,
"find_points_in_Q": 15.3793,
"compaction": 6.31536,
"copy2host": 0.016288,
"filter": 70.6245,
"delete": 0,
"preparation": 0.015936,
"cgal_convex_hull": 0.013152,
"total": 70.6376
}