{
"n": 436207616,
"size": 286,
"hull": 21,
"seed": 0,
"copy2device": 489.006,
"find_extremes": 5.05443,
"find_corners": 30.262,
"find_points_in_Q": 7.73318,
"compaction": 4.18093,
"copy2host": 0.01616,
"filter": 47.2903,
"delete": 0,
"preparation": 0.044864,
"cgal_convex_hull": 0.028384,
"total": 47.3187
}