{
"n": 167772160,
"size": 125,
"hull": 19,
"seed": 0,
"copy2device": 109.118,
"find_extremes": 3.74384,
"find_corners": 16.5124,
"find_points_in_Q": 3.47005,
"compaction": 2.38922,
"copy2host": 213.4,
"delete": 0,
"preparation": 0.012128,
"cgal_convex_hull": 0.015232,
"total": 239.531
}