{
"n": 704643072,
"size": 42759,
"hull": 38,
"seed": 0,
"copy2device": 867.08,
"find_extremes": 15.8963,
"find_corners": 68.2104,
"find_points_in_Q": 13.7473,
"compaction": 9.82192,
"copy2host": 803.456,
"delete": 0,
"preparation": 12.9276,
"cgal_convex_hull": 4.43718,
"total": 915.57
}