{
"n": 469762048,
"size": 223,
"hull": 21,
"seed": 0,
"copy2device": 526.441,
"find_extremes": 5.37162,
"find_corners": 30.5105,
"find_points_in_Q": 11.6118,
"compaction": 4.48867,
"copy2host": 0.015584,
"filter": 52.0415,
"delete": 0,
"preparation": 0.038144,
"cgal_convex_hull": 0.025632,
"total": 52.0672
}