{
"n": 268435456,
"size": 318,
"hull": 19,
"seed": 0,
"copy2device": 180.93,
"find_extremes": 5.97626,
"find_corners": 26.0817,
"find_points_in_Q": 5.43402,
"compaction": 3.80384,
"copy2host": 319.284,
"delete": 0,
"preparation": 0.024224,
"cgal_convex_hull": 0.026688,
"total": 360.607
}