{
"n": 905969664,
"size": 51,
"hull": 19,
"seed": 0,
"copy2device": 789.898,
"find_extremes": 20.5643,
"find_corners": 88.2203,
"find_points_in_Q": 17.5736,
"compaction": 12.6523,
"copy2host": 947.177,
"delete": 0,
"preparation": 0.014944,
"cgal_convex_hull": 0.011616,
"total": 1086.2
}