{
"n": 436207616,
"size": 155,
"hull": 19,
"seed": 0,
"copy2device": 502.034,
"find_extremes": 4.98851,
"find_corners": 26.4958,
"find_points_in_Q": 8.00762,
"compaction": 4.18915,
"copy2host": 0.015392,
"filter": 43.7414,
"delete": 0,
"preparation": 0.02736,
"cgal_convex_hull": 0.018784,
"total": 43.7602
}