{
"n": 67108864,
"size": 1075,
"hull": 22,
"seed": 0,
"copy2device": 41.4725,
"find_extremes": 1.53046,
"find_corners": 6.66723,
"find_points_in_Q": 1.42013,
"compaction": 0.977888,
"copy2host": 85.9997,
"delete": 0,
"preparation": 0.05568,
"cgal_convex_hull": 0.064224,
"total": 96.6596
}