{
"n": 67108864,
"size": 184,
"hull": 15,
"seed": 0,
"copy2device": 63.7845,
"find_extremes": 0.884384,
"find_corners": 15.949,
"find_points_in_Q": 2.85824,
"compaction": 0.783424,
"copy2host": 0.01616,
"filter": 20.5318,
"delete": 0,
"preparation": 0.04384,
"cgal_convex_hull": 0.020064,
"total": 20.5519
}