{
"n": 335544320,
"size": 143,
"hull": 26,
"seed": 0,
"copy2device": 473.572,
"find_extremes": 3.86778,
"find_corners": 20.4194,
"find_points_in_Q": 6.28342,
"compaction": 3.26314,
"copy2host": 0.01552,
"filter": 33.8928,
"delete": 0,
"preparation": 0.027328,
"cgal_convex_hull": 0.01824,
"total": 33.9111
}