{
"n": 369098752,
"size": 90,
"hull": 20,
"seed": 0,
"copy2device": 425.345,
"find_extremes": 4.24202,
"find_corners": 24.5448,
"find_points_in_Q": 7.12077,
"compaction": 3.64822,
"copy2host": 0.016896,
"filter": 39.616,
"delete": 0,
"preparation": 0.019936,
"cgal_convex_hull": 0.014304,
"total": 39.6303
}