{
"n": 838860800,
"size": 148,
"hull": 22,
"seed": 0,
"copy2device": 687.99,
"find_extremes": 19.0144,
"find_corners": 81.6135,
"find_points_in_Q": 16.4571,
"compaction": 11.7435,
"copy2host": 890.368,
"delete": 0,
"preparation": 0.035904,
"cgal_convex_hull": 0.017056,
"total": 1019.21
}