{
"n": 301989888,
"size": 147,
"hull": 26,
"seed": 0,
"copy2device": 340.704,
"find_extremes": 3.49578,
"find_corners": 20.29,
"find_points_in_Q": 5.66618,
"compaction": 2.93203,
"copy2host": 0.015584,
"filter": 32.4447,
"delete": 0,
"preparation": 0.026144,
"cgal_convex_hull": 0.018304,
"total": 32.463
}