{
"n": 704643072,
"size": 97,
"hull": 22,
"seed": 0,
"copy2device": 800.114,
"find_extremes": 8.01453,
"find_corners": 43.6743,
"find_points_in_Q": 12.7127,
"compaction": 6.67866,
"copy2host": 0.016032,
"filter": 71.1418,
"delete": 0,
"preparation": 0.021472,
"cgal_convex_hull": 0.016992,
"total": 71.1588
}