{
"n": 402653184,
"size": 144,
"hull": 23,
"seed": 0,
"copy2device": 311.093,
"find_extremes": 9.00944,
"find_corners": 39.6418,
"find_points_in_Q": 8.1456,
"compaction": 5.68272,
"copy2host": 507.669,
"delete": 0,
"preparation": 0.038848,
"cgal_convex_hull": 0.018848,
"total": 570.168
}