{
"n": 100663296,
"size": 80,
"hull": 19,
"seed": 0,
"copy2device": 113.175,
"find_extremes": 1.25082,
"find_corners": 7.98307,
"find_points_in_Q": 3.43318,
"compaction": 0.951072,
"copy2host": 0.014112,
"filter": 13.6735,
"delete": 0,
"preparation": 0.014272,
"cgal_convex_hull": 0.013376,
"total": 13.6869
}