{
"n": 100663296,
"size": 84,
"hull": 20,
"seed": 0,
"copy2device": 63.3007,
"find_extremes": 2.26499,
"find_corners": 9.96512,
"find_points_in_Q": 2.10941,
"compaction": 1.39219,
"copy2host": 133.407,
"delete": 0,
"preparation": 0.013056,
"cgal_convex_hull": 0.015552,
"total": 149.154
}