{
"n": 134217728,
"size": 21473,
"hull": 47,
"seed": 0,
"copy2device": 147.745,
"find_extremes": 2.99632,
"find_corners": 13.2557,
"find_points_in_Q": 2.80288,
"compaction": 1.9008,
"copy2host": 137.311,
"delete": 0,
"preparation": 2.01939,
"cgal_convex_hull": 2.14435,
"total": 160.411
}