{
"n": 167772160,
"size": 114,
"hull": 23,
"seed": 0,
"copy2device": 195.227,
"find_extremes": 1.99626,
"find_corners": 11.9702,
"find_points_in_Q": 5.67414,
"compaction": 7.91194,
"copy2host": 0.015904,
"filter": 27.6112,
"delete": 0,
"preparation": 0.020384,
"cgal_convex_hull": 0.016704,
"total": 27.6279
}