{
"n": 167772160,
"size": 80,
"hull": 18,
"seed": 0,
"copy2device": 194.451,
"find_extremes": 1.9975,
"find_corners": 16.8638,
"find_points_in_Q": 10.9237,
"compaction": 1.7153,
"copy2host": 0.015328,
"filter": 31.5597,
"delete": 0,
"preparation": 0.015584,
"cgal_convex_hull": 0.01536,
"total": 31.575
}