{
"n": 805306368,
"size": 107,
"hull": 23,
"seed": 0,
"copy2device": 667.565,
"find_extremes": 18.2202,
"find_corners": 79.665,
"find_points_in_Q": 16.0268,
"compaction": 11.3146,
"copy2host": 831.329,
"delete": 0,
"preparation": 0.025952,
"cgal_convex_hull": 0.01488,
"total": 956.57
}