{
"n": 167772160,
"size": 12488,
"hull": 35,
"seed": 0,
"copy2device": 189.95,
"find_extremes": 3.73702,
"find_corners": 16.6677,
"find_points_in_Q": 3.51363,
"compaction": 2.37286,
"copy2host": 188.65,
"delete": 0,
"preparation": 5.6816,
"cgal_convex_hull": 1.2176,
"total": 216.159
}