{
"n": 570425344,
"size": 103,
"hull": 20,
"seed": 0,
"copy2device": 629.973,
"find_extremes": 6.50038,
"find_corners": 34.4997,
"find_points_in_Q": 10.5574,
"compaction": 5.42845,
"copy2host": 0.015104,
"filter": 57.0455,
"delete": 0,
"preparation": 0.018944,
"cgal_convex_hull": 0.017312,
"total": 57.0628
}