{
"n": 100663296,
"size": 52,
"hull": 19,
"seed": 0,
"copy2device": 114.622,
"find_extremes": 1.24938,
"find_corners": 6.49178,
"find_points_in_Q": 2.11098,
"compaction": 0.945728,
"copy2host": 0.013696,
"filter": 10.8542,
"delete": 0,
"preparation": 0.010016,
"cgal_convex_hull": 0.011968,
"total": 10.8662
}