{
"n": 671088640,
"size": 120,
"hull": 20,
"seed": 0,
"copy2device": 760.873,
"find_extremes": 7.6344,
"find_corners": 40.4793,
"find_points_in_Q": 11.8661,
"compaction": 6.33338,
"copy2host": 0.01568,
"filter": 66.3748,
"delete": 0,
"preparation": 0.023552,
"cgal_convex_hull": 0.015136,
"total": 66.3899
}