{
"n": 67108864,
"size": 158,
"hull": 20,
"seed": 0,
"copy2device": 77.693,
"find_extremes": 0.886688,
"find_corners": 5.98925,
"find_points_in_Q": 13.8575,
"compaction": 2.85318,
"copy2host": 0.016576,
"filter": 23.6448,
"delete": 0,
"preparation": 0.050432,
"cgal_convex_hull": 0.018752,
"total": 23.6636
}