{
"n": 201326592,
"size": 248,
"hull": 29,
"seed": 0,
"copy2device": 228.22,
"find_extremes": 2.36534,
"find_corners": 16.3026,
"find_points_in_Q": 3.94147,
"compaction": 2.02026,
"copy2host": 0.015872,
"filter": 24.6877,
"delete": 0,
"preparation": 0.0368,
"cgal_convex_hull": 0.02704,
"total": 24.7147
}