{
"n": 536870912,
"size": 93,
"hull": 21,
"seed": 0,
"copy2device": 621.925,
"find_extremes": 6.12022,
"find_corners": 33.7592,
"find_points_in_Q": 9.73056,
"compaction": 6.20688,
"copy2host": 0.014656,
"filter": 55.877,
"delete": 0,
"preparation": 0.018912,
"cgal_convex_hull": 0.014976,
"total": 55.8919
}