{
"n": 100663296,
"size": 41,
"hull": 18,
"seed": 0,
"copy2device": 63.258,
"find_extremes": 2.26403,
"find_corners": 9.92214,
"find_points_in_Q": 2.09155,
"compaction": 1.38989,
"copy2host": 127.684,
"delete": 0,
"preparation": 0.006496,
"cgal_convex_hull": 0.009792,
"total": 143.361
}