{
"n": 100663296,
"size": 12045,
"hull": 44,
"seed": 0,
"copy2device": 71.0743,
"find_extremes": 2.27658,
"find_corners": 9.94211,
"find_points_in_Q": 2.08963,
"compaction": 1.39226,
"copy2host": 104.962,
"delete": 0,
"preparation": 3.86275,
"cgal_convex_hull": 1.09558,
"total": 121.758
}