{
"n": 167772160,
"size": 277,
"hull": 19,
"seed": 0,
"copy2device": 186.602,
"find_extremes": 1.99901,
"find_corners": 12.1443,
"find_points_in_Q": 3.37386,
"compaction": 1.70291,
"copy2host": 0.016128,
"filter": 19.2787,
"delete": 0,
"preparation": 0.04016,
"cgal_convex_hull": 0.02544,
"total": 19.3041
}