{
"n": 134217728,
"size": 75,
"hull": 21,
"seed": 0,
"copy2device": 152.555,
"find_extremes": 1.61958,
"find_corners": 11.6075,
"find_points_in_Q": 11.3418,
"compaction": 1.40394,
"copy2host": 0.014912,
"filter": 26.0309,
"delete": 0,
"preparation": 0.015008,
"cgal_convex_hull": 0.013824,
"total": 26.0448
}