{
"n": 201326592,
"size": 63,
"hull": 16,
"seed": 0,
"copy2device": 204.434,
"find_extremes": 2.3776,
"find_corners": 12.073,
"find_points_in_Q": 3.92938,
"compaction": 2.00282,
"copy2host": 0.01536,
"filter": 20.4414,
"delete": 0,
"preparation": 0.013312,
"cgal_convex_hull": 0.013216,
"total": 20.4546
}