{
"n": 301989888,
"size": 71,
"hull": 21,
"seed": 0,
"copy2device": 339.841,
"find_extremes": 3.49773,
"find_corners": 18.6524,
"find_points_in_Q": 5.68141,
"compaction": 2.96323,
"copy2host": 0.0168,
"filter": 30.8546,
"delete": 0,
"preparation": 0.015264,
"cgal_convex_hull": 0.012416,
"total": 30.867
}