{
"n": 100663296,
"size": 132,
"hull": 18,
"seed": 0,
"copy2device": 119.434,
"find_extremes": 1.25475,
"find_corners": 10.2911,
"find_points_in_Q": 2.18739,
"compaction": 0.94464,
"copy2host": 0.01392,
"filter": 14.7347,
"delete": 0,
"preparation": 0.022112,
"cgal_convex_hull": 0.017312,
"total": 14.752
}