{
"n": 201326592,
"size": 47,
"hull": 18,
"seed": 0,
"copy2device": 229.102,
"find_extremes": 2.36406,
"find_corners": 13.9357,
"find_points_in_Q": 4.98509,
"compaction": 2.02656,
"copy2host": 0.01552,
"filter": 23.3721,
"delete": 0,
"preparation": 0.010816,
"cgal_convex_hull": 0.011264,
"total": 23.3833
}