{
"n": 201326592,
"size": 71,
"hull": 21,
"seed": 0,
"copy2device": 221.097,
"find_extremes": 2.36928,
"find_corners": 12.4999,
"find_points_in_Q": 3.87251,
"compaction": 2.02355,
"copy2host": 0.0152,
"filter": 20.8244,
"delete": 0,
"preparation": 0.013952,
"cgal_convex_hull": 0.012256,
"total": 20.8367
}