{
"n": 402653184,
"size": 161,
"hull": 19,
"seed": 0,
"copy2device": 481.433,
"find_extremes": 4.63376,
"find_corners": 27.8238,
"find_points_in_Q": 9.98656,
"compaction": 4.1808,
"copy2host": 0.017056,
"filter": 46.6891,
"delete": 0,
"preparation": 0.028608,
"cgal_convex_hull": 0.021216,
"total": 46.7103
}