{
"n": 201326592,
"size": 124,
"hull": 24,
"seed": 0,
"copy2device": 217.737,
"find_extremes": 2.37866,
"find_corners": 13.2657,
"find_points_in_Q": 6.50749,
"compaction": 2.03293,
"copy2host": 0.015424,
"filter": 24.2431,
"delete": 0,
"preparation": 0.02208,
"cgal_convex_hull": 0.016352,
"total": 24.2595
}