{
"n": 234881024,
"size": 26505,
"hull": 38,
"seed": 0,
"copy2device": 286.224,
"find_extremes": 5.2504,
"find_corners": 23.2604,
"find_points_in_Q": 4.81341,
"compaction": 3.3433,
"copy2host": 287.75,
"delete": 0,
"preparation": 6.17914,
"cgal_convex_hull": 2.85814,
"total": 327.276
}