{
"n": 67108864,
"size": 96,
"hull": 17,
"seed": 0,
"copy2device": 78.2729,
"find_extremes": 0.88448,
"find_corners": 4.62976,
"find_points_in_Q": 2.26243,
"compaction": 4.15994,
"copy2host": 0.01648,
"filter": 11.9921,
"delete": 0,
"preparation": 0.031232,
"cgal_convex_hull": 0.016128,
"total": 12.0082
}