{
"n": 134217728,
"size": 218,
"hull": 21,
"seed": 0,
"copy2device": 151.347,
"find_extremes": 1.6256,
"find_corners": 8.95309,
"find_points_in_Q": 2.7425,
"compaction": 3.73763,
"copy2host": 0.014368,
"filter": 17.1171,
"delete": 0,
"preparation": 0.03296,
"cgal_convex_hull": 0.0224,
"total": 17.1395
}