{
"n": 637534208,
"size": 62,
"hull": 17,
"seed": 0,
"copy2device": 750.021,
"find_extremes": 7.28317,
"find_corners": 43.6285,
"find_points_in_Q": 11.5259,
"compaction": 6.07862,
"copy2host": 0.015712,
"filter": 68.5774,
"delete": 0,
"preparation": 0.015712,
"cgal_convex_hull": 0.012928,
"total": 68.5904
}