{
"n": 201326592,
"size": 20210,
"hull": 43,
"seed": 0,
"copy2device": 235.478,
"find_extremes": 4.48694,
"find_corners": 19.9885,
"find_points_in_Q": 4.15971,
"compaction": 2.83728,
"copy2host": 213.427,
"delete": 0,
"preparation": 7.2895,
"cgal_convex_hull": 2.03232,
"total": 246.932
}