{
"n": 1073741824,
"size": 932,
"hull": 20,
"seed": 0,
"copy2device": 938.733,
"find_extremes": 24.4209,
"find_corners": 104.913,
"find_points_in_Q": 20.8435,
"compaction": 15.0265,
"copy2host": 1237.58,
"delete": 0,
"preparation": 0.158016,
"cgal_convex_hull": 0.062688,
"total": 1402.85
}