{
"n": 671088640,
"size": 317,
"hull": 19,
"seed": 0,
"copy2device": 534.071,
"find_extremes": 15.1199,
"find_corners": 65.1557,
"find_points_in_Q": 13.169,
"compaction": 9.42243,
"copy2host": 725.534,
"delete": 0,
"preparation": 0.045728,
"cgal_convex_hull": 0.026656,
"total": 828.427
}