{
"n": 100663296,
"size": 53,
"hull": 17,
"seed": 0,
"copy2device": 114.628,
"find_extremes": 1.25587,
"find_corners": 7.88899,
"find_points_in_Q": 5.2281,
"compaction": 0.949888,
"copy2host": 0.013696,
"filter": 15.3798,
"delete": 0,
"preparation": 0.011552,
"cgal_convex_hull": 0.012032,
"total": 15.3919
}