{
"n": 234881024,
"size": 20274,
"hull": 36,
"seed": 0,
"copy2device": 300.352,
"find_extremes": 5.24627,
"find_corners": 23.1936,
"find_points_in_Q": 4.89219,
"compaction": 3.30528,
"copy2host": 296.933,
"delete": 0,
"preparation": 6.40918,
"cgal_convex_hull": 2.07206,
"total": 335.643
}