{
"n": 637534208,
"size": 43,
"hull": 17,
"seed": 0,
"copy2device": 761.682,
"find_extremes": 7.26733,
"find_corners": 39.3186,
"find_points_in_Q": 11.4756,
"compaction": 5.99603,
"copy2host": 0.015232,
"filter": 64.1173,
"delete": 0,
"preparation": 0.012448,
"cgal_convex_hull": 0.010976,
"total": 64.1283
}