{
"n": 134217728,
"size": 76,
"hull": 22,
"seed": 0,
"copy2device": 152.406,
"find_extremes": 1.62192,
"find_corners": 9.90371,
"find_points_in_Q": 2.87722,
"compaction": 3.8656,
"copy2host": 0.014176,
"filter": 18.3247,
"delete": 0,
"preparation": 0.013536,
"cgal_convex_hull": 0.013248,
"total": 18.338
}