{
"n": 872415232,
"size": 142,
"hull": 22,
"seed": 0,
"copy2device": 712.229,
"find_extremes": 20.6581,
"find_corners": 85.1963,
"find_points_in_Q": 17.1587,
"compaction": 12.236,
"copy2host": 939.057,
"delete": 0,
"preparation": 0.036064,
"cgal_convex_hull": 0.017248,
"total": 1074.32
}