{
"n": 503316480,
"size": 179,
"hull": 22,
"seed": 0,
"copy2device": 567.427,
"find_extremes": 5.74179,
"find_corners": 32.1587,
"find_points_in_Q": 11.6918,
"compaction": 4.88499,
"copy2host": 0.015744,
"filter": 54.5381,
"delete": 0,
"preparation": 0.032448,
"cgal_convex_hull": 0.020576,
"total": 54.5587
}