{
"n": 603979776,
"size": 165,
"hull": 25,
"seed": 0,
"copy2device": 721.93,
"find_extremes": 6.88048,
"find_corners": 39.151,
"find_points_in_Q": 20.4622,
"compaction": 9.33469,
"copy2host": 0.015616,
"filter": 75.8912,
"delete": 0,
"preparation": 0.040288,
"cgal_convex_hull": 0.019744,
"total": 75.9109
}