{
"n": 436207616,
"size": 190,
"hull": 15,
"seed": 0,
"copy2device": 530.375,
"find_extremes": 4.99075,
"find_corners": 26.7082,
"find_points_in_Q": 11.3874,
"compaction": 4.29411,
"copy2host": 0.015616,
"filter": 47.4383,
"delete": 0,
"preparation": 0.033792,
"cgal_convex_hull": 0.023808,
"total": 47.4621
}