{
"n": 100663296,
"size": 140,
"hull": 22,
"seed": 0,
"copy2device": 62.2687,
"find_extremes": 2.26806,
"find_corners": 9.95606,
"find_points_in_Q": 2.09539,
"compaction": 1.39085,
"copy2host": 126.048,
"delete": 0,
"preparation": 0.012768,
"cgal_convex_hull": 0.015968,
"total": 141.774
}