{
"n": 436207616,
"size": 62,
"hull": 18,
"seed": 0,
"copy2device": 512.391,
"find_extremes": 5.00192,
"find_corners": 26.5016,
"find_points_in_Q": 20.4045,
"compaction": 4.77082,
"copy2host": 0.01632,
"filter": 56.7407,
"delete": 0,
"preparation": 0.015712,
"cgal_convex_hull": 0.01296,
"total": 56.7537
}