{
"n": 201326592,
"size": 78,
"hull": 17,
"seed": 0,
"copy2device": 134.111,
"find_extremes": 4.48333,
"find_corners": 19.9218,
"find_points_in_Q": 4.15133,
"compaction": 2.84122,
"copy2host": 233.955,
"delete": 0,
"preparation": 0.008832,
"cgal_convex_hull": 0.012896,
"total": 265.366
}