{
"n": 369098752,
"size": 155,
"hull": 22,
"seed": 0,
"copy2device": 410.387,
"find_extremes": 4.23795,
"find_corners": 24.9617,
"find_points_in_Q": 8.15315,
"compaction": 3.56138,
"copy2host": 0.015072,
"filter": 40.9733,
"delete": 0,
"preparation": 0.02576,
"cgal_convex_hull": 0.018144,
"total": 40.9915
}