{
"n": 100663296,
"size": 604,
"hull": 20,
"seed": 0,
"copy2device": 114.904,
"find_extremes": 1.2559,
"find_corners": 6.4983,
"find_points_in_Q": 2.16826,
"compaction": 0.950528,
"copy2host": 0.013888,
"filter": 10.9294,
"delete": 0,
"preparation": 0.07968,
"cgal_convex_hull": 0.048352,
"total": 10.9778
}