{
"n": 335544320,
"size": 499,
"hull": 19,
"seed": 0,
"copy2device": 417.659,
"find_extremes": 3.86365,
"find_corners": 24.596,
"find_points_in_Q": 7.92304,
"compaction": 3.24467,
"copy2host": 0.015584,
"filter": 39.6864,
"delete": 0,
"preparation": 0.0768,
"cgal_convex_hull": 0.040544,
"total": 39.7269
}