{
"n": 268435456,
"size": 271,
"hull": 19,
"seed": 0,
"copy2device": 295.869,
"find_extremes": 3.11779,
"find_corners": 18.0928,
"find_points_in_Q": 15.0764,
"compaction": 4.96346,
"copy2host": 0.015488,
"filter": 41.3112,
"delete": 0,
"preparation": 0.04064,
"cgal_convex_hull": 0.027232,
"total": 41.3385
}