{
"n": 335544320,
"size": 130,
"hull": 21,
"seed": 0,
"copy2device": 407.643,
"find_extremes": 3.85872,
"find_corners": 20.914,
"find_points_in_Q": 6.26531,
"compaction": 3.26643,
"copy2host": 0.015648,
"filter": 34.365,
"delete": 0,
"preparation": 0.027008,
"cgal_convex_hull": 0.017504,
"total": 34.3825
}