{
"n": 33554432,
"size": 122,
"hull": 16,
"seed": 0,
"copy2device": 39.208,
"find_extremes": 0.505856,
"find_corners": 2.46915,
"find_points_in_Q": 2.5751,
"compaction": 0.33136,
"copy2host": 0.013824,
"filter": 5.93488,
"delete": 0,
"preparation": 0.019296,
"cgal_convex_hull": 0.016416,
"total": 5.9513
}