{
"n": 301989888,
"size": 228,
"hull": 24,
"seed": 0,
"copy2device": 340.623,
"find_extremes": 3.49766,
"find_corners": 21.1405,
"find_points_in_Q": 8.4351,
"compaction": 2.94547,
"copy2host": 0.015136,
"filter": 36.0799,
"delete": 0,
"preparation": 0.036288,
"cgal_convex_hull": 0.025344,
"total": 36.1053
}