{
"n": 33554432,
"size": 412,
"hull": 19,
"seed": 0,
"copy2device": 39.4634,
"find_extremes": 0.514592,
"find_corners": 2.48378,
"find_points_in_Q": 3.69888,
"compaction": 0.338592,
"copy2host": 0.014848,
"filter": 7.09027,
"delete": 0,
"preparation": 0.049632,
"cgal_convex_hull": 0.036192,
"total": 7.12646
}