{
"n": 402653184,
"size": 284,
"hull": 21,
"seed": 0,
"copy2device": 449.347,
"find_extremes": 4.6129,
"find_corners": 24.7515,
"find_points_in_Q": 8.40848,
"compaction": 3.8969,
"copy2host": 0.016352,
"filter": 41.7292,
"delete": 0,
"preparation": 0.045632,
"cgal_convex_hull": 0.027104,
"total": 41.7564
}