{
"n": 805306368,
"size": 553,
"hull": 24,
"seed": 0,
"copy2device": 714.808,
"find_extremes": 18.226,
"find_corners": 79.4008,
"find_points_in_Q": 16.0097,
"compaction": 11.3164,
"copy2host": 847.637,
"delete": 0,
"preparation": 0.101664,
"cgal_convex_hull": 0.041984,
"total": 972.631
}