{
"n": 570425344,
"size": 69,
"hull": 19,
"seed": 0,
"copy2device": 667.085,
"find_extremes": 6.49853,
"find_corners": 36.4,
"find_points_in_Q": 10.3927,
"compaction": 6.55981,
"copy2host": 0.015424,
"filter": 59.9116,
"delete": 0,
"preparation": 0.016032,
"cgal_convex_hull": 0.012032,
"total": 59.9237
}