{
"n": 167772160,
"size": 241,
"hull": 20,
"seed": 0,
"copy2device": 109.115,
"find_extremes": 3.73933,
"find_corners": 16.6364,
"find_points_in_Q": 3.4881,
"compaction": 2.37686,
"copy2host": 211.973,
"delete": 0,
"preparation": 0.017792,
"cgal_convex_hull": 0.022176,
"total": 238.236
}