{
"n": 436207616,
"size": 136,
"hull": 22,
"seed": 0,
"copy2device": 336.939,
"find_extremes": 9.7824,
"find_corners": 42.7739,
"find_points_in_Q": 8.74128,
"compaction": 6.16013,
"copy2host": 475.673,
"delete": 0,
"preparation": 0.02912,
"cgal_convex_hull": 0.017184,
"total": 543.148
}