{
"n": 234881024,
"size": 143,
"hull": 22,
"seed": 0,
"copy2device": 272.487,
"find_extremes": 2.74,
"find_corners": 14.9237,
"find_points_in_Q": 4.39677,
"compaction": 2.33072,
"copy2host": 0.016448,
"filter": 24.4486,
"delete": 0,
"preparation": 0.028128,
"cgal_convex_hull": 0.019232,
"total": 24.4679
}