{
"n": 134217728,
"size": 19382,
"hull": 51,
"seed": 0,
"copy2device": 163.23,
"find_extremes": 3.00067,
"find_corners": 13.2432,
"find_points_in_Q": 2.79146,
"compaction": 1.90826,
"copy2host": 139.381,
"delete": 0,
"preparation": 0.52048,
"cgal_convex_hull": 2.0439,
"total": 162.369
}