{
"n": 201326592,
"size": 58,
"hull": 23,
"seed": 0,
"copy2device": 223.976,
"find_extremes": 2.36691,
"find_corners": 12.6338,
"find_points_in_Q": 3.95229,
"compaction": 2.02077,
"copy2host": 0.015136,
"filter": 21.0315,
"delete": 0,
"preparation": 0.011488,
"cgal_convex_hull": 0.01152,
"total": 21.043
}