{
"n": 536870912,
"size": 109,
"hull": 18,
"seed": 0,
"copy2device": 648.489,
"find_extremes": 6.12272,
"find_corners": 32.4621,
"find_points_in_Q": 9.77949,
"compaction": 5.10218,
"copy2host": 0.015584,
"filter": 53.5278,
"delete": 0,
"preparation": 0.019904,
"cgal_convex_hull": 0.015328,
"total": 53.5431
}