{
"n": 335544320,
"size": 73,
"hull": 20,
"seed": 0,
"copy2device": 229.695,
"find_extremes": 7.48342,
"find_corners": 32.9985,
"find_points_in_Q": 6.68714,
"compaction": 4.74317,
"copy2host": 389.058,
"delete": 0,
"preparation": 0.014624,
"cgal_convex_hull": 0.017344,
"total": 440.987
}