{
"n": 1040187392,
"size": 248,
"hull": 20,
"seed": 0,
"copy2device": 829.682,
"find_extremes": 23.6973,
"find_corners": 102.419,
"find_points_in_Q": 20.3493,
"compaction": 14.5522,
"copy2host": 1070.24,
"delete": 0,
"preparation": 0.04496,
"cgal_convex_hull": 0.024256,
"total": 1231.28
}