{
"n": 369098752,
"size": 164,
"hull": 18,
"seed": 0,
"copy2device": 412.134,
"find_extremes": 4.24525,
"find_corners": 24.6009,
"find_points_in_Q": 14.9548,
"compaction": 12.6703,
"copy2host": 0.015328,
"filter": 56.5326,
"delete": 0,
"preparation": 0.031104,
"cgal_convex_hull": 0.021408,
"total": 56.554
}