{
"n": 167772160,
"size": 87,
"hull": 20,
"seed": 0,
"copy2device": 191.24,
"find_extremes": 1.99674,
"find_corners": 11.9549,
"find_points_in_Q": 9.76182,
"compaction": 1.7391,
"copy2host": 0.015776,
"filter": 25.5119,
"delete": 0,
"preparation": 0.015392,
"cgal_convex_hull": 0.013984,
"total": 25.5259
}