{
"n": 570425344,
"size": 70,
"hull": 16,
"seed": 0,
"copy2device": 639.379,
"find_extremes": 6.49312,
"find_corners": 34.8082,
"find_points_in_Q": 11.6517,
"compaction": 5.39552,
"copy2host": 0.015584,
"filter": 58.4078,
"delete": 0,
"preparation": 0.018048,
"cgal_convex_hull": 0.013088,
"total": 58.4209
}