{
"n": 301989888,
"size": 289,
"hull": 21,
"seed": 0,
"copy2device": 204.855,
"find_extremes": 6.73277,
"find_corners": 29.8768,
"find_points_in_Q": 6.24112,
"compaction": 4.22192,
"copy2host": 344.396,
"delete": 0,
"preparation": 0.026464,
"cgal_convex_hull": 0.02928,
"total": 391.498
}