{
"n": 134217728,
"size": 84,
"hull": 21,
"seed": 0,
"copy2device": 152.309,
"find_extremes": 1.62467,
"find_corners": 8.57162,
"find_points_in_Q": 2.78141,
"compaction": 1.40019,
"copy2host": 0.014304,
"filter": 14.4363,
"delete": 0,
"preparation": 0.01504,
"cgal_convex_hull": 0.013376,
"total": 14.4497
}