{
"n": 134217728,
"size": 12365,
"hull": 45,
"seed": 0,
"copy2device": 129.432,
"find_extremes": 2.99894,
"find_corners": 13.2436,
"find_points_in_Q": 2.80582,
"compaction": 1.91251,
"copy2host": 147.353,
"delete": 0,
"preparation": 3.69782,
"cgal_convex_hull": 1.18733,
"total": 169.502
}