{
"n": 33554432,
"size": 253,
"hull": 16,
"seed": 0,
"copy2device": 31.5088,
"find_extremes": 0.512672,
"find_corners": 2.27443,
"find_points_in_Q": 1.01677,
"compaction": 0.332512,
"copy2host": 0.013984,
"filter": 4.18979,
"delete": 0,
"preparation": 0.032544,
"cgal_convex_hull": 0.023648,
"total": 4.21344
}