{
"n": 503316480,
"size": 188,
"hull": 21,
"seed": 0,
"copy2device": 561.448,
"find_extremes": 5.75014,
"find_corners": 32.4582,
"find_points_in_Q": 9.4049,
"compaction": 4.79709,
"copy2host": 0.015744,
"filter": 52.4701,
"delete": 0,
"preparation": 0.030656,
"cgal_convex_hull": 0.02,
"total": 52.4901
}