{
"n": 268435456,
"size": 109,
"hull": 17,
"seed": 0,
"copy2device": 329.345,
"find_extremes": 3.12058,
"find_corners": 16.5252,
"find_points_in_Q": 9.2192,
"compaction": 2.76816,
"copy2host": 0.015168,
"filter": 31.6924,
"delete": 0,
"preparation": 0.021088,
"cgal_convex_hull": 0.017344,
"total": 31.7097
}