{
"n": 536870912,
"size": 421,
"hull": 22,
"seed": 0,
"copy2device": 481.464,
"find_extremes": 12.0418,
"find_corners": 52.571,
"find_points_in_Q": 10.795,
"compaction": 7.54838,
"copy2host": 578.252,
"delete": 0,
"preparation": 0.073472,
"cgal_convex_hull": 0.034272,
"total": 661.243
}