{
"n": 603979776,
"size": 67,
"hull": 18,
"seed": 0,
"copy2device": 561.528,
"find_extremes": 13.5997,
"find_corners": 59.0062,
"find_points_in_Q": 12.2052,
"compaction": 8.49504,
"copy2host": 646.424,
"delete": 0,
"preparation": 0.020512,
"cgal_convex_hull": 0.013248,
"total": 739.743
}