{
"n": 369098752,
"size": 131,
"hull": 21,
"seed": 0,
"copy2device": 415.671,
"find_extremes": 4.2439,
"find_corners": 22.6584,
"find_points_in_Q": 13.2865,
"compaction": 7.23837,
"copy2host": 0.015264,
"filter": 47.4881,
"delete": 0,
"preparation": 0.023808,
"cgal_convex_hull": 0.017312,
"total": 47.5054
}