{
"n": 838860800,
"size": 88,
"hull": 17,
"seed": 0,
"copy2device": 741.541,
"find_extremes": 18.9946,
"find_corners": 81.9708,
"find_points_in_Q": 16.3579,
"compaction": 11.7271,
"copy2host": 875.044,
"delete": 0,
"preparation": 0.019648,
"cgal_convex_hull": 0.014496,
"total": 1004.11
}