{
"n": 436207616,
"size": 154,
"hull": 24,
"seed": 0,
"copy2device": 520.455,
"find_extremes": 5.00464,
"find_corners": 26.8193,
"find_points_in_Q": 9.37965,
"compaction": 4.91011,
"copy2host": 0.015744,
"filter": 46.1736,
"delete": 0,
"preparation": 0.028832,
"cgal_convex_hull": 0.018784,
"total": 46.1924
}