{
"n": 268435456,
"size": 237,
"hull": 20,
"seed": 0,
"copy2device": 301.699,
"find_extremes": 3.11546,
"find_corners": 16.53,
"find_points_in_Q": 6.75472,
"compaction": 3.88486,
"copy2host": 0.015776,
"filter": 30.3428,
"delete": 0,
"preparation": 0.035328,
"cgal_convex_hull": 0.022784,
"total": 30.3656
}