{
"n": 402653184,
"size": 240,
"hull": 25,
"seed": 0,
"copy2device": 311.348,
"find_extremes": 9.02355,
"find_corners": 39.6656,
"find_points_in_Q": 8.34502,
"compaction": 5.6849,
"copy2host": 486.459,
"delete": 0,
"preparation": 0.047296,
"cgal_convex_hull": 0.025888,
"total": 549.204
}