{
"n": 603979776,
"size": 635,
"hull": 20,
"seed": 0,
"copy2device": 526.959,
"find_extremes": 13.5865,
"find_corners": 59.0084,
"find_points_in_Q": 12.0461,
"compaction": 8.46954,
"copy2host": 642.015,
"delete": 0,
"preparation": 0.10416,
"cgal_convex_hull": 0.044992,
"total": 735.171
}