{
"n": 201326592,
"size": 13210,
"hull": 43,
"seed": 0,
"copy2device": 242.056,
"find_extremes": 4.47933,
"find_corners": 19.9163,
"find_points_in_Q": 4.14125,
"compaction": 2.8433,
"copy2host": 243.434,
"delete": 0,
"preparation": 0.773504,
"cgal_convex_hull": 1.29984,
"total": 276.114
}