{
"n": 738197504,
"size": 29574,
"hull": 37,
"seed": 0,
"copy2device": 995.265,
"find_extremes": 16.6676,
"find_corners": 71.5539,
"find_points_in_Q": 14.4288,
"compaction": 10.3431,
"copy2host": 885.82,
"delete": 0,
"preparation": 5.86867,
"cgal_convex_hull": 3.17894,
"total": 1001.99
}