{
"n": 637534208,
"size": 27138,
"hull": 43,
"seed": 0,
"copy2device": 941.574,
"find_extremes": 14.384,
"find_corners": 63.2302,
"find_points_in_Q": 12.6628,
"compaction": 8.96698,
"copy2host": 714.383,
"delete": 0,
"preparation": 9.31392,
"cgal_convex_hull": 2.81421,
"total": 816.441
}