{
"n": 100663296,
"size": 69,
"hull": 21,
"seed": 0,
"copy2device": 102.238,
"find_extremes": 1.24915,
"find_corners": 6.29277,
"find_points_in_Q": 2.66467,
"compaction": 0.966848,
"copy2host": 0.01376,
"filter": 11.2292,
"delete": 0,
"preparation": 0.013824,
"cgal_convex_hull": 0.0136,
"total": 11.2428
}