{
"n": 201326592,
"size": 129,
"hull": 25,
"seed": 0,
"copy2device": 134.053,
"find_extremes": 4.48509,
"find_corners": 19.9708,
"find_points_in_Q": 4.16029,
"compaction": 2.84435,
"copy2host": 236.586,
"delete": 0,
"preparation": 0.012192,
"cgal_convex_hull": 0.017632,
"total": 268.064
}