{
"n": 369098752,
"size": 119,
"hull": 22,
"seed": 0,
"copy2device": 405.358,
"find_extremes": 4.29917,
"find_corners": 22.8883,
"find_points_in_Q": 8.34854,
"compaction": 6.11965,
"copy2host": 0.016,
"filter": 41.717,
"delete": 0,
"preparation": 0.020832,
"cgal_convex_hull": 0.017696,
"total": 41.7347
}