{
"n": 671088640,
"size": 120,
"hull": 21,
"seed": 0,
"copy2device": 797.386,
"find_extremes": 7.64618,
"find_corners": 41.7198,
"find_points_in_Q": 20.5932,
"compaction": 7.83629,
"copy2host": 0.016192,
"filter": 77.856,
"delete": 0,
"preparation": 0.024608,
"cgal_convex_hull": 0.017472,
"total": 77.8735
}