{
"n": 637534208,
"size": 227,
"hull": 27,
"seed": 0,
"copy2device": 792.267,
"find_extremes": 7.26634,
"find_corners": 42.2601,
"find_points_in_Q": 11.5396,
"compaction": 6.04432,
"copy2host": 0.015936,
"filter": 67.1688,
"delete": 0,
"preparation": 0.037824,
"cgal_convex_hull": 0.024576,
"total": 67.1934
}