{
"n": 469762048,
"size": 422,
"hull": 22,
"seed": 0,
"copy2device": 522.673,
"find_extremes": 5.36672,
"find_corners": 28.3872,
"find_points_in_Q": 15.734,
"compaction": 6.61754,
"copy2host": 0.017248,
"filter": 56.166,
"delete": 0,
"preparation": 0.066688,
"cgal_convex_hull": 0.040096,
"total": 56.206
}