{
"n": 234881024,
"size": 172,
"hull": 17,
"seed": 0,
"copy2device": 275.289,
"find_extremes": 2.74067,
"find_corners": 15.846,
"find_points_in_Q": 4.39725,
"compaction": 2.36717,
"copy2host": 0.015616,
"filter": 25.4117,
"delete": 0,
"preparation": 0.029696,
"cgal_convex_hull": 0.020192,
"total": 25.4319
}