{
"n": 67108864,
"size": 82,
"hull": 21,
"seed": 0,
"copy2device": 74.8889,
"find_extremes": 0.886304,
"find_corners": 4.5857,
"find_points_in_Q": 1.60106,
"compaction": 1.16896,
"copy2host": 0.017824,
"filter": 8.29891,
"delete": 0,
"preparation": 0.023072,
"cgal_convex_hull": 0.013152,
"total": 8.31206
}