{
"n": 469762048,
"size": 153,
"hull": 21,
"seed": 0,
"copy2device": 580.346,
"find_extremes": 5.37971,
"find_corners": 28.6785,
"find_points_in_Q": 12.8137,
"compaction": 4.49053,
"copy2host": 0.01536,
"filter": 51.4212,
"delete": 0,
"preparation": 0.032128,
"cgal_convex_hull": 0.019104,
"total": 51.4403
}