{
"n": 33554432,
"size": 327,
"hull": 20,
"seed": 0,
"copy2device": 16.5286,
"find_extremes": 0.800864,
"find_corners": 3.18592,
"find_points_in_Q": 0.758752,
"compaction": 0.474944,
"copy2host": 45.9806,
"delete": 0,
"preparation": 0.023008,
"cgal_convex_hull": 0.027456,
"total": 51.2286
}