{
"n": 33554432,
"size": 71,
"hull": 22,
"seed": 0,
"copy2device": 36.6308,
"find_extremes": 0.512448,
"find_corners": 2.42707,
"find_points_in_Q": 6.73926,
"compaction": 0.325728,
"copy2host": 0.013984,
"filter": 10.0592,
"delete": 0,
"preparation": 0.011712,
"cgal_convex_hull": 0.013568,
"total": 10.0727
}