{
"n": 301989888,
"size": 19622,
"hull": 38,
"seed": 0,
"copy2device": 316.044,
"find_extremes": 6.74253,
"find_corners": 32.3206,
"find_points_in_Q": 6.23942,
"compaction": 4.22397,
"copy2host": 348.385,
"delete": 0,
"preparation": 7.93997,
"cgal_convex_hull": 1.94931,
"total": 399.861
}