{
"n": 704643072,
"size": 74,
"hull": 21,
"seed": 0,
"copy2device": 846.731,
"find_extremes": 8.01914,
"find_corners": 42.4868,
"find_points_in_Q": 13.14,
"compaction": 6.61677,
"copy2host": 0.016192,
"filter": 70.326,
"delete": 0,
"preparation": 0.017792,
"cgal_convex_hull": 0.014688,
"total": 70.3406
}