{
"n": 234881024,
"size": 274,
"hull": 16,
"seed": 0,
"copy2device": 290.174,
"find_extremes": 2.73958,
"find_corners": 18.658,
"find_points_in_Q": 18.1937,
"compaction": 8.30851,
"copy2host": 0.02016,
"filter": 47.9599,
"delete": 0,
"preparation": 0.044704,
"cgal_convex_hull": 0.027616,
"total": 47.9875
}