{
"n": 301989888,
"size": 64,
"hull": 23,
"seed": 0,
"copy2device": 340.291,
"find_extremes": 3.48448,
"find_corners": 18.8772,
"find_points_in_Q": 5.72115,
"compaction": 2.96166,
"copy2host": 0.015616,
"filter": 31.106,
"delete": 0,
"preparation": 0.01344,
"cgal_convex_hull": 0.013344,
"total": 31.1193
}