{
"n": 234881024,
"size": 216,
"hull": 19,
"seed": 0,
"copy2device": 266.229,
"find_extremes": 2.7441,
"find_corners": 14.6883,
"find_points_in_Q": 4.4233,
"compaction": 2.34134,
"copy2host": 0.015232,
"filter": 24.2573,
"delete": 0,
"preparation": 0.033376,
"cgal_convex_hull": 0.023808,
"total": 24.2811
}