{
"n": 201326592,
"size": 183,
"hull": 25,
"seed": 0,
"copy2device": 223.42,
"find_extremes": 2.35853,
"find_corners": 16.6692,
"find_points_in_Q": 4.45229,
"compaction": 2.00448,
"copy2host": 0.015488,
"filter": 25.5427,
"delete": 0,
"preparation": 0.030112,
"cgal_convex_hull": 0.0232,
"total": 25.5659
}