{
"n": 301989888,
"size": 210,
"hull": 22,
"seed": 0,
"copy2device": 352.41,
"find_extremes": 3.48762,
"find_corners": 20.2269,
"find_points_in_Q": 5.53782,
"compaction": 2.93622,
"copy2host": 0.015584,
"filter": 32.2511,
"delete": 0,
"preparation": 0.036704,
"cgal_convex_hull": 0.024032,
"total": 32.2751
}