{
"n": 67108864,
"size": 15151,
"hull": 46,
"seed": 0,
"copy2device": 41.4861,
"find_extremes": 1.52813,
"find_corners": 6.64768,
"find_points_in_Q": 1.41325,
"compaction": 0.987776,
"copy2host": 68.7509,
"delete": 0,
"preparation": 0.338208,
"cgal_convex_hull": 1.42954,
"total": 80.7572
}