{
"n": 268435456,
"size": 52,
"hull": 21,
"seed": 0,
"copy2device": 323.177,
"find_extremes": 3.11219,
"find_corners": 21.7374,
"find_points_in_Q": 5.11558,
"compaction": 2.68723,
"copy2host": 0.015232,
"filter": 32.7112,
"delete": 0,
"preparation": 0.010688,
"cgal_convex_hull": 0.011616,
"total": 32.7228
}