{
"n": 335544320,
"size": 191,
"hull": 19,
"seed": 0,
"copy2device": 379.631,
"find_extremes": 3.86547,
"find_corners": 20.5227,
"find_points_in_Q": 18.3483,
"compaction": 3.71472,
"copy2host": 0.01568,
"filter": 46.5111,
"delete": 0,
"preparation": 0.03248,
"cgal_convex_hull": 0.02144,
"total": 46.5325
}