{
"n": 67108864,
"size": 89,
"hull": 21,
"seed": 0,
"copy2device": 71.3021,
"find_extremes": 0.878944,
"find_corners": 4.54179,
"find_points_in_Q": 1.61373,
"compaction": 0.779264,
"copy2host": 0.01408,
"filter": 7.86915,
"delete": 0,
"preparation": 0.014848,
"cgal_convex_hull": 0.01392,
"total": 7.88307
}