{
"n": 637534208,
"size": 180,
"hull": 23,
"seed": 0,
"copy2device": 792.32,
"find_extremes": 7.26643,
"find_corners": 38.5293,
"find_points_in_Q": 17.5499,
"compaction": 6.92701,
"copy2host": 0.015296,
"filter": 70.3319,
"delete": 0,
"preparation": 0.03088,
"cgal_convex_hull": 0.021792,
"total": 70.3537
}