{
"n": 268435456,
"size": 285,
"hull": 23,
"seed": 0,
"copy2device": 328.185,
"find_extremes": 3.11658,
"find_corners": 16.4798,
"find_points_in_Q": 5.02038,
"compaction": 2.6257,
"copy2host": 0.016576,
"filter": 27.3024,
"delete": 0,
"preparation": 0.048256,
"cgal_convex_hull": 0.028768,
"total": 27.3312
}