{
"n": 134217728,
"size": 427,
"hull": 19,
"seed": 0,
"copy2device": 86.2939,
"find_extremes": 2.99754,
"find_corners": 13.2444,
"find_points_in_Q": 2.80445,
"compaction": 1.92378,
"copy2host": 173.231,
"delete": 0,
"preparation": 0.031872,
"cgal_convex_hull": 0.032288,
"total": 194.234
}