{
"n": 201326592,
"size": 22620,
"hull": 48,
"seed": 0,
"copy2device": 214.794,
"find_extremes": 4.48336,
"find_corners": 19.9912,
"find_points_in_Q": 4.15504,
"compaction": 2.84787,
"copy2host": 238.678,
"delete": 0,
"preparation": 4.96451,
"cgal_convex_hull": 2.31741,
"total": 272.473
}