{
"n": 402653184,
"size": 102,
"hull": 21,
"seed": 0,
"copy2device": 310.885,
"find_extremes": 9.02269,
"find_corners": 39.6826,
"find_points_in_Q": 8.09882,
"compaction": 5.68182,
"copy2host": 458.362,
"delete": 0,
"preparation": 0.030304,
"cgal_convex_hull": 0.01632,
"total": 520.864
}