{
"n": 402653184,
"size": 159,
"hull": 22,
"seed": 0,
"copy2device": 451.101,
"find_extremes": 4.68781,
"find_corners": 25.6385,
"find_points_in_Q": 8.42902,
"compaction": 4.10646,
"copy2host": 0.015584,
"filter": 42.9259,
"delete": 0,
"preparation": 0.027136,
"cgal_convex_hull": 0.020256,
"total": 42.9462
}