{
"n": 201326592,
"size": 265,
"hull": 18,
"seed": 0,
"copy2device": 133.115,
"find_extremes": 4.48474,
"find_corners": 20.0025,
"find_points_in_Q": 4.12403,
"compaction": 2.8353,
"copy2host": 236.567,
"delete": 0,
"preparation": 0.019584,
"cgal_convex_hull": 0.022176,
"total": 268.036
}