{
"n": 301989888,
"size": 16990,
"hull": 44,
"seed": 0,
"copy2device": 317.281,
"find_extremes": 6.73366,
"find_corners": 29.4791,
"find_points_in_Q": 6.02026,
"compaction": 4.25958,
"copy2host": 340.116,
"delete": 0,
"preparation": 6.4961,
"cgal_convex_hull": 1.71325,
"total": 388.322
}