{
"n": 67108864,
"size": 13353,
"hull": 40,
"seed": 0,
"copy2device": 39.4695,
"find_extremes": 1.53594,
"find_corners": 6.6383,
"find_points_in_Q": 1.42416,
"compaction": 0.984928,
"copy2host": 74.3388,
"delete": 0,
"preparation": 0.31216,
"cgal_convex_hull": 1.2337,
"total": 86.1558
}