{
"n": 33554432,
"size": 68,
"hull": 19,
"seed": 0,
"copy2device": 37.3183,
"find_extremes": 0.510912,
"find_corners": 2.51139,
"find_points_in_Q": 1.036,
"compaction": 0.32944,
"copy2host": 0.013728,
"filter": 4.44176,
"delete": 0,
"preparation": 0.013056,
"cgal_convex_hull": 0.014016,
"total": 4.45578
}