{
"n": 134217728,
"size": 139,
"hull": 18,
"seed": 0,
"copy2device": 139.382,
"find_extremes": 1.62144,
"find_corners": 15.1667,
"find_points_in_Q": 3.63392,
"compaction": 3.50022,
"copy2host": 0.015008,
"filter": 23.9785,
"delete": 0,
"preparation": 0.023136,
"cgal_convex_hull": 0.018656,
"total": 23.9972
}