{
"n": 536870912,
"size": 312,
"hull": 20,
"seed": 0,
"copy2device": 409.266,
"find_extremes": 12.0684,
"find_corners": 52.878,
"find_points_in_Q": 10.582,
"compaction": 7.55123,
"copy2host": 613.204,
"delete": 0,
"preparation": 0.055392,
"cgal_convex_hull": 0.03072,
"total": 696.315
}