{
"n": 167772160,
"size": 91,
"hull": 23,
"seed": 0,
"copy2device": 186.812,
"find_extremes": 2.00496,
"find_corners": 10.5155,
"find_points_in_Q": 3.5567,
"compaction": 1.74605,
"copy2host": 0.014304,
"filter": 17.8784,
"delete": 0,
"preparation": 0.016,
"cgal_convex_hull": 0.013952,
"total": 17.8924
}