{
"n": 704643072,
"size": 58,
"hull": 19,
"seed": 0,
"copy2device": 852.71,
"find_extremes": 8.01875,
"find_corners": 42.8674,
"find_points_in_Q": 21.8736,
"compaction": 7.26502,
"copy2host": 0.01568,
"filter": 80.0845,
"delete": 0,
"preparation": 0.016032,
"cgal_convex_hull": 0.01248,
"total": 80.097
}