{
"n": 402653184,
"size": 259,
"hull": 26,
"seed": 0,
"copy2device": 483.965,
"find_extremes": 4.61315,
"find_corners": 24.7089,
"find_points_in_Q": 14.715,
"compaction": 3.93696,
"copy2host": 0.01696,
"filter": 48.0329,
"delete": 0,
"preparation": 0.05344,
"cgal_convex_hull": 0.025408,
"total": 48.0583
}