{
"n": 33554432,
"size": 52,
"hull": 18,
"seed": 0,
"copy2device": 38.9428,
"find_extremes": 0.506272,
"find_corners": 2.48816,
"find_points_in_Q": 0.999744,
"compaction": 0.33072,
"copy2host": 0.013152,
"filter": 4.37837,
"delete": 0,
"preparation": 0.009504,
"cgal_convex_hull": 0.011168,
"total": 4.38954
}