{
"n": 469762048,
"size": 59,
"hull": 21,
"seed": 0,
"copy2device": 363.295,
"find_extremes": 10.5342,
"find_corners": 46.0362,
"find_points_in_Q": 9.29712,
"compaction": 6.6033,
"copy2host": 562.273,
"delete": 0,
"preparation": 0.019872,
"cgal_convex_hull": 0.011904,
"total": 634.756
}