{
"n": 704643072,
"size": 51,
"hull": 20,
"seed": 0,
"copy2device": 794.042,
"find_extremes": 8.01418,
"find_corners": 43.8236,
"find_points_in_Q": 15.2269,
"compaction": 6.65712,
"copy2host": 0.016032,
"filter": 73.7831,
"delete": 0,
"preparation": 0.014656,
"cgal_convex_hull": 0.012128,
"total": 73.7953
}