{
"n": 704643072,
"size": 170,
"hull": 26,
"seed": 0,
"copy2device": 884.454,
"find_extremes": 8.02973,
"find_corners": 43.2503,
"find_points_in_Q": 27.7132,
"compaction": 8.04659,
"copy2host": 0.016448,
"filter": 87.101,
"delete": 0,
"preparation": 0.04288,
"cgal_convex_hull": 0.023872,
"total": 87.1249
}