{
"n": 335544320,
"size": 220,
"hull": 19,
"seed": 0,
"copy2device": 379.262,
"find_extremes": 3.86877,
"find_corners": 22.5602,
"find_points_in_Q": 17.8947,
"compaction": 3.54429,
"copy2host": 0.015584,
"filter": 47.9286,
"delete": 0,
"preparation": 0.0352,
"cgal_convex_hull": 0.024576,
"total": 47.9532
}