{
"n": 201326592,
"size": 40,
"hull": 20,
"seed": 0,
"copy2device": 232.818,
"find_extremes": 2.36806,
"find_corners": 12.5908,
"find_points_in_Q": 3.89402,
"compaction": 4.30688,
"copy2host": 0.0152,
"filter": 23.2188,
"delete": 0,
"preparation": 0.009504,
"cgal_convex_hull": 0.011808,
"total": 23.2306
}