{
"n": 167772160,
"size": 156,
"hull": 20,
"seed": 0,
"copy2device": 110.211,
"find_extremes": 3.74115,
"find_corners": 16.7833,
"find_points_in_Q": 3.49274,
"compaction": 2.40141,
"copy2host": 212.236,
"delete": 0,
"preparation": 0.016704,
"cgal_convex_hull": 0.018624,
"total": 238.673
}