{
"n": 134217728,
"size": 12263,
"hull": 42,
"seed": 0,
"copy2device": 166.193,
"find_extremes": 3.00477,
"find_corners": 13.2226,
"find_points_in_Q": 2.83158,
"compaction": 1.91866,
"copy2host": 138.538,
"delete": 0,
"preparation": 0.347808,
"cgal_convex_hull": 1.05248,
"total": 160.568
}