{
"n": 167772160,
"size": 198,
"hull": 22,
"seed": 0,
"copy2device": 183.833,
"find_extremes": 1.99949,
"find_corners": 12.7719,
"find_points_in_Q": 10.9811,
"compaction": 5.05533,
"copy2host": 0.015872,
"filter": 30.866,
"delete": 0,
"preparation": 0.03168,
"cgal_convex_hull": 0.022048,
"total": 30.8881
}