{
"n": 1073741824,
"size": 290,
"hull": 20,
"seed": 0,
"copy2device": 816.163,
"find_extremes": 24.4689,
"find_corners": 104.827,
"find_points_in_Q": 20.8631,
"compaction": 15.0625,
"copy2host": 1171.54,
"delete": 0,
"preparation": 0.05392,
"cgal_convex_hull": 0.02544,
"total": 1336.78
}