{
"n": 704643072,
"size": 113,
"hull": 19,
"seed": 0,
"copy2device": 799.516,
"find_extremes": 8.0144,
"find_corners": 42.4664,
"find_points_in_Q": 12.7282,
"compaction": 9.45405,
"copy2host": 0.016384,
"filter": 72.7235,
"delete": 0,
"preparation": 0.0288,
"cgal_convex_hull": 0.015776,
"total": 72.7393
}