{
"n": 570425344,
"size": 153,
"hull": 23,
"seed": 0,
"copy2device": 503.984,
"find_extremes": 12.8182,
"find_corners": 56.5938,
"find_points_in_Q": 11.2466,
"compaction": 8.02061,
"copy2host": 625.401,
"delete": 0,
"preparation": 0.028896,
"cgal_convex_hull": 0.017696,
"total": 714.098
}