{
"n": 67108864,
"size": 29,
"hull": 19,
"seed": 0,
"copy2device": 74.8535,
"find_extremes": 0.8856,
"find_corners": 4.58547,
"find_points_in_Q": 1.62704,
"compaction": 0.781664,
"copy2host": 0.013728,
"filter": 7.93456,
"delete": 0,
"preparation": 0.007712,
"cgal_convex_hull": 0.009568,
"total": 7.94413
}