{
"n": 637534208,
"size": 46,
"hull": 20,
"seed": 0,
"copy2device": 758.904,
"find_extremes": 7.26371,
"find_corners": 39.1793,
"find_points_in_Q": 11.5665,
"compaction": 6.04512,
"copy2host": 0.015488,
"filter": 64.1149,
"delete": 0,
"preparation": 0.012736,
"cgal_convex_hull": 0.011328,
"total": 64.1262
}