{
"n": 167772160,
"size": 117,
"hull": 21,
"seed": 0,
"copy2device": 190.307,
"find_extremes": 2.00029,
"find_corners": 13.1992,
"find_points_in_Q": 5.46896,
"compaction": 1.70618,
"copy2host": 0.01536,
"filter": 22.433,
"delete": 0,
"preparation": 0.019424,
"cgal_convex_hull": 0.016832,
"total": 22.4498
}