{
"n": 1040187392,
"size": 204,
"hull": 26,
"seed": 0,
"copy2device": 784.038,
"find_extremes": 23.6684,
"find_corners": 102.347,
"find_points_in_Q": 20.1714,
"compaction": 14.5666,
"copy2host": 1115.94,
"delete": 0,
"preparation": 0.050176,
"cgal_convex_hull": 0.02064,
"total": 1276.72
}