{
"n": 503316480,
"size": 409,
"hull": 23,
"seed": 0,
"copy2device": 581.023,
"find_extremes": 5.7392,
"find_corners": 32.8699,
"find_points_in_Q": 10.1779,
"compaction": 4.83706,
"copy2host": 0.01568,
"filter": 53.6825,
"delete": 0,
"preparation": 0.066496,
"cgal_convex_hull": 0.03712,
"total": 53.7197
}