{
"n": 234881024,
"size": 84,
"hull": 18,
"seed": 0,
"copy2device": 156.966,
"find_extremes": 5.23203,
"find_corners": 23.1366,
"find_points_in_Q": 4.86934,
"compaction": 3.31587,
"copy2host": 275.237,
"delete": 0,
"preparation": 0.009472,
"cgal_convex_hull": 0.01312,
"total": 311.804
}