{
"n": 234881024,
"size": 124,
"hull": 19,
"seed": 0,
"copy2device": 157.796,
"find_extremes": 5.22592,
"find_corners": 23.2096,
"find_points_in_Q": 4.84077,
"compaction": 3.32643,
"copy2host": 277.263,
"delete": 0,
"preparation": 0.01168,
"cgal_convex_hull": 0.015008,
"total": 313.88
}