{
"n": 805306368,
"size": 132,
"hull": 22,
"seed": 0,
"copy2device": 662.742,
"find_extremes": 18.22,
"find_corners": 79.4211,
"find_points_in_Q": 16.1185,
"compaction": 11.2704,
"copy2host": 847.59,
"delete": 0,
"preparation": 0.037984,
"cgal_convex_hull": 0.016384,
"total": 972.636
}