{
"n": 301989888,
"size": 165,
"hull": 24,
"seed": 0,
"copy2device": 339.919,
"find_extremes": 3.49213,
"find_corners": 20.1373,
"find_points_in_Q": 5.70979,
"compaction": 2.95091,
"copy2host": 0.016064,
"filter": 32.3502,
"delete": 0,
"preparation": 0.029664,
"cgal_convex_hull": 0.02112,
"total": 32.3713
}