{
"n": 469762048,
"size": 30137,
"hull": 40,
"seed": 0,
"copy2device": 621.314,
"find_extremes": 10.5246,
"find_corners": 46.1793,
"find_points_in_Q": 9.39491,
"compaction": 7.90512,
"copy2host": 556.665,
"delete": 0,
"preparation": 7.78077,
"cgal_convex_hull": 3.13309,
"total": 633.802
}