{
"n": 134217728,
"size": 198,
"hull": 19,
"seed": 0,
"copy2device": 156.728,
"find_extremes": 1.63405,
"find_corners": 10.041,
"find_points_in_Q": 3.90378,
"compaction": 1.38771,
"copy2host": 0.014912,
"filter": 17.0222,
"delete": 0,
"preparation": 0.029984,
"cgal_convex_hull": 0.02128,
"total": 17.0435
}