{
"n": 469762048,
"size": 75,
"hull": 25,
"seed": 0,
"copy2device": 539.848,
"find_extremes": 5.45568,
"find_corners": 29.7334,
"find_points_in_Q": 8.58406,
"compaction": 5.78627,
"copy2host": 0.016352,
"filter": 49.6201,
"delete": 0,
"preparation": 0.01952,
"cgal_convex_hull": 0.01408,
"total": 49.6342
}