{
"n": 536870912,
"size": 31791,
"hull": 36,
"seed": 0,
"copy2device": 835.846,
"find_extremes": 12.0542,
"find_corners": 52.6888,
"find_points_in_Q": 10.8018,
"compaction": 7.53709,
"copy2host": 567.57,
"delete": 0,
"preparation": 7.7976,
"cgal_convex_hull": 3.29488,
"total": 653.947
}