{
"n": 469762048,
"size": 170,
"hull": 19,
"seed": 0,
"copy2device": 552.172,
"find_extremes": 5.36323,
"find_corners": 28.3785,
"find_points_in_Q": 9.54557,
"compaction": 4.49635,
"copy2host": 0.015616,
"filter": 47.843,
"delete": 0,
"preparation": 0.032224,
"cgal_convex_hull": 0.020992,
"total": 47.864
}