{
"n": 201326592,
"size": 51,
"hull": 19,
"seed": 0,
"copy2device": 228.467,
"find_extremes": 2.3775,
"find_corners": 15.7266,
"find_points_in_Q": 3.98496,
"compaction": 2.03318,
"copy2host": 0.015328,
"filter": 24.1806,
"delete": 0,
"preparation": 0.010784,
"cgal_convex_hull": 0.011744,
"total": 24.1924
}