{
"n": 33554432,
"size": 52,
"hull": 20,
"seed": 0,
"copy2device": 39.7557,
"find_extremes": 0.518272,
"find_corners": 2.44618,
"find_points_in_Q": 0.998432,
"compaction": 0.332544,
"copy2host": 0.01312,
"filter": 4.34986,
"delete": 0,
"preparation": 0.008896,
"cgal_convex_hull": 0.01248,
"total": 4.36234
}