{
"n": 402653184,
"size": 135,
"hull": 22,
"seed": 0,
"copy2device": 446.61,
"find_extremes": 4.60893,
"find_corners": 26.8539,
"find_points_in_Q": 7.45395,
"compaction": 3.86685,
"copy2host": 0.015072,
"filter": 42.8436,
"delete": 0,
"preparation": 0.024832,
"cgal_convex_hull": 0.020512,
"total": 42.8641
}