{
"n": 201326592,
"size": 177,
"hull": 16,
"seed": 0,
"copy2device": 134.166,
"find_extremes": 4.48106,
"find_corners": 19.9855,
"find_points_in_Q": 4.16291,
"compaction": 2.84749,
"copy2host": 253.008,
"delete": 0,
"preparation": 0.014976,
"cgal_convex_hull": 0.0176,
"total": 284.502
}