{
"n": 402653184,
"size": 61,
"hull": 20,
"seed": 0,
"copy2device": 453.523,
"find_extremes": 4.6161,
"find_corners": 26.3146,
"find_points_in_Q": 7.20592,
"compaction": 6.29702,
"copy2host": 0.015296,
"filter": 44.4941,
"delete": 0,
"preparation": 0.012672,
"cgal_convex_hull": 0.012288,
"total": 44.5064
}