{
"n": 335544320,
"size": 154,
"hull": 24,
"seed": 0,
"copy2device": 378.519,
"find_extremes": 3.86954,
"find_corners": 23.2026,
"find_points_in_Q": 10.657,
"compaction": 7.7192,
"copy2host": 0.015328,
"filter": 45.5087,
"delete": 0,
"preparation": 0.027584,
"cgal_convex_hull": 0.018464,
"total": 45.5272
}