{
"n": 402653184,
"size": 42,
"hull": 19,
"seed": 0,
"copy2device": 453.484,
"find_extremes": 4.62176,
"find_corners": 25.3063,
"find_points_in_Q": 7.95568,
"compaction": 3.89738,
"copy2host": 0.016192,
"filter": 41.8419,
"delete": 0,
"preparation": 0.010592,
"cgal_convex_hull": 0.010944,
"total": 41.8528
}