{
"n": 872415232,
"size": 233,
"hull": 21,
"seed": 0,
"copy2device": 764.146,
"find_extremes": 19.7819,
"find_corners": 84.4767,
"find_points_in_Q": 17.1255,
"compaction": 12.2105,
"copy2host": 912.308,
"delete": 0,
"preparation": 0.05184,
"cgal_convex_hull": 0.022272,
"total": 1045.93
}