{
"n": 603979776,
"size": 88,
"hull": 21,
"seed": 0,
"copy2device": 670.189,
"find_extremes": 6.8729,
"find_corners": 39.3614,
"find_points_in_Q": 10.9158,
"compaction": 8.73174,
"copy2host": 0.016032,
"filter": 65.9435,
"delete": 0,
"preparation": 0.01904,
"cgal_convex_hull": 0.0152,
"total": 65.9587
}