{
"n": 637534208,
"size": 62,
"hull": 21,
"seed": 0,
"copy2device": 496.048,
"find_extremes": 14.3612,
"find_corners": 62.9699,
"find_points_in_Q": 12.5244,
"compaction": 8.94595,
"copy2host": 679.16,
"delete": 0,
"preparation": 0.018976,
"cgal_convex_hull": 0.012448,
"total": 777.974
}