{
"n": 67108864,
"size": 1082,
"hull": 20,
"seed": 0,
"copy2device": 75.13,
"find_extremes": 0.87968,
"find_corners": 6.08925,
"find_points_in_Q": 1.5887,
"compaction": 0.785024,
"copy2host": 0.014816,
"filter": 9.39891,
"delete": 0,
"preparation": 0.122208,
"cgal_convex_hull": 0.080384,
"total": 9.4793
}