{
"n": 704643072,
"size": 110,
"hull": 24,
"seed": 0,
"copy2device": 812.377,
"find_extremes": 8.17766,
"find_corners": 43.6219,
"find_points_in_Q": 15.4376,
"compaction": 6.62586,
"copy2host": 0.015264,
"filter": 73.9229,
"delete": 0,
"preparation": 0.022912,
"cgal_convex_hull": 0.01632,
"total": 73.9392
}