{
"n": 234881024,
"size": 148,
"hull": 21,
"seed": 0,
"copy2device": 266.596,
"find_extremes": 2.74051,
"find_corners": 14.6186,
"find_points_in_Q": 6.26192,
"compaction": 2.3673,
"copy2host": 0.0152,
"filter": 26.0466,
"delete": 0,
"preparation": 0.024736,
"cgal_convex_hull": 0.018272,
"total": 26.0649
}