{
"n": 201326592,
"size": 87,
"hull": 15,
"seed": 0,
"copy2device": 235.8,
"find_extremes": 2.36653,
"find_corners": 12.442,
"find_points_in_Q": 6.8184,
"compaction": 2.02819,
"copy2host": 0.015264,
"filter": 23.7131,
"delete": 0,
"preparation": 0.016352,
"cgal_convex_hull": 0.013376,
"total": 23.7265
}