{
"n": 33554432,
"size": 69,
"hull": 22,
"seed": 0,
"copy2device": 39.3164,
"find_extremes": 0.513408,
"find_corners": 2.47613,
"find_points_in_Q": 1.02838,
"compaction": 0.333824,
"copy2host": 0.014208,
"filter": 4.40579,
"delete": 0,
"preparation": 0.012256,
"cgal_convex_hull": 0.01312,
"total": 4.41891
}