{
"n": 67108864,
"size": 291,
"hull": 22,
"seed": 0,
"copy2device": 73.4831,
"find_extremes": 0.885696,
"find_corners": 6.01606,
"find_points_in_Q": 7.03347,
"compaction": 3.3791,
"copy2host": 0.015744,
"filter": 17.3705,
"delete": 0,
"preparation": 0.039072,
"cgal_convex_hull": 0.02736,
"total": 17.3979
}