{
"n": 536870912,
"size": 139,
"hull": 23,
"seed": 0,
"copy2device": 605.544,
"find_extremes": 6.11517,
"find_corners": 33.9429,
"find_points_in_Q": 12.391,
"compaction": 5.43251,
"copy2host": 0.017184,
"filter": 57.9406,
"delete": 0,
"preparation": 0.023616,
"cgal_convex_hull": 0.017696,
"total": 57.9583
}