{
"n": 167772160,
"size": 149,
"hull": 17,
"seed": 0,
"copy2device": 188.56,
"find_extremes": 1.99338,
"find_corners": 12.4682,
"find_points_in_Q": 3.29152,
"compaction": 1.71968,
"copy2host": 0.015712,
"filter": 19.53,
"delete": 0,
"preparation": 0.023968,
"cgal_convex_hull": 0.01904,
"total": 19.549
}