{
"n": 369098752,
"size": 150,
"hull": 21,
"seed": 0,
"copy2device": 418.604,
"find_extremes": 4.23965,
"find_corners": 24.6137,
"find_points_in_Q": 11.6552,
"compaction": 4.36314,
"copy2host": 0.015232,
"filter": 44.9319,
"delete": 0,
"preparation": 0.02816,
"cgal_convex_hull": 0.017536,
"total": 44.9494
}