{
"n": 67108864,
"size": 65,
"hull": 18,
"seed": 0,
"copy2device": 74.8804,
"find_extremes": 0.887072,
"find_corners": 4.57053,
"find_points_in_Q": 1.59907,
"compaction": 1.50038,
"copy2host": 0.013984,
"filter": 8.61194,
"delete": 0,
"preparation": 0.012,
"cgal_convex_hull": 0.013184,
"total": 8.62512
}