{
"n": 301989888,
"size": 150,
"hull": 22,
"seed": 0,
"copy2device": 336.053,
"find_extremes": 3.48678,
"find_corners": 18.6851,
"find_points_in_Q": 6.25453,
"compaction": 3.94198,
"copy2host": 0.01568,
"filter": 32.4278,
"delete": 0,
"preparation": 0.026688,
"cgal_convex_hull": 0.018624,
"total": 32.4464
}