{
"n": 469762048,
"size": 83,
"hull": 23,
"seed": 0,
"copy2device": 436.575,
"find_extremes": 10.5129,
"find_corners": 46.1417,
"find_points_in_Q": 9.39245,
"compaction": 6.60294,
"copy2host": 528.471,
"delete": 0,
"preparation": 0.028032,
"cgal_convex_hull": 0.012864,
"total": 601.134
}