{
"n": 167772160,
"size": 39,
"hull": 19,
"seed": 0,
"copy2device": 188.517,
"find_extremes": 1.99462,
"find_corners": 10.8799,
"find_points_in_Q": 3.56829,
"compaction": 4.15533,
"copy2host": 0.01872,
"filter": 20.6574,
"delete": 0,
"preparation": 0.009952,
"cgal_convex_hull": 0.012832,
"total": 20.6702
}