{
"n": 536870912,
"size": 209,
"hull": 23,
"seed": 0,
"copy2device": 459.614,
"find_extremes": 12.0474,
"find_corners": 52.918,
"find_points_in_Q": 10.6002,
"compaction": 7.55149,
"copy2host": 587.316,
"delete": 0,
"preparation": 0.03776,
"cgal_convex_hull": 0.022656,
"total": 670.456
}