{
"n": 100663296,
"size": 123,
"hull": 20,
"seed": 0,
"copy2device": 117.779,
"find_extremes": 1.25462,
"find_corners": 6.55354,
"find_points_in_Q": 3.08685,
"compaction": 0.936768,
"copy2host": 0.014144,
"filter": 11.8877,
"delete": 0,
"preparation": 0.029152,
"cgal_convex_hull": 0.016992,
"total": 11.9047
}