{
"n": 738197504,
"size": 185,
"hull": 24,
"seed": 0,
"copy2device": 869.162,
"find_extremes": 8.39686,
"find_corners": 46.0912,
"find_points_in_Q": 14.9169,
"compaction": 6.92138,
"copy2host": 0.015616,
"filter": 76.3858,
"delete": 0,
"preparation": 0.0424,
"cgal_convex_hull": 0.021216,
"total": 76.407
}