{
"n": 436207616,
"size": 83,
"hull": 18,
"seed": 0,
"copy2device": 514.082,
"find_extremes": 5.00112,
"find_corners": 28.3566,
"find_points_in_Q": 14.4113,
"compaction": 6.56445,
"copy2host": 0.015872,
"filter": 54.3969,
"delete": 0,
"preparation": 0.01808,
"cgal_convex_hull": 0.014496,
"total": 54.4114
}