{
"n": 671088640,
"size": 354,
"hull": 19,
"seed": 0,
"copy2device": 748.593,
"find_extremes": 7.62595,
"find_corners": 41.1574,
"find_points_in_Q": 14.8694,
"compaction": 6.35018,
"copy2host": 0.01792,
"filter": 70.0647,
"delete": 0,
"preparation": 0.055712,
"cgal_convex_hull": 0.035776,
"total": 70.1005
}