{
"n": 536870912,
"size": 174,
"hull": 19,
"seed": 0,
"copy2device": 646.083,
"find_extremes": 6.12586,
"find_corners": 35.7217,
"find_points_in_Q": 15.1588,
"compaction": 5.09101,
"copy2host": 0.015808,
"filter": 62.1572,
"delete": 0,
"preparation": 0.030208,
"cgal_convex_hull": 0.021024,
"total": 62.1782
}