{
"n": 570425344,
"size": 642,
"hull": 20,
"seed": 0,
"copy2device": 629.904,
"find_extremes": 6.52186,
"find_corners": 40.8342,
"find_points_in_Q": 15.3523,
"compaction": 5.45014,
"copy2host": 0.017952,
"filter": 68.2186,
"delete": 0,
"preparation": 0.13888,
"cgal_convex_hull": 0.057632,
"total": 68.2763
}