{
"n": 570425344,
"size": 238,
"hull": 20,
"seed": 0,
"copy2device": 685.415,
"find_extremes": 6.49478,
"find_corners": 37.9695,
"find_points_in_Q": 14.698,
"compaction": 6.37206,
"copy2host": 0.01712,
"filter": 65.5932,
"delete": 0,
"preparation": 0.0392,
"cgal_convex_hull": 0.025984,
"total": 65.6192
}