{
"n": 805306368,
"size": 185,
"hull": 21,
"seed": 0,
"copy2device": 663.604,
"find_extremes": 18.2048,
"find_corners": 78.7453,
"find_points_in_Q": 16.074,
"compaction": 11.3068,
"copy2host": 840.889,
"delete": 0,
"preparation": 0.043712,
"cgal_convex_hull": 0.020416,
"total": 965.24
}