{
"n": 201326592,
"size": 74,
"hull": 21,
"seed": 0,
"copy2device": 132.942,
"find_extremes": 4.48771,
"find_corners": 20.0516,
"find_points_in_Q": 4.12112,
"compaction": 2.84432,
"copy2host": 245.02,
"delete": 0,
"preparation": 0.00864,
"cgal_convex_hull": 0.013024,
"total": 276.538
}