{
"n": 268435456,
"size": 195,
"hull": 24,
"seed": 0,
"copy2device": 330.31,
"find_extremes": 3.11242,
"find_corners": 17.7711,
"find_points_in_Q": 7.74886,
"compaction": 8.98163,
"copy2host": 0.015968,
"filter": 37.6736,
"delete": 0,
"preparation": 0.033088,
"cgal_convex_hull": 0.023968,
"total": 37.6976
}