{
"n": 503316480,
"size": 101,
"hull": 19,
"seed": 0,
"copy2device": 562.494,
"find_extremes": 5.75395,
"find_corners": 32.9428,
"find_points_in_Q": 8.94109,
"compaction": 4.812,
"copy2host": 0.0152,
"filter": 52.5151,
"delete": 0,
"preparation": 0.019744,
"cgal_convex_hull": 0.015648,
"total": 52.5308
}