{
"n": 603979776,
"size": 154,
"hull": 21,
"seed": 0,
"copy2device": 721.114,
"find_extremes": 6.88294,
"find_corners": 36.5598,
"find_points_in_Q": 14.2678,
"compaction": 5.76176,
"copy2host": 0.015712,
"filter": 63.5321,
"delete": 0,
"preparation": 0.028672,
"cgal_convex_hull": 0.0184,
"total": 63.5505
}