{
"n": 704643072,
"size": 115,
"hull": 21,
"seed": 0,
"copy2device": 839.248,
"find_extremes": 8.0127,
"find_corners": 43.0126,
"find_points_in_Q": 12.6418,
"compaction": 6.60605,
"copy2host": 0.0168,
"filter": 70.3336,
"delete": 0,
"preparation": 0.023936,
"cgal_convex_hull": 0.01616,
"total": 70.3497
}