{
"n": 1040187392,
"size": 55,
"hull": 16,
"seed": 0,
"copy2device": 832.081,
"find_extremes": 23.6825,
"find_corners": 101.78,
"find_points_in_Q": 20.2503,
"compaction": 14.5764,
"copy2host": 1067.72,
"delete": 0,
"preparation": 0.014784,
"cgal_convex_hull": 0.012576,
"total": 1228.02
}