{
"n": 436207616,
"size": 37390,
"hull": 38,
"seed": 0,
"copy2device": 612.384,
"find_extremes": 9.77539,
"find_corners": 42.9079,
"find_points_in_Q": 8.68646,
"compaction": 6.13734,
"copy2host": 525.141,
"delete": 0,
"preparation": 10.0789,
"cgal_convex_hull": 3.99302,
"total": 596.641
}