{
"n": 402653184,
"size": 60,
"hull": 19,
"seed": 0,
"copy2device": 505.729,
"find_extremes": 4.61123,
"find_corners": 25.4842,
"find_points_in_Q": 12.8828,
"compaction": 4.87722,
"copy2host": 0.016064,
"filter": 47.9195,
"delete": 0,
"preparation": 0.013952,
"cgal_convex_hull": 0.012928,
"total": 47.9324
}