{
"n": 469762048,
"size": 179,
"hull": 17,
"seed": 0,
"copy2device": 412.238,
"find_extremes": 10.5256,
"find_corners": 46.0272,
"find_points_in_Q": 9.34979,
"compaction": 6.62074,
"copy2host": 512.326,
"delete": 0,
"preparation": 0.039584,
"cgal_convex_hull": 0.018464,
"total": 584.868
}