{
"n": 167772160,
"size": 57,
"hull": 20,
"seed": 0,
"copy2device": 196.45,
"find_extremes": 1.99622,
"find_corners": 11.1686,
"find_points_in_Q": 4.18976,
"compaction": 2.49958,
"copy2host": 0.015488,
"filter": 19.9112,
"delete": 0,
"preparation": 0.01248,
"cgal_convex_hull": 0.012544,
"total": 19.9237
}