{
"n": 167772160,
"size": 57,
"hull": 19,
"seed": 0,
"copy2device": 190.602,
"find_extremes": 2.00166,
"find_corners": 14.1664,
"find_points_in_Q": 6.61949,
"compaction": 2.40115,
"copy2host": 0.015584,
"filter": 25.2478,
"delete": 0,
"preparation": 0.011936,
"cgal_convex_hull": 0.012032,
"total": 25.2598
}