{
"n": 335544320,
"size": 88,
"hull": 23,
"seed": 0,
"copy2device": 376.067,
"find_extremes": 3.8663,
"find_corners": 20.8591,
"find_points_in_Q": 6.3791,
"compaction": 3.25414,
"copy2host": 0.015424,
"filter": 34.4186,
"delete": 0,
"preparation": 0.016448,
"cgal_convex_hull": 0.0136,
"total": 34.4322
}