{
"n": 134217728,
"size": 158,
"hull": 17,
"seed": 0,
"copy2device": 152.415,
"find_extremes": 1.6264,
"find_corners": 10.5186,
"find_points_in_Q": 2.75725,
"compaction": 1.40698,
"copy2host": 0.014848,
"filter": 16.3654,
"delete": 0,
"preparation": 0.025824,
"cgal_convex_hull": 0.019584,
"total": 16.385
}