{
"n": 33554432,
"size": 65,
"hull": 21,
"seed": 0,
"copy2device": 37.1829,
"find_extremes": 0.515072,
"find_corners": 4.54586,
"find_points_in_Q": 4.24886,
"compaction": 0.3304,
"copy2host": 0.013472,
"filter": 9.69466,
"delete": 0,
"preparation": 0.012032,
"cgal_convex_hull": 0.012928,
"total": 9.70758
}