{
"n": 570425344,
"size": 203,
"hull": 20,
"seed": 0,
"copy2device": 647.52,
"find_extremes": 6.50125,
"find_corners": 35.9045,
"find_points_in_Q": 15.2136,
"compaction": 5.40234,
"copy2host": 0.015296,
"filter": 63.0818,
"delete": 0,
"preparation": 0.054144,
"cgal_convex_hull": 0.023232,
"total": 63.1051
}