{
"n": 570425344,
"size": 104,
"hull": 23,
"seed": 0,
"copy2device": 644.266,
"find_extremes": 6.49398,
"find_corners": 35.8939,
"find_points_in_Q": 9.89744,
"compaction": 5.42157,
"copy2host": 0.015264,
"filter": 57.7679,
"delete": 0,
"preparation": 0.02112,
"cgal_convex_hull": 0.015968,
"total": 57.7838
}