{
"n": 637534208,
"size": 192,
"hull": 22,
"seed": 0,
"copy2device": 760.254,
"find_extremes": 7.26077,
"find_corners": 39.2913,
"find_points_in_Q": 12.7372,
"compaction": 6.0464,
"copy2host": 0.016896,
"filter": 65.3972,
"delete": 0,
"preparation": 0.035136,
"cgal_convex_hull": 0.023232,
"total": 65.4204
}