{
"n": 536870912,
"size": 199,
"hull": 21,
"seed": 0,
"copy2device": 622.794,
"find_extremes": 6.11181,
"find_corners": 38.1472,
"find_points_in_Q": 13.5398,
"compaction": 6.3856,
"copy2host": 0.015712,
"filter": 64.2427,
"delete": 0,
"preparation": 0.034048,
"cgal_convex_hull": 0.02288,
"total": 64.2656
}