{
"n": 201326592,
"size": 85,
"hull": 20,
"seed": 0,
"copy2device": 231.025,
"find_extremes": 2.37171,
"find_corners": 15.3532,
"find_points_in_Q": 4.31088,
"compaction": 3.00752,
"copy2host": 0.016128,
"filter": 25.1017,
"delete": 0,
"preparation": 0.016608,
"cgal_convex_hull": 0.014176,
"total": 25.1159
}