{
"n": 671088640,
"size": 101,
"hull": 16,
"seed": 0,
"copy2device": 758.768,
"find_extremes": 7.64582,
"find_corners": 40.4867,
"find_points_in_Q": 13.154,
"compaction": 6.30058,
"copy2host": 0.015488,
"filter": 67.647,
"delete": 0,
"preparation": 0.026144,
"cgal_convex_hull": 0.016384,
"total": 67.6634
}