{
"n": 738197504,
"size": 147,
"hull": 25,
"seed": 0,
"copy2device": 835.74,
"find_extremes": 8.39904,
"find_corners": 45.4299,
"find_points_in_Q": 13.6773,
"compaction": 6.93606,
"copy2host": 0.015808,
"filter": 74.5028,
"delete": 0,
"preparation": 0.027488,
"cgal_convex_hull": 0.02064,
"total": 74.5234
}