{
"n": 335544320,
"size": 31805,
"hull": 40,
"seed": 0,
"copy2device": 336.267,
"find_extremes": 7.48522,
"find_corners": 33.0827,
"find_points_in_Q": 6.7505,
"compaction": 4.77053,
"copy2host": 376.004,
"delete": 0,
"preparation": 10.7583,
"cgal_convex_hull": 3.19094,
"total": 431.284
}