{
"n": 570425344,
"size": 53,
"hull": 13,
"seed": 0,
"copy2device": 643.413,
"find_extremes": 6.50611,
"find_corners": 35.4348,
"find_points_in_Q": 12.9788,
"compaction": 6.62781,
"copy2host": 0.015488,
"filter": 61.6094,
"delete": 0,
"preparation": 0.018016,
"cgal_convex_hull": 0.010816,
"total": 61.6203
}