{
"n": 503316480,
"size": 99,
"hull": 25,
"seed": 0,
"copy2device": 558.17,
"find_extremes": 5.74598,
"find_corners": 34.376,
"find_points_in_Q": 20.5156,
"compaction": 4.86768,
"copy2host": 0.0264,
"filter": 65.5649,
"delete": 0,
"preparation": 0.027648,
"cgal_convex_hull": 0.018496,
"total": 65.5834
}