{
"n": 33554432,
"size": 132,
"hull": 21,
"seed": 0,
"copy2device": 39.0145,
"find_extremes": 0.51152,
"find_corners": 4.86317,
"find_points_in_Q": 1.01862,
"compaction": 0.336896,
"copy2host": 0.01424,
"filter": 6.78451,
"delete": 0,
"preparation": 0.019616,
"cgal_convex_hull": 0.01776,
"total": 6.80227
}