{
"n": 1073741824,
"size": 156,
"hull": 22,
"seed": 0,
"copy2device": 908.25,
"find_extremes": 24.4616,
"find_corners": 104.822,
"find_points_in_Q": 20.8867,
"compaction": 15.0517,
"copy2host": 1218.2,
"delete": 0,
"preparation": 0.039104,
"cgal_convex_hull": 0.018528,
"total": 1383.44
}