{
"n": 335544320,
"size": 173,
"hull": 24,
"seed": 0,
"copy2device": 411.31,
"find_extremes": 3.85731,
"find_corners": 20.4235,
"find_points_in_Q": 6.30221,
"compaction": 3.27462,
"copy2host": 0.016192,
"filter": 33.9179,
"delete": 0,
"preparation": 0.032864,
"cgal_convex_hull": 0.0208,
"total": 33.9387
}