{
"n": 637534208,
"size": 127,
"hull": 19,
"seed": 0,
"copy2device": 809.903,
"find_extremes": 7.25043,
"find_corners": 42.653,
"find_points_in_Q": 21.1307,
"compaction": 6.14205,
"copy2host": 0.015712,
"filter": 77.2368,
"delete": 0,
"preparation": 0.026688,
"cgal_convex_hull": 0.01664,
"total": 77.2534
}