{
"n": 671088640,
"size": 326,
"hull": 20,
"seed": 0,
"copy2device": 783.405,
"find_extremes": 7.63466,
"find_corners": 42.3234,
"find_points_in_Q": 12.1148,
"compaction": 6.30832,
"copy2host": 0.016384,
"filter": 68.4389,
"delete": 0,
"preparation": 0.053344,
"cgal_convex_hull": 0.031008,
"total": 68.4699
}