{
"n": 637534208,
"size": 171,
"hull": 20,
"seed": 0,
"copy2device": 755.891,
"find_extremes": 7.26262,
"find_corners": 40.5292,
"find_points_in_Q": 25.9555,
"compaction": 8.51043,
"copy2host": 0.015552,
"filter": 82.3172,
"delete": 0,
"preparation": 0.028704,
"cgal_convex_hull": 0.020544,
"total": 82.3377
}