{
"n": 603979776,
"size": 189,
"hull": 23,
"seed": 0,
"copy2device": 525.353,
"find_extremes": 13.6004,
"find_corners": 58.7326,
"find_points_in_Q": 12.2125,
"compaction": 8.50515,
"copy2host": 676.027,
"delete": 0,
"preparation": 0.040896,
"cgal_convex_hull": 0.02128,
"total": 769.099
}