{
"n": 167772160,
"size": 193,
"hull": 22,
"seed": 0,
"copy2device": 193.346,
"find_extremes": 1.99654,
"find_corners": 10.5967,
"find_points_in_Q": 6.27066,
"compaction": 4.21229,
"copy2host": 0.015872,
"filter": 23.1351,
"delete": 0,
"preparation": 0.030976,
"cgal_convex_hull": 0.020992,
"total": 23.1561
}