{
"n": 738197504,
"size": 38,
"hull": 17,
"seed": 0,
"copy2device": 882.868,
"find_extremes": 8.39622,
"find_corners": 44.5656,
"find_points_in_Q": 13.3155,
"compaction": 8.7983,
"copy2host": 0.01664,
"filter": 75.1364,
"delete": 0,
"preparation": 0.01392,
"cgal_convex_hull": 0.010912,
"total": 75.1473
}