{
"n": 234881024,
"size": 145,
"hull": 19,
"seed": 0,
"copy2device": 259.306,
"find_extremes": 2.74048,
"find_corners": 14.5935,
"find_points_in_Q": 4.51907,
"compaction": 2.78211,
"copy2host": 0.015776,
"filter": 24.6934,
"delete": 0,
"preparation": 0.026816,
"cgal_convex_hull": 0.01824,
"total": 24.7116
}