{
"n": 637534208,
"size": 104,
"hull": 21,
"seed": 0,
"copy2device": 789.743,
"find_extremes": 7.25686,
"find_corners": 39.0325,
"find_points_in_Q": 11.1167,
"compaction": 6.03312,
"copy2host": 0.015648,
"filter": 63.4995,
"delete": 0,
"preparation": 0.021888,
"cgal_convex_hull": 0.016384,
"total": 63.5158
}