{
"n": 201326592,
"size": 116,
"hull": 18,
"seed": 0,
"copy2device": 227.43,
"find_extremes": 2.36336,
"find_corners": 20.4322,
"find_points_in_Q": 13.1407,
"compaction": 4.90528,
"copy2host": 0.016064,
"filter": 40.9004,
"delete": 0,
"preparation": 0.021568,
"cgal_convex_hull": 0.017536,
"total": 40.9179
}