{
"n": 234881024,
"size": 100,
"hull": 22,
"seed": 0,
"copy2device": 266.141,
"find_extremes": 2.73917,
"find_corners": 16.3242,
"find_points_in_Q": 7.60445,
"compaction": 2.35798,
"copy2host": 0.014688,
"filter": 29.084,
"delete": 0,
"preparation": 0.019328,
"cgal_convex_hull": 0.0152,
"total": 29.0992
}