{
"n": 268435456,
"size": 183,
"hull": 22,
"seed": 0,
"copy2device": 303.018,
"find_extremes": 3.11558,
"find_corners": 16.5484,
"find_points_in_Q": 5.1295,
"compaction": 2.63366,
"copy2host": 0.015712,
"filter": 27.4855,
"delete": 0,
"preparation": 0.02832,
"cgal_convex_hull": 0.020544,
"total": 27.506
}