{
"n": 234881024,
"size": 53,
"hull": 20,
"seed": 0,
"copy2device": 272.322,
"find_extremes": 2.74042,
"find_corners": 16.3943,
"find_points_in_Q": 4.91594,
"compaction": 3.69437,
"copy2host": 0.016096,
"filter": 27.8043,
"delete": 0,
"preparation": 0.011552,
"cgal_convex_hull": 0.012256,
"total": 27.8165
}