{
"n": 570425344,
"size": 107,
"hull": 22,
"seed": 0,
"copy2device": 644.953,
"find_extremes": 6.49578,
"find_corners": 34.728,
"find_points_in_Q": 16.8762,
"compaction": 5.48147,
"copy2host": 0.016256,
"filter": 63.6459,
"delete": 0,
"preparation": 0.026624,
"cgal_convex_hull": 0.018112,
"total": 63.664
}