{
"n": 771751936,
"size": 151,
"hull": 25,
"seed": 0,
"copy2device": 638.72,
"find_extremes": 17.4662,
"find_corners": 74.7711,
"find_points_in_Q": 15.1672,
"compaction": 10.8309,
"copy2host": 808.646,
"delete": 0,
"preparation": 0.035296,
"cgal_convex_hull": 0.018176,
"total": 926.9
}