{
"n": 469762048,
"size": 132,
"hull": 19,
"seed": 0,
"copy2device": 548.095,
"find_extremes": 5.36874,
"find_corners": 29.1487,
"find_points_in_Q": 8.45514,
"compaction": 4.45251,
"copy2host": 0.015808,
"filter": 47.4843,
"delete": 0,
"preparation": 0.024736,
"cgal_convex_hull": 0.017888,
"total": 47.5021
}