{
"n": 268435456,
"size": 33301,
"hull": 43,
"seed": 0,
"copy2device": 367.692,
"find_extremes": 5.99475,
"find_corners": 26.3407,
"find_points_in_Q": 5.51997,
"compaction": 3.83949,
"copy2host": 278.443,
"delete": 0,
"preparation": 9.18394,
"cgal_convex_hull": 3.38918,
"total": 323.527
}