{
"n": 33554432,
"size": 61,
"hull": 17,
"seed": 0,
"copy2device": 37.332,
"find_extremes": 0.514304,
"find_corners": 2.53994,
"find_points_in_Q": 0.998624,
"compaction": 0.329952,
"copy2host": 0.013728,
"filter": 4.43603,
"delete": 0,
"preparation": 0.011584,
"cgal_convex_hull": 0.012032,
"total": 4.44806
}