{
"n": 637534208,
"size": 503,
"hull": 17,
"seed": 0,
"copy2device": 719.602,
"find_extremes": 7.25946,
"find_corners": 39.3481,
"find_points_in_Q": 15.1426,
"compaction": 6.04509,
"copy2host": 0.015488,
"filter": 67.8548,
"delete": 0,
"preparation": 0.075136,
"cgal_convex_hull": 0.046048,
"total": 67.9008
}