{
"n": 268435456,
"size": 146,
"hull": 23,
"seed": 0,
"copy2device": 181.922,
"find_extremes": 5.97677,
"find_corners": 26.123,
"find_points_in_Q": 5.44253,
"compaction": 3.7936,
"copy2host": 313.387,
"delete": 0,
"preparation": 0.013728,
"cgal_convex_hull": 0.016928,
"total": 354.74
}