{
"n": 67108864,
"size": 148,
"hull": 19,
"seed": 0,
"copy2device": 82.562,
"find_extremes": 2.20982,
"find_corners": 10.6149,
"find_points_in_Q": 4.16262,
"compaction": 7.26458,
"copy2host": 96.19,
"filter": 24.3088,
"delete": 0,
"preparation": 0.023616,
"cgal_convex_hull": 0.01872,
"total": 24.3275
}