{
"n": 402653184,
"size": 127,
"hull": 21,
"seed": 0,
"copy2device": 502.936,
"find_extremes": 11.4843,
"find_corners": 33.6888,
"find_points_in_Q": 8.74435,
"compaction": 5.97328,
"copy2host": 560.771,
"filter": 59.9553,
"delete": 0,
"preparation": 0.036704,
"cgal_convex_hull": 0.019904,
"total": 59.9752
}