{
"n": 838860800,
"size": 15397,
"hull": 29,
"seed": 0,
"copy2device": 1183.6,
"find_extremes": 17.1768,
"find_corners": 79.7313,
"find_points_in_Q": 17.8959,
"compaction": 9.59101,
"copy2host": 1000.16,
"delete": 0,
"preparation": 4.37174,
"cgal_convex_hull": 1.62442,
"total": 1126.18
}