{
"n": 738197504,
"size": 221,
"hull": 24,
"seed": 0,
"copy2device": 847.808,
"find_extremes": 20.8875,
"find_corners": 57.1999,
"find_points_in_Q": 21.8673,
"compaction": 7.68282,
"copy2host": 0.016608,
"filter": 107.696,
"delete": 0,
"preparation": 0.036608,
"cgal_convex_hull": 0.02448,
"total": 107.721
}