{
"n": 100663296,
"size": 11434,
"hull": 46,
"seed": 0,
"copy2device": 96.5434,
"find_extremes": 2.14435,
"find_corners": 9.7639,
"find_points_in_Q": 2.28755,
"compaction": 1.37699,
"copy2host": 112.135,
"delete": 0,
"preparation": 3.52758,
"cgal_convex_hull": 1.11709,
"total": 128.825
}