{
"n": 369098752,
"size": 116,
"hull": 16,
"seed": 0,
"copy2device": 496.407,
"find_extremes": 10.5414,
"find_corners": 33.6126,
"find_points_in_Q": 9.86941,
"compaction": 4.05891,
"copy2host": 513.39,
"filter": 58.1401,
"delete": 0,
"preparation": 0.032384,
"cgal_convex_hull": 0.016032,
"total": 58.1561
}