{
"n": 134217728,
"size": 210,
"hull": 21,
"seed": 0,
"copy2device": 88.7216,
"find_extremes": 2.81571,
"find_corners": 13.0084,
"find_points_in_Q": 2.99434,
"compaction": 1.77344,
"copy2host": 156.294,
"delete": 0,
"preparation": 0.016288,
"cgal_convex_hull": 0.020672,
"total": 176.907
}