{
"n": 738197504,
"size": 78,
"hull": 22,
"seed": 0,
"copy2device": 851.274,
"find_extremes": 20.9005,
"find_corners": 57.9027,
"find_points_in_Q": 22.6757,
"compaction": 9.5265,
"copy2host": 0.01824,
"filter": 111.064,
"delete": 0,
"preparation": 0.019488,
"cgal_convex_hull": 0.01408,
"total": 111.078
}