{
"n": 268435456,
"size": 128,
"hull": 21,
"seed": 0,
"copy2device": 352.589,
"find_extremes": 7.69939,
"find_corners": 22.922,
"find_points_in_Q": 16.0001,
"compaction": 3.06,
"copy2host": 374.268,
"filter": 49.741,
"delete": 0,
"preparation": 0.031072,
"cgal_convex_hull": 0.017824,
"total": 49.7588
}