{
"n": 335544320,
"size": 301,
"hull": 24,
"seed": 0,
"copy2device": 427.999,
"find_extremes": 9.59878,
"find_corners": 29.5049,
"find_points_in_Q": 14.2893,
"compaction": 8.7064,
"copy2host": 471.611,
"filter": 62.1554,
"delete": 0,
"preparation": 0.095488,
"cgal_convex_hull": 0.02928,
"total": 62.1847
}