{
"n": 201326592,
"size": 85,
"hull": 18,
"seed": 0,
"copy2device": 232.838,
"find_extremes": 5.81197,
"find_corners": 16.1132,
"find_points_in_Q": 4.14806,
"compaction": 2.39411,
"copy2host": 287.741,
"filter": 28.5251,
"delete": 0,
"preparation": 0.04624,
"cgal_convex_hull": 0.014368,
"total": 28.5394
}