{
"n": 369098752,
"size": 417,
"hull": 23,
"seed": 0,
"copy2device": 509.71,
"find_extremes": 10.5479,
"find_corners": 28.9719,
"find_points_in_Q": 7.22662,
"compaction": 4.04749,
"copy2host": 516.17,
"filter": 50.8555,
"delete": 0,
"preparation": 0.100672,
"cgal_convex_hull": 0.03856,
"total": 50.8941
}