{
"n": 301989888,
"size": 123,
"hull": 23,
"seed": 0,
"copy2device": 377.147,
"find_extremes": 8.65094,
"find_corners": 25.4509,
"find_points_in_Q": 13.1533,
"compaction": 7.94528,
"copy2host": 424.678,
"filter": 55.2577,
"delete": 0,
"preparation": 0.047968,
"cgal_convex_hull": 0.017344,
"total": 55.2751
}