{
"n": 805306368,
"size": 203,
"hull": 20,
"seed": 0,
"copy2device": 732.91,
"find_extremes": 16.4704,
"find_corners": 78.1229,
"find_points_in_Q": 17.5552,
"compaction": 9.35386,
"copy2host": 840.269,
"delete": 0,
"preparation": 0.039328,
"cgal_convex_hull": 0.020704,
"total": 961.792
}