{
"n": 167772160,
"size": 148,
"hull": 21,
"seed": 0,
"copy2device": 194.379,
"find_extremes": 4.8633,
"find_corners": 19.0787,
"find_points_in_Q": 9.23693,
"compaction": 4.64685,
"copy2host": 235.84,
"filter": 37.8833,
"delete": 0,
"preparation": 0.0272,
"cgal_convex_hull": 0.018304,
"total": 37.9016
}