{
"n": 1040187392,
"size": 88,
"hull": 24,
"seed": 0,
"copy2device": 907.51,
"find_extremes": 21.2546,
"find_corners": 99.2704,
"find_points_in_Q": 21.9216,
"compaction": 11.8455,
"copy2host": 1193.84,
"delete": 0,
"preparation": 0.021408,
"cgal_convex_hull": 0.014144,
"total": 1348.14
}