{
"n": 167772160,
"size": 20207,
"hull": 46,
"seed": 0,
"copy2device": 190.926,
"find_extremes": 3.50109,
"find_corners": 16.4333,
"find_points_in_Q": 3.76704,
"compaction": 2.14243,
"copy2host": 171.941,
"delete": 0,
"preparation": 8.63107,
"cgal_convex_hull": 2.08925,
"total": 199.874
}