{
"n": 201326592,
"size": 134,
"hull": 20,
"seed": 0,
"copy2device": 235.432,
"find_extremes": 5.82112,
"find_corners": 16.0129,
"find_points_in_Q": 8.44365,
"compaction": 2.42554,
"copy2host": 289.12,
"filter": 32.7612,
"delete": 0,
"preparation": 0.051936,
"cgal_convex_hull": 0.020032,
"total": 32.7812
}