{
"n": 637534208,
"size": 70,
"hull": 18,
"seed": 0,
"copy2device": 561.401,
"find_extremes": 13.3985,
"find_corners": 61.4266,
"find_points_in_Q": 13.5092,
"compaction": 7.32278,
"copy2host": 705.541,
"delete": 0,
"preparation": 0.026528,
"cgal_convex_hull": 0.012064,
"total": 801.211
}