{
"n": 771751936,
"size": 91,
"hull": 23,
"seed": 0,
"copy2device": 941.707,
"find_extremes": 21.8354,
"find_corners": 61.6127,
"find_points_in_Q": 14.5596,
"compaction": 8.60784,
"copy2host": 0.0184,
"filter": 106.675,
"delete": 0,
"preparation": 0.028288,
"cgal_convex_hull": 0.01568,
"total": 106.69
}