{
"n": 268435456,
"size": 219,
"hull": 23,
"seed": 0,
"copy2device": 333.429,
"find_extremes": 7.672,
"find_corners": 21.742,
"find_points_in_Q": 11.43,
"compaction": 5.80794,
"copy2host": 0.015712,
"filter": 46.7082,
"delete": 0,
"preparation": 0.035424,
"cgal_convex_hull": 0.022688,
"total": 46.7309
}