{
"n": 335544320,
"size": 141,
"hull": 21,
"seed": 0,
"copy2device": 391.744,
"find_extremes": 9.56406,
"find_corners": 26.3289,
"find_points_in_Q": 13.7312,
"compaction": 3.7056,
"copy2host": 0.01632,
"filter": 53.3873,
"delete": 0,
"preparation": 0.02576,
"cgal_convex_hull": 0.0176,
"total": 53.4049
}