{
"n": 570425344,
"size": 42810,
"hull": 45,
"seed": 0,
"copy2device": 719.946,
"find_extremes": 11.704,
"find_corners": 54.6978,
"find_points_in_Q": 12.2752,
"compaction": 6.62138,
"copy2host": 652.685,
"delete": 0,
"preparation": 9.20797,
"cgal_convex_hull": 4.51878,
"total": 742.502
}