{
"n": 234881024,
"size": 129,
"hull": 19,
"seed": 0,
"copy2device": 269.467,
"find_extremes": 6.76,
"find_corners": 18.5455,
"find_points_in_Q": 6.86262,
"compaction": 7.11968,
"copy2host": 327.512,
"filter": 39.3531,
"delete": 0,
"preparation": 0.0272,
"cgal_convex_hull": 0.019008,
"total": 39.3721
}