{
"n": 301989888,
"size": 146,
"hull": 18,
"seed": 0,
"copy2device": 360.041,
"find_extremes": 8.61386,
"find_corners": 24.3851,
"find_points_in_Q": 7.11411,
"compaction": 3.50803,
"copy2host": 0.016032,
"filter": 43.6772,
"delete": 0,
"preparation": 0.025504,
"cgal_convex_hull": 0.019264,
"total": 43.6965
}