{
"n": 335544320,
"size": 99,
"hull": 20,
"seed": 0,
"copy2device": 391.447,
"find_extremes": 9.56307,
"find_corners": 27.6227,
"find_points_in_Q": 10.3051,
"compaction": 4.2657,
"copy2host": 0.016032,
"filter": 51.814,
"delete": 0,
"preparation": 0.018048,
"cgal_convex_hull": 0.015168,
"total": 51.8291
}