{
"n": 771751936,
"size": 1442,
"hull": 21,
"seed": 0,
"copy2device": 934.11,
"find_extremes": 21.83,
"find_corners": 62.5428,
"find_points_in_Q": 13.9292,
"compaction": 8.03328,
"copy2host": 0.018304,
"filter": 106.393,
"delete": 0,
"preparation": 0.192608,
"cgal_convex_hull": 0.108384,
"total": 106.502
}