{
"n": 637534208,
"size": 7466,
"hull": 19,
"seed": 0,
"copy2device": 772.061,
"find_extremes": 18.0482,
"find_corners": 50.0633,
"find_points_in_Q": 16.2756,
"compaction": 6.67731,
"copy2host": 0.022688,
"filter": 91.1226,
"delete": 0,
"preparation": 0.885984,
"cgal_convex_hull": 0.66512,
"total": 91.7878
}