{
"n": 1040187392,
"size": 90,
"hull": 21,
"seed": 0,
"copy2device": 951.764,
"find_extremes": 21.2526,
"find_corners": 98.8137,
"find_points_in_Q": 21.7847,
"compaction": 11.8351,
"copy2host": 1164.96,
"delete": 0,
"preparation": 0.028992,
"cgal_convex_hull": 0.013536,
"total": 1318.66
}