{
"n": 436207616,
"size": 209,
"hull": 23,
"seed": 0,
"copy2device": 543.153,
"find_extremes": 12.435,
"find_corners": 35.7496,
"find_points_in_Q": 15.3864,
"compaction": 4.70454,
"copy2host": 588.868,
"filter": 68.338,
"delete": 0,
"preparation": 0.04032,
"cgal_convex_hull": 0.024992,
"total": 68.363
}