{
"n": 201326592,
"size": 496,
"hull": 19,
"seed": 0,
"copy2device": 137.7,
"find_extremes": 4.17885,
"find_corners": 19.5951,
"find_points_in_Q": 4.48563,
"compaction": 2.52304,
"copy2host": 240.494,
"delete": 0,
"preparation": 0.028928,
"cgal_convex_hull": 0.034176,
"total": 271.311
}