{
"n": 335544320,
"size": 85,
"hull": 17,
"seed": 0,
"copy2device": 392.182,
"find_extremes": 9.56054,
"find_corners": 26.218,
"find_points_in_Q": 6.5488,
"compaction": 3.71939,
"copy2host": 0.01824,
"filter": 46.104,
"delete": 0,
"preparation": 0.01776,
"cgal_convex_hull": 0.01456,
"total": 46.1185
}