{
"n": 469762048,
"size": 386,
"hull": 20,
"seed": 0,
"copy2device": 542.903,
"find_extremes": 13.3318,
"find_corners": 36.5021,
"find_points_in_Q": 14.905,
"compaction": 5.01341,
"copy2host": 0.015648,
"filter": 69.81,
"delete": 0,
"preparation": 0.060128,
"cgal_convex_hull": 0.035104,
"total": 69.8451
}