{
"n": 201326592,
"size": 95,
"hull": 20,
"seed": 0,
"copy2device": 137.971,
"find_extremes": 4.18272,
"find_corners": 19.6221,
"find_points_in_Q": 4.51651,
"compaction": 2.5225,
"copy2host": 243.787,
"delete": 0,
"preparation": 0.009856,
"cgal_convex_hull": 0.014976,
"total": 274.646
}