{
"n": 671088640,
"size": 407,
"hull": 19,
"seed": 0,
"copy2device": 860.584,
"find_extremes": 18.9918,
"find_corners": 52.7308,
"find_points_in_Q": 25.7033,
"compaction": 7.02192,
"copy2host": 0.019488,
"filter": 104.507,
"delete": 0,
"preparation": 0.086048,
"cgal_convex_hull": 0.037344,
"total": 104.544
}