{
"n": 268435456,
"size": 214,
"hull": 26,
"seed": 0,
"copy2device": 309.083,
"find_extremes": 8.83027,
"find_corners": 23.2284,
"find_points_in_Q": 8.93258,
"compaction": 3.31165,
"copy2host": 380.105,
"filter": 44.3594,
"delete": 0,
"preparation": 0.0632,
"cgal_convex_hull": 0.02512,
"total": 44.3845
}