{
"n": 167772160,
"size": 180,
"hull": 20,
"seed": 0,
"copy2device": 198.504,
"find_extremes": 4.84275,
"find_corners": 13.2966,
"find_points_in_Q": 5.34691,
"compaction": 2.04074,
"copy2host": 0.015904,
"filter": 25.5911,
"delete": 0,
"preparation": 0.029952,
"cgal_convex_hull": 0.020832,
"total": 25.6119
}