{
"n": 536870912,
"size": 21182,
"hull": 34,
"seed": 0,
"copy2device": 751.559,
"find_extremes": 11.0202,
"find_corners": 51.3135,
"find_points_in_Q": 11.515,
"compaction": 6.23357,
"copy2host": 570.237,
"delete": 0,
"preparation": 5.36,
"cgal_convex_hull": 2.14701,
"total": 652.466
}