{
"n": 167772160,
"size": 92,
"hull": 22,
"seed": 0,
"copy2device": 195.131,
"find_extremes": 4.84502,
"find_corners": 13.3375,
"find_points_in_Q": 3.54643,
"compaction": 2.01818,
"copy2host": 0.015616,
"filter": 23.8048,
"delete": 0,
"preparation": 0.016928,
"cgal_convex_hull": 0.014752,
"total": 23.8196
}