{
"n": 436207616,
"size": 24435,
"hull": 41,
"seed": 0,
"copy2device": 586.639,
"find_extremes": 8.96291,
"find_corners": 41.9358,
"find_points_in_Q": 9.31936,
"compaction": 5.1911,
"copy2host": 489.485,
"delete": 0,
"preparation": 6.75971,
"cgal_convex_hull": 2.50598,
"total": 557.4
}