{
"n": 369098752,
"size": 240,
"hull": 24,
"seed": 0,
"copy2device": 507.651,
"find_extremes": 10.5424,
"find_corners": 31.1743,
"find_points_in_Q": 7.19974,
"compaction": 4.05005,
"copy2host": 513.509,
"filter": 53.0255,
"delete": 0,
"preparation": 0.06656,
"cgal_convex_hull": 0.02416,
"total": 53.0496
}