{
"n": 738197504,
"size": 80,
"hull": 20,
"seed": 0,
"copy2device": 850.006,
"find_extremes": 20.8921,
"find_corners": 58.4026,
"find_points_in_Q": 16.3357,
"compaction": 13.0937,
"copy2host": 0.017152,
"filter": 108.785,
"delete": 0,
"preparation": 0.01984,
"cgal_convex_hull": 0.014464,
"total": 108.799
}