{
"n": 100663296,
"size": 56,
"hull": 18,
"seed": 0,
"copy2device": 112.711,
"find_extremes": 2.97283,
"find_corners": 8.26253,
"find_points_in_Q": 2.2935,
"compaction": 1.35203,
"copy2host": 145.399,
"filter": 14.9347,
"delete": 0,
"preparation": 0.013472,
"cgal_convex_hull": 0.011872,
"total": 14.9465
}