{
"n": 369098752,
"size": 25760,
"hull": 42,
"seed": 0,
"copy2device": 442.543,
"find_extremes": 7.59485,
"find_corners": 35.0673,
"find_points_in_Q": 7.91286,
"compaction": 4.34918,
"copy2host": 424.47,
"delete": 0,
"preparation": 9.8335,
"cgal_convex_hull": 2.58557,
"total": 481.98
}