{
"n": 838860800,
"size": 121,
"hull": 23,
"seed": 0,
"copy2device": 704.615,
"find_extremes": 17.1563,
"find_corners": 79.4393,
"find_points_in_Q": 17.5819,
"compaction": 9.58512,
"copy2host": 895.447,
"delete": 0,
"preparation": 0.02512,
"cgal_convex_hull": 0.016192,
"total": 1019.23
}