{
"n": 603979776,
"size": 120,
"hull": 20,
"seed": 0,
"copy2device": 588.017,
"find_extremes": 12.4063,
"find_corners": 58.5251,
"find_points_in_Q": 12.8858,
"compaction": 6.99747,
"copy2host": 710.567,
"delete": 0,
"preparation": 0.0312,
"cgal_convex_hull": 0.016064,
"total": 801.398
}