{
"n": 369098752,
"size": 88,
"hull": 24,
"seed": 0,
"copy2device": 466.362,
"find_extremes": 10.5421,
"find_corners": 30.5406,
"find_points_in_Q": 8.68637,
"compaction": 5.33357,
"copy2host": 510.919,
"filter": 55.1622,
"delete": 0,
"preparation": 0.02208,
"cgal_convex_hull": 0.014912,
"total": 55.1771
}