{
"n": 268435456,
"size": 122,
"hull": 19,
"seed": 0,
"copy2device": 186.732,
"find_extremes": 5.55149,
"find_corners": 25.8955,
"find_points_in_Q": 5.88986,
"compaction": 3.24477,
"copy2host": 340.858,
"delete": 0,
"preparation": 0.014976,
"cgal_convex_hull": 0.015744,
"total": 381.455
}