{
"n": 33554432,
"size": 106,
"hull": 19,
"seed": 0,
"copy2device": 39.5465,
"find_extremes": 1.06704,
"find_corners": 4.41261,
"find_points_in_Q": 5.14141,
"compaction": 0.546944,
"copy2host": 0.014528,
"filter": 11.2192,
"delete": 0,
"preparation": 0.01648,
"cgal_convex_hull": 0.015712,
"total": 11.2349
}