{
"n": 234881024,
"size": 174,
"hull": 23,
"seed": 0,
"copy2device": 271.373,
"find_extremes": 6.75693,
"find_corners": 24.0919,
"find_points_in_Q": 9.21853,
"compaction": 3.05523,
"copy2host": 328.715,
"filter": 43.1883,
"delete": 0,
"preparation": 0.050784,
"cgal_convex_hull": 0.021888,
"total": 43.2101
}