{
"n": 939524096,
"size": 71,
"hull": 19,
"seed": 0,
"copy2device": 788.024,
"find_extremes": 19.2043,
"find_corners": 89.422,
"find_points_in_Q": 19.8594,
"compaction": 10.7283,
"copy2host": 1022.9,
"delete": 0,
"preparation": 0.018368,
"cgal_convex_hull": 0.012608,
"total": 1162.13
}