{
"n": 637534208,
"size": 68,
"hull": 23,
"seed": 0,
"copy2device": 748.448,
"find_extremes": 18.0569,
"find_corners": 50.1062,
"find_points_in_Q": 17.1966,
"compaction": 6.77267,
"copy2host": 0.017568,
"filter": 92.19,
"delete": 0,
"preparation": 0.021024,
"cgal_convex_hull": 0.0136,
"total": 92.2036
}