{
"n": 738197504,
"size": 256,
"hull": 22,
"seed": 0,
"copy2device": 630.854,
"find_extremes": 15.1044,
"find_corners": 70.4813,
"find_points_in_Q": 15.6243,
"compaction": 8.49616,
"copy2host": 781.468,
"delete": 0,
"preparation": 0.06512,
"cgal_convex_hull": 0.026176,
"total": 891.201
}