{
"n": 570425344,
"size": 93,
"hull": 26,
"seed": 0,
"copy2device": 771.205,
"find_extremes": 16.2268,
"find_corners": 48.2463,
"find_points_in_Q": 16.0574,
"compaction": 6.98326,
"copy2host": 788.922,
"filter": 87.5742,
"delete": 0,
"preparation": 0.034112,
"cgal_convex_hull": 0.01536,
"total": 87.5895
}