{
"n": 570425344,
"size": 115,
"hull": 19,
"seed": 0,
"copy2device": 657.651,
"find_extremes": 16.2324,
"find_corners": 45.8095,
"find_points_in_Q": 17.5149,
"compaction": 7.98157,
"copy2host": 876.242,
"filter": 87.5977,
"delete": 0,
"preparation": 0.039328,
"cgal_convex_hull": 0.016448,
"total": 87.6141
}