{
"n": 738197504,
"size": 122,
"hull": 22,
"seed": 0,
"copy2device": 891.061,
"find_extremes": 21.5885,
"find_corners": 58.0417,
"find_points_in_Q": 15.2455,
"compaction": 9.17792,
"copy2host": 0.016608,
"filter": 104.113,
"delete": 0,
"preparation": 0.028576,
"cgal_convex_hull": 0.016448,
"total": 104.13
}