{
"n": 771751936,
"size": 90,
"hull": 17,
"seed": 0,
"copy2device": 879.593,
"find_extremes": 21.8285,
"find_corners": 60.5119,
"find_points_in_Q": 16.9226,
"compaction": 10.7266,
"copy2host": 0.016928,
"filter": 110.048,
"delete": 0,
"preparation": 0.019456,
"cgal_convex_hull": 0.014496,
"total": 110.063
}