{
"n": 771751936,
"size": 111,
"hull": 17,
"seed": 0,
"copy2device": 1014.2,
"find_extremes": 21.914,
"find_corners": 60.0333,
"find_points_in_Q": 15.8482,
"compaction": 8.99683,
"copy2host": 1078.69,
"filter": 106.856,
"delete": 0,
"preparation": 0.032576,
"cgal_convex_hull": 0.017344,
"total": 106.873
}