{
"n": 973078528,
"size": 352,
"hull": 28,
"seed": 0,
"copy2device": 804.474,
"find_extremes": 19.8861,
"find_corners": 92.9678,
"find_points_in_Q": 20.4596,
"compaction": 11.0777,
"copy2host": 1093.61,
"delete": 0,
"preparation": 0.04928,
"cgal_convex_hull": 0.030848,
"total": 1238.04
}