{
"n": 100663296,
"size": 28,
"hull": 17,
"seed": 0,
"copy2device": 120.522,
"find_extremes": 2.96179,
"find_corners": 8.17574,
"find_points_in_Q": 2.27843,
"compaction": 1.34314,
"copy2host": 0.013888,
"filter": 14.8128,
"delete": 0,
"preparation": 0.007232,
"cgal_convex_hull": 0.010784,
"total": 14.8236
}