{
"n": 771751936,
"size": 162,
"hull": 24,
"seed": 0,
"copy2device": 1037.02,
"find_extremes": 21.9094,
"find_corners": 62.0992,
"find_points_in_Q": 16.4764,
"compaction": 9.4209,
"copy2host": 1082.82,
"filter": 109.965,
"delete": 0,
"preparation": 0.04816,
"cgal_convex_hull": 0.021216,
"total": 109.986
}