{
"n": 201326592,
"size": 207,
"hull": 18,
"seed": 0,
"copy2device": 242.612,
"find_extremes": 5.78698,
"find_corners": 17.3458,
"find_points_in_Q": 11.7706,
"compaction": 3.45568,
"copy2host": 0.016,
"filter": 38.4172,
"delete": 0,
"preparation": 0.033504,
"cgal_convex_hull": 0.021888,
"total": 38.4391
}