{
"n": 771751936,
"size": 126,
"hull": 22,
"seed": 0,
"copy2device": 935.824,
"find_extremes": 21.8302,
"find_corners": 59.8286,
"find_points_in_Q": 14.5743,
"compaction": 8.04557,
"copy2host": 0.016896,
"filter": 104.336,
"delete": 0,
"preparation": 0.023168,
"cgal_convex_hull": 0.018016,
"total": 104.354
}