{
"n": 603979776,
"size": 439,
"hull": 17,
"seed": 0,
"copy2device": 536.992,
"find_extremes": 12.3721,
"find_corners": 58.083,
"find_points_in_Q": 12.9033,
"compaction": 6.99466,
"copy2host": 714.718,
"delete": 0,
"preparation": 0.093504,
"cgal_convex_hull": 0.03616,
"total": 805.107
}