{
"n": 234881024,
"size": 83,
"hull": 19,
"seed": 0,
"copy2device": 273.671,
"find_extremes": 6.72819,
"find_corners": 20.3291,
"find_points_in_Q": 7.47658,
"compaction": 4.13094,
"copy2host": 0.015328,
"filter": 38.7223,
"delete": 0,
"preparation": 0.016352,
"cgal_convex_hull": 0.0152,
"total": 38.7375
}