{
"n": 905969664,
"size": 142,
"hull": 20,
"seed": 0,
"copy2device": 801.267,
"find_extremes": 18.5209,
"find_corners": 86.3512,
"find_points_in_Q": 19.0014,
"compaction": 10.3406,
"copy2host": 936.679,
"delete": 0,
"preparation": 0.037184,
"cgal_convex_hull": 0.018048,
"total": 1070.91
}