{
"n": 33554432,
"size": 52,
"hull": 20,
"seed": 0,
"copy2device": 37.208,
"find_extremes": 1.14864,
"find_corners": 4.47459,
"find_points_in_Q": 1.08966,
"compaction": 0.55216,
"copy2host": 48.9981,
"filter": 7.31744,
"delete": 0,
"preparation": 0.010656,
"cgal_convex_hull": 0.011392,
"total": 7.32883
}