{
"n": 234881024,
"size": 229,
"hull": 16,
"seed": 0,
"copy2device": 271.995,
"find_extremes": 6.76781,
"find_corners": 26.4723,
"find_points_in_Q": 7.25133,
"compaction": 5.20173,
"copy2host": 328.134,
"filter": 45.7511,
"delete": 0,
"preparation": 0.04,
"cgal_convex_hull": 0.025088,
"total": 45.7762
}