{
"n": 536870912,
"size": 112,
"hull": 19,
"seed": 0,
"copy2device": 382.217,
"find_extremes": 11.0204,
"find_corners": 51.8257,
"find_points_in_Q": 11.3964,
"compaction": 6.24874,
"copy2host": 626.294,
"delete": 0,
"preparation": 0.02272,
"cgal_convex_hull": 0.014304,
"total": 706.799
}