{
"n": 301989888,
"size": 74,
"hull": 23,
"seed": 0,
"copy2device": 349.039,
"find_extremes": 8.61712,
"find_corners": 23.7512,
"find_points_in_Q": 9.3016,
"compaction": 8.08816,
"copy2host": 0.016192,
"filter": 49.8146,
"delete": 0,
"preparation": 0.014464,
"cgal_convex_hull": 0.01392,
"total": 49.8285
}