{
"n": 268435456,
"size": 140,
"hull": 22,
"seed": 0,
"copy2device": 306.62,
"find_extremes": 8.74842,
"find_corners": 22.618,
"find_points_in_Q": 5.3775,
"compaction": 3.80528,
"copy2host": 371.968,
"filter": 40.608,
"delete": 0,
"preparation": 0.044,
"cgal_convex_hull": 0.019104,
"total": 40.6271
}