{
"n": 603979776,
"size": 71,
"hull": 20,
"seed": 0,
"copy2device": 735.733,
"find_extremes": 17.101,
"find_corners": 48.9125,
"find_points_in_Q": 19.5734,
"compaction": 6.35626,
"copy2host": 0.016416,
"filter": 92.003,
"delete": 0,
"preparation": 0.021056,
"cgal_convex_hull": 0.014304,
"total": 92.0173
}