{
"n": 637534208,
"size": 38222,
"hull": 38,
"seed": 0,
"copy2device": 844.557,
"find_extremes": 13.0783,
"find_corners": 61.493,
"find_points_in_Q": 13.456,
"compaction": 7.34006,
"copy2host": 811.837,
"delete": 0,
"preparation": 14.2074,
"cgal_convex_hull": 3.97738,
"total": 911.182
}