{
"n": 671088640,
"size": 86,
"hull": 20,
"seed": 0,
"copy2device": 821.875,
"find_extremes": 19.0784,
"find_corners": 53.6528,
"find_points_in_Q": 15.4724,
"compaction": 7.08816,
"copy2host": 941.935,
"filter": 95.3531,
"delete": 0,
"preparation": 0.028416,
"cgal_convex_hull": 0.014912,
"total": 95.368
}