{
"n": 771751936,
"size": 121,
"hull": 21,
"seed": 0,
"copy2device": 943.696,
"find_extremes": 21.83,
"find_corners": 60.5991,
"find_points_in_Q": 14.527,
"compaction": 8.82256,
"copy2host": 0.015904,
"filter": 105.839,
"delete": 0,
"preparation": 0.02448,
"cgal_convex_hull": 0.016224,
"total": 105.855
}