{
"n": 671088640,
"size": 59,
"hull": 24,
"seed": 0,
"copy2device": 826.706,
"find_extremes": 19.0706,
"find_corners": 52.9127,
"find_points_in_Q": 19.3291,
"compaction": 8.57162,
"copy2host": 929.836,
"filter": 99.9424,
"delete": 0,
"preparation": 0.023424,
"cgal_convex_hull": 0.013312,
"total": 99.9557
}