{
"n": 603979776,
"size": 188,
"hull": 23,
"seed": 0,
"copy2device": 532.311,
"find_extremes": 12.3735,
"find_corners": 58.3395,
"find_points_in_Q": 12.8779,
"compaction": 6.99242,
"copy2host": 702.107,
"delete": 0,
"preparation": 0.044384,
"cgal_convex_hull": 0.0208,
"total": 792.711
}