{
"n": 268435456,
"size": 79,
"hull": 21,
"seed": 0,
"copy2device": 309.887,
"find_extremes": 7.72509,
"find_corners": 21.7372,
"find_points_in_Q": 8.20035,
"compaction": 3.39008,
"copy2host": 375.08,
"filter": 41.1114,
"delete": 0,
"preparation": 0.02896,
"cgal_convex_hull": 0.014464,
"total": 41.1259
}