{
"n": 67108864,
"size": 141,
"hull": 20,
"seed": 0,
"copy2device": 76.0987,
"find_extremes": 2.11453,
"find_corners": 6.5767,
"find_points_in_Q": 1.71994,
"compaction": 1.02774,
"copy2host": 96.5156,
"filter": 11.4931,
"delete": 0,
"preparation": 0.022656,
"cgal_convex_hull": 0.017632,
"total": 11.5108
}