{
"n": 167772160,
"size": 116,
"hull": 20,
"seed": 0,
"copy2device": 194.317,
"find_extremes": 4.86621,
"find_corners": 13.3579,
"find_points_in_Q": 7.81427,
"compaction": 2.06995,
"copy2host": 237.494,
"filter": 28.1633,
"delete": 0,
"preparation": 0.02032,
"cgal_convex_hull": 0.016832,
"total": 28.1802
}