{
"n": 503316480,
"size": 26870,
"hull": 34,
"seed": 0,
"copy2device": 677.839,
"find_extremes": 10.325,
"find_corners": 48.1106,
"find_points_in_Q": 10.7241,
"compaction": 5.87059,
"copy2host": 565.422,
"delete": 0,
"preparation": 1.11549,
"cgal_convex_hull": 2.79152,
"total": 643.244
}