{
"n": 369098752,
"size": 176,
"hull": 19,
"seed": 0,
"copy2device": 503.995,
"find_extremes": 10.5452,
"find_corners": 33.1605,
"find_points_in_Q": 8.16576,
"compaction": 4.04448,
"copy2host": 516.179,
"filter": 55.9732,
"delete": 0,
"preparation": 0.060768,
"cgal_convex_hull": 0.023104,
"total": 55.9963
}