{
"n": 469762048,
"size": 566,
"hull": 22,
"seed": 0,
"copy2device": 544.43,
"find_extremes": 13.3327,
"find_corners": 39.0644,
"find_points_in_Q": 10.7016,
"compaction": 5.03741,
"copy2host": 0.01648,
"filter": 68.1928,
"delete": 0,
"preparation": 0.08592,
"cgal_convex_hull": 0.045184,
"total": 68.238
}