{
"n": 369098752,
"size": 82,
"hull": 20,
"seed": 0,
"copy2device": 467.395,
"find_extremes": 13.2869,
"find_corners": 30.2976,
"find_points_in_Q": 9.0311,
"compaction": 4.28141,
"copy2host": 511.536,
"filter": 56.9564,
"delete": 0,
"preparation": 0.030624,
"cgal_convex_hull": 0.013216,
"total": 56.9697
}