{
"n": 436207616,
"size": 233,
"hull": 23,
"seed": 0,
"copy2device": 343.767,
"find_extremes": 8.98378,
"find_corners": 42.0252,
"find_points_in_Q": 9.33642,
"compaction": 5.1184,
"copy2host": 528.26,
"delete": 0,
"preparation": 0.05696,
"cgal_convex_hull": 0.02624,
"total": 593.75
}