{
"n": 536870912,
"size": 240,
"hull": 22,
"seed": 0,
"copy2device": 660.568,
"find_extremes": 15.2766,
"find_corners": 41.8488,
"find_points_in_Q": 10.2734,
"compaction": 5.73478,
"copy2host": 840.272,
"filter": 73.1918,
"delete": 0,
"preparation": 0.05536,
"cgal_convex_hull": 0.025632,
"total": 73.2174
}