{
"n": 469762048,
"size": 111,
"hull": 24,
"seed": 0,
"copy2device": 581.514,
"find_extremes": 13.3884,
"find_corners": 39.955,
"find_points_in_Q": 9.07434,
"compaction": 5.03456,
"copy2host": 647.759,
"filter": 67.5111,
"delete": 0,
"preparation": 0.025472,
"cgal_convex_hull": 0.017408,
"total": 67.5285
}