{
"n": 704643072,
"size": 107,
"hull": 18,
"seed": 0,
"copy2device": 870.575,
"find_extremes": 19.9367,
"find_corners": 55.4883,
"find_points_in_Q": 13.3252,
"compaction": 7.35962,
"copy2host": 0.015648,
"filter": 96.1677,
"delete": 0,
"preparation": 0.022304,
"cgal_convex_hull": 0.01632,
"total": 96.1841
}