{
"n": 234881024,
"size": 19440,
"hull": 43,
"seed": 0,
"copy2device": 304.935,
"find_extremes": 4.8951,
"find_corners": 23.0638,
"find_points_in_Q": 5.172,
"compaction": 2.87677,
"copy2host": 238.124,
"delete": 0,
"preparation": 6.26781,
"cgal_convex_hull": 1.95238,
"total": 276.084
}