{
"n": 369098752,
"size": 312,
"hull": 20,
"seed": 0,
"copy2device": 260.622,
"find_extremes": 7.61395,
"find_corners": 35.0068,
"find_points_in_Q": 7.99184,
"compaction": 4.35514,
"copy2host": 446.523,
"delete": 0,
"preparation": 0.054496,
"cgal_convex_hull": 0.026176,
"total": 501.517
}