{
"n": 671088640,
"size": 366,
"hull": 21,
"seed": 0,
"copy2device": 788.319,
"find_extremes": 19.0116,
"find_corners": 52.6372,
"find_points_in_Q": 12.7389,
"compaction": 7.02138,
"copy2host": 0.01632,
"filter": 91.4668,
"delete": 0,
"preparation": 0.075232,
"cgal_convex_hull": 0.033248,
"total": 91.5
}