{
"n": 33554432,
"size": 5385,
"hull": 46,
"seed": 0,
"copy2device": 18.2288,
"find_extremes": 0.76,
"find_corners": 3.28154,
"find_points_in_Q": 0.813792,
"compaction": 0.519072,
"copy2host": 34.6826,
"delete": 0,
"preparation": 0.116256,
"cgal_convex_hull": 0.454208,
"total": 40.5112
}