{
"n": 771751936,
"size": 139,
"hull": 24,
"seed": 0,
"copy2device": 989.698,
"find_extremes": 21.9119,
"find_corners": 62.4522,
"find_points_in_Q": 16.535,
"compaction": 8.06227,
"copy2host": 1079.94,
"filter": 109.019,
"delete": 0,
"preparation": 0.050784,
"cgal_convex_hull": 0.019712,
"total": 109.039
}