{
"n": 201326592,
"size": 103,
"hull": 21,
"seed": 0,
"copy2device": 230.729,
"find_extremes": 5.81286,
"find_corners": 17.3889,
"find_points_in_Q": 4.15904,
"compaction": 2.38906,
"copy2host": 282.058,
"filter": 29.8082,
"delete": 0,
"preparation": 0.025216,
"cgal_convex_hull": 0.019072,
"total": 29.8272
}