{
"n": 335544320,
"size": 14502,
"hull": 48,
"seed": 0,
"copy2device": 390.362,
"find_extremes": 6.90941,
"find_corners": 32.6755,
"find_points_in_Q": 7.26365,
"compaction": 3.98518,
"copy2host": 341.428,
"delete": 0,
"preparation": 3.98522,
"cgal_convex_hull": 1.47654,
"total": 393.738
}