{
"n": 234881024,
"size": 18145,
"hull": 41,
"seed": 0,
"copy2device": 303.768,
"find_extremes": 4.88931,
"find_corners": 23.0168,
"find_points_in_Q": 5.20506,
"compaction": 2.87846,
"copy2host": 236.339,
"delete": 0,
"preparation": 3.39949,
"cgal_convex_hull": 1.83229,
"total": 274.161
}