{
"n": 234881024,
"size": 232,
"hull": 19,
"seed": 0,
"copy2device": 278.965,
"find_extremes": 6.72954,
"find_corners": 18.4739,
"find_points_in_Q": 7.36541,
"compaction": 18.2307,
"copy2host": 0.01648,
"filter": 50.8575,
"delete": 0,
"preparation": 0.037824,
"cgal_convex_hull": 0.024832,
"total": 50.8824
}