{
"n": 570425344,
"size": 118,
"hull": 19,
"seed": 0,
"copy2device": 726.862,
"find_extremes": 16.1608,
"find_corners": 44.2236,
"find_points_in_Q": 13.7615,
"compaction": 6.0201,
"copy2host": 0.016992,
"filter": 80.2215,
"delete": 0,
"preparation": 0.021856,
"cgal_convex_hull": 0.01792,
"total": 80.2394
}