{
"n": 570425344,
"size": 808,
"hull": 19,
"seed": 0,
"copy2device": 704.967,
"find_extremes": 16.1655,
"find_corners": 45.0253,
"find_points_in_Q": 15.3788,
"compaction": 6.02547,
"copy2host": 0.020192,
"filter": 82.6526,
"delete": 0,
"preparation": 0.114944,
"cgal_convex_hull": 0.065152,
"total": 82.7178
}