{
"n": 738197504,
"size": 82,
"hull": 20,
"seed": 0,
"copy2device": 853.138,
"find_extremes": 20.9153,
"find_corners": 57.6817,
"find_points_in_Q": 13.9603,
"compaction": 7.7079,
"copy2host": 0.017952,
"filter": 100.326,
"delete": 0,
"preparation": 0.02576,
"cgal_convex_hull": 0.01616,
"total": 100.342
}