{
"n": 335544320,
"size": 139,
"hull": 25,
"seed": 0,
"copy2device": 432.866,
"find_extremes": 9.60131,
"find_corners": 26.3784,
"find_points_in_Q": 6.86582,
"compaction": 5.56266,
"copy2host": 465.729,
"filter": 48.4676,
"delete": 0,
"preparation": 0.048576,
"cgal_convex_hull": 0.019648,
"total": 48.4873
}