{
"n": 771751936,
"size": 120,
"hull": 21,
"seed": 0,
"copy2device": 959.57,
"find_extremes": 21.8289,
"find_corners": 61.3214,
"find_points_in_Q": 16.0156,
"compaction": 8.30006,
"copy2host": 0.018432,
"filter": 107.525,
"delete": 0,
"preparation": 0.022528,
"cgal_convex_hull": 0.016928,
"total": 107.542
}