{
"n": 771751936,
"size": 133,
"hull": 19,
"seed": 0,
"copy2device": 938.516,
"find_extremes": 21.8347,
"find_corners": 61.2348,
"find_points_in_Q": 14.5127,
"compaction": 8.06739,
"copy2host": 0.017824,
"filter": 105.708,
"delete": 0,
"preparation": 0.026144,
"cgal_convex_hull": 0.017312,
"total": 105.725
}