{
"n": 671088640,
"size": 49,
"hull": 19,
"seed": 0,
"copy2device": 793.38,
"find_extremes": 18.9964,
"find_corners": 53.0996,
"find_points_in_Q": 12.7037,
"compaction": 7.03638,
"copy2host": 0.015424,
"filter": 91.8953,
"delete": 0,
"preparation": 0.01328,
"cgal_convex_hull": 0.011648,
"total": 91.9069
}