{
"n": 738197504,
"size": 77,
"hull": 22,
"seed": 0,
"copy2device": 916.497,
"find_extremes": 20.961,
"find_corners": 58.7914,
"find_points_in_Q": 14.0006,
"compaction": 10.426,
"copy2host": 1028.67,
"filter": 104.237,
"delete": 0,
"preparation": 0.028096,
"cgal_convex_hull": 0.01344,
"total": 104.251
}