{
"n": 637534208,
"size": 185,
"hull": 22,
"seed": 0,
"copy2device": 744.819,
"find_extremes": 18.0498,
"find_corners": 63.0221,
"find_points_in_Q": 21.532,
"compaction": 8.25347,
"copy2host": 0.018112,
"filter": 110.914,
"delete": 0,
"preparation": 0.033888,
"cgal_convex_hull": 0.023424,
"total": 110.938
}