{
"n": 167772160,
"size": 96,
"hull": 18,
"seed": 0,
"copy2device": 199.715,
"find_extremes": 4.84301,
"find_corners": 14.744,
"find_points_in_Q": 3.39818,
"compaction": 3.93635,
"copy2host": 0.01536,
"filter": 26.9782,
"delete": 0,
"preparation": 0.017888,
"cgal_convex_hull": 0.015552,
"total": 26.9937
}