{
"n": 771751936,
"size": 62,
"hull": 20,
"seed": 0,
"copy2device": 930.359,
"find_extremes": 21.9078,
"find_corners": 64.7577,
"find_points_in_Q": 16.7672,
"compaction": 8.08144,
"copy2host": 1074.84,
"filter": 111.574,
"delete": 0,
"preparation": 0.027136,
"cgal_convex_hull": 0.01328,
"total": 111.587
}