{
"n": 201326592,
"size": 97,
"hull": 23,
"seed": 0,
"copy2device": 230.558,
"find_extremes": 5.788,
"find_corners": 16.7468,
"find_points_in_Q": 8.44458,
"compaction": 2.35786,
"copy2host": 0.015328,
"filter": 33.3935,
"delete": 0,
"preparation": 0.017728,
"cgal_convex_hull": 0.015584,
"total": 33.4091
}