{
"n": 67108864,
"size": 345,
"hull": 17,
"seed": 0,
"copy2device": 79.202,
"find_extremes": 2.01392,
"find_corners": 5.56538,
"find_points_in_Q": 3.12406,
"compaction": 1.00397,
"copy2host": 0.014848,
"filter": 11.7593,
"delete": 0,
"preparation": 0.045856,
"cgal_convex_hull": 0.03056,
"total": 11.7898
}