{
"n": 436207616,
"size": 37051,
"hull": 44,
"seed": 0,
"copy2device": 622.518,
"find_extremes": 8.97651,
"find_corners": 42.1851,
"find_points_in_Q": 9.36675,
"compaction": 5.10832,
"copy2host": 484.839,
"delete": 0,
"preparation": 9.82138,
"cgal_convex_hull": 3.70534,
"total": 554.181
}