{
"n": 301989888,
"size": 53,
"hull": 19,
"seed": 0,
"copy2device": 386.764,
"find_extremes": 8.65581,
"find_corners": 32.6708,
"find_points_in_Q": 9.19574,
"compaction": 7.20058,
"copy2host": 421.29,
"filter": 57.7805,
"delete": 0,
"preparation": 0.028,
"cgal_convex_hull": 0.011712,
"total": 57.7922
}