{
"n": 637534208,
"size": 211,
"hull": 21,
"seed": 0,
"copy2device": 777.704,
"find_extremes": 18.1222,
"find_corners": 49.5396,
"find_points_in_Q": 12.8398,
"compaction": 6.93437,
"copy2host": 890.271,
"filter": 87.4942,
"delete": 0,
"preparation": 0.06208,
"cgal_convex_hull": 0.023712,
"total": 87.518
}