{
"n": 503316480,
"size": 158,
"hull": 18,
"seed": 0,
"copy2device": 583.221,
"find_extremes": 14.2819,
"find_corners": 39.1659,
"find_points_in_Q": 9.50534,
"compaction": 5.34214,
"copy2host": 0.017312,
"filter": 68.3523,
"delete": 0,
"preparation": 0.04496,
"cgal_convex_hull": 0.020192,
"total": 68.3725
}