{
"n": 100663296,
"size": 249,
"hull": 17,
"seed": 0,
"copy2device": 117.223,
"find_extremes": 2.97101,
"find_corners": 8.25488,
"find_points_in_Q": 2.23133,
"compaction": 1.35962,
"copy2host": 143.441,
"filter": 14.8706,
"delete": 0,
"preparation": 0.046208,
"cgal_convex_hull": 0.028096,
"total": 14.8987
}