{
"n": 402653184,
"size": 77,
"hull": 16,
"seed": 0,
"copy2device": 543.136,
"find_extremes": 11.4905,
"find_corners": 36.3782,
"find_points_in_Q": 11.5488,
"compaction": 4.39069,
"copy2host": 565.435,
"filter": 63.8668,
"delete": 0,
"preparation": 0.028544,
"cgal_convex_hull": 0.012576,
"total": 63.8794
}