{
"n": 234881024,
"size": 99,
"hull": 23,
"seed": 0,
"copy2device": 299.773,
"find_extremes": 6.7751,
"find_corners": 20.181,
"find_points_in_Q": 6.27494,
"compaction": 6.84208,
"copy2host": 329.776,
"filter": 40.1316,
"delete": 0,
"preparation": 0.023744,
"cgal_convex_hull": 0.016608,
"total": 40.1482
}