{
"n": 469762048,
"size": 65,
"hull": 16,
"seed": 0,
"copy2device": 579.789,
"find_extremes": 13.3856,
"find_corners": 36.6425,
"find_points_in_Q": 9.08915,
"compaction": 5.04973,
"copy2host": 651.985,
"filter": 64.2258,
"delete": 0,
"preparation": 0.029856,
"cgal_convex_hull": 0.012064,
"total": 64.2378
}