{
"n": 67108864,
"size": 101,
"hull": 17,
"seed": 0,
"copy2device": 66.2377,
"find_extremes": 2.08605,
"find_corners": 8.49594,
"find_points_in_Q": 8.80659,
"compaction": 5.20224,
"copy2host": 94.6817,
"filter": 24.6474,
"delete": 0,
"preparation": 0.019712,
"cgal_convex_hull": 0.01424,
"total": 24.6616
}