{
"n": 301989888,
"size": 155,
"hull": 16,
"seed": 0,
"copy2device": 386.171,
"find_extremes": 8.652,
"find_corners": 25.1105,
"find_points_in_Q": 6.14925,
"compaction": 3.39459,
"copy2host": 425.186,
"filter": 43.3642,
"delete": 0,
"preparation": 0.044448,
"cgal_convex_hull": 0.020672,
"total": 43.3848
}