{
"n": 637534208,
"size": 102,
"hull": 21,
"seed": 0,
"copy2device": 724.625,
"find_extremes": 18.1201,
"find_corners": 52.8556,
"find_points_in_Q": 11.8212,
"compaction": 8.06298,
"copy2host": 892.264,
"filter": 90.9185,
"delete": 0,
"preparation": 0.028896,
"cgal_convex_hull": 0.0184,
"total": 90.9369
}