{
"n": 469762048,
"size": 31,
"hull": 17,
"seed": 0,
"copy2device": 571.38,
"find_extremes": 13.3838,
"find_corners": 38.7857,
"find_points_in_Q": 10.3232,
"compaction": 5.0536,
"copy2host": 650.652,
"filter": 67.6074,
"delete": 0,
"preparation": 0.010912,
"cgal_convex_hull": 0.010976,
"total": 67.6183
}