{
"n": 603979776,
"size": 47,
"hull": 19,
"seed": 0,
"copy2device": 817.495,
"find_extremes": 17.1736,
"find_corners": 48.4905,
"find_points_in_Q": 11.4938,
"compaction": 6.36438,
"copy2host": 841.133,
"filter": 83.5827,
"delete": 0,
"preparation": 0.024896,
"cgal_convex_hull": 0.01136,
"total": 83.594
}