{
"n": 402653184,
"size": 127,
"hull": 19,
"seed": 0,
"copy2device": 284.786,
"find_extremes": 8.29315,
"find_corners": 38.9042,
"find_points_in_Q": 8.59165,
"compaction": 4.75802,
"copy2host": 495.213,
"delete": 0,
"preparation": 0.026304,
"cgal_convex_hull": 0.0168,
"total": 555.777
}