{
"n": 637534208,
"size": 349,
"hull": 19,
"seed": 0,
"copy2device": 848.822,
"find_extremes": 18.1229,
"find_corners": 55.3177,
"find_points_in_Q": 14.9066,
"compaction": 6.70717,
"copy2host": 888.226,
"filter": 95.1126,
"delete": 0,
"preparation": 0.110432,
"cgal_convex_hull": 0.035776,
"total": 95.1484
}