{
"n": 838860800,
"size": 185,
"hull": 26,
"seed": 0,
"copy2device": 706.41,
"find_extremes": 17.1526,
"find_corners": 79.4167,
"find_points_in_Q": 17.5964,
"compaction": 9.57338,
"copy2host": 860.298,
"delete": 0,
"preparation": 0.027936,
"cgal_convex_hull": 0.020832,
"total": 984.057
}