{
"n": 805306368,
"size": 36105,
"hull": 42,
"seed": 0,
"copy2device": 1131.69,
"find_extremes": 16.4911,
"find_corners": 78.5321,
"find_points_in_Q": 17.4704,
"compaction": 9.30358,
"copy2host": 903.86,
"delete": 0,
"preparation": 9.93594,
"cgal_convex_hull": 3.75718,
"total": 1029.41
}