{
"n": 100663296,
"size": 97,
"hull": 21,
"seed": 0,
"copy2device": 120.869,
"find_extremes": 2.96342,
"find_corners": 8.58998,
"find_points_in_Q": 2.26525,
"compaction": 1.34618,
"copy2host": 0.014464,
"filter": 15.2186,
"delete": 0,
"preparation": 0.017568,
"cgal_convex_hull": 0.015168,
"total": 15.2338
}