{
"n": 201326592,
"size": 255,
"hull": 20,
"seed": 0,
"copy2device": 235.739,
"find_extremes": 5.78973,
"find_corners": 15.9148,
"find_points_in_Q": 4.0511,
"compaction": 2.37194,
"copy2host": 0.016352,
"filter": 28.1852,
"delete": 0,
"preparation": 0.04192,
"cgal_convex_hull": 0.028096,
"total": 28.2133
}