{
"n": 335544320,
"size": 1838,
"hull": 20,
"seed": 0,
"copy2device": 428.649,
"find_extremes": 9.59837,
"find_corners": 27.9349,
"find_points_in_Q": 6.37654,
"compaction": 3.70851,
"copy2host": 464.297,
"filter": 47.6748,
"delete": 0,
"preparation": 0.228096,
"cgal_convex_hull": 0.150176,
"total": 47.825
}