{
"n": 637534208,
"size": 258,
"hull": 22,
"seed": 0,
"copy2device": 744.861,
"find_extremes": 18.0543,
"find_corners": 50.076,
"find_points_in_Q": 13.7172,
"compaction": 6.68736,
"copy2host": 0.017728,
"filter": 88.5921,
"delete": 0,
"preparation": 0.046656,
"cgal_convex_hull": 0.026336,
"total": 88.6184
}