{
"n": 335544320,
"size": 18595,
"hull": 42,
"seed": 0,
"copy2device": 386.061,
"find_extremes": 6.91197,
"find_corners": 32.2656,
"find_points_in_Q": 7.31021,
"compaction": 4.69366,
"copy2host": 347.424,
"delete": 0,
"preparation": 7.08224,
"cgal_convex_hull": 1.85434,
"total": 400.46
}