{
"n": 704643072,
"size": 115,
"hull": 21,
"seed": 0,
"copy2device": 856.863,
"find_extremes": 20.0143,
"find_corners": 58.4884,
"find_points_in_Q": 14.1582,
"compaction": 8.1841,
"copy2host": 985.322,
"filter": 100.904,
"delete": 0,
"preparation": 0.03648,
"cgal_convex_hull": 0.016896,
"total": 100.921
}