{
"n": 100663296,
"size": 38,
"hull": 19,
"seed": 0,
"copy2device": 118.088,
"find_extremes": 2.96602,
"find_corners": 8.1465,
"find_points_in_Q": 2.22243,
"compaction": 1.33504,
"copy2host": 0.014336,
"filter": 14.7238,
"delete": 0,
"preparation": 0.009312,
"cgal_convex_hull": 0.010848,
"total": 14.7347
}