{
"n": 402653184,
"size": 29553,
"hull": 38,
"seed": 0,
"copy2device": 538.994,
"find_extremes": 8.30627,
"find_corners": 38.7564,
"find_points_in_Q": 8.75325,
"compaction": 4.75229,
"copy2host": 495.515,
"delete": 0,
"preparation": 8.56538,
"cgal_convex_hull": 3.0569,
"total": 559.14
}