{
"n": 536870912,
"size": 198,
"hull": 19,
"seed": 0,
"copy2device": 699.886,
"find_extremes": 15.2836,
"find_corners": 44.9559,
"find_points_in_Q": 10.2616,
"compaction": 7.00202,
"copy2host": 785.339,
"filter": 77.5612,
"delete": 0,
"preparation": 0.072032,
"cgal_convex_hull": 0.023808,
"total": 77.585
}