{
"n": 201326592,
"size": 99,
"hull": 22,
"seed": 0,
"copy2device": 137.77,
"find_extremes": 4.17888,
"find_corners": 19.5555,
"find_points_in_Q": 4.52147,
"compaction": 2.53318,
"copy2host": 255.472,
"delete": 0,
"preparation": 0.010048,
"cgal_convex_hull": 0.016128,
"total": 286.277
}