{
"n": 603979776,
"size": 149,
"hull": 19,
"seed": 0,
"copy2device": 747.701,
"find_extremes": 17.107,
"find_corners": 48.8764,
"find_points_in_Q": 14.2425,
"compaction": 6.35974,
"copy2host": 0.017792,
"filter": 86.6435,
"delete": 0,
"preparation": 0.0272,
"cgal_convex_hull": 0.020256,
"total": 86.6637
}