{
"n": 469762048,
"size": 402,
"hull": 22,
"seed": 0,
"copy2device": 583.073,
"find_extremes": 13.3796,
"find_corners": 38.1433,
"find_points_in_Q": 9.11738,
"compaction": 5.05629,
"copy2host": 653.362,
"filter": 65.7552,
"delete": 0,
"preparation": 0.118176,
"cgal_convex_hull": 0.03728,
"total": 65.7925
}