{
"n": 134217728,
"size": 255,
"hull": 21,
"seed": 0,
"copy2device": 155.792,
"find_extremes": 3.91958,
"find_corners": 10.8517,
"find_points_in_Q": 3.16586,
"compaction": 4.12006,
"copy2host": 190.657,
"filter": 22.1128,
"delete": 0,
"preparation": 0.038016,
"cgal_convex_hull": 0.025792,
"total": 22.1386
}