{
"n": 637534208,
"size": 229,
"hull": 22,
"seed": 0,
"copy2device": 768.849,
"find_extremes": 18.0504,
"find_corners": 53.1586,
"find_points_in_Q": 18.9345,
"compaction": 15.1966,
"copy2host": 0.018464,
"filter": 105.402,
"delete": 0,
"preparation": 0.040352,
"cgal_convex_hull": 0.025376,
"total": 105.427
}