{
"n": 469762048,
"size": 97,
"hull": 22,
"seed": 0,
"copy2device": 527.094,
"find_extremes": 13.3764,
"find_corners": 36.6491,
"find_points_in_Q": 8.85056,
"compaction": 6.64224,
"copy2host": 652.557,
"filter": 65.5763,
"delete": 0,
"preparation": 0.039104,
"cgal_convex_hull": 0.015296,
"total": 65.5916
}