{
"n": 201326592,
"size": 75,
"hull": 20,
"seed": 0,
"copy2device": 235.977,
"find_extremes": 5.78886,
"find_corners": 17.2946,
"find_points_in_Q": 9.17958,
"compaction": 4.81558,
"copy2host": 0.015936,
"filter": 37.1359,
"delete": 0,
"preparation": 0.01552,
"cgal_convex_hull": 0.014464,
"total": 37.1504
}