{
"n": 536870912,
"size": 180,
"hull": 24,
"seed": 0,
"copy2device": 701.589,
"find_extremes": 15.2763,
"find_corners": 48.0681,
"find_points_in_Q": 11.5952,
"compaction": 5.92368,
"copy2host": 754.986,
"filter": 80.9207,
"delete": 0,
"preparation": 0.063136,
"cgal_convex_hull": 0.022912,
"total": 80.9436
}