{
"n": 738197504,
"size": 124,
"hull": 22,
"seed": 0,
"copy2device": 883.839,
"find_extremes": 20.9685,
"find_corners": 58.9098,
"find_points_in_Q": 18.0803,
"compaction": 7.70874,
"copy2host": 1032.95,
"filter": 105.727,
"delete": 0,
"preparation": 0.038912,
"cgal_convex_hull": 0.017984,
"total": 105.745
}