{
"n": 738197504,
"size": 44011,
"hull": 31,
"seed": 0,
"copy2device": 890.43,
"find_extremes": 15.1055,
"find_corners": 70.5673,
"find_points_in_Q": 15.6211,
"compaction": 8.49165,
"copy2host": 967.571,
"delete": 0,
"preparation": 12.6351,
"cgal_convex_hull": 4.63498,
"total": 1081.99
}