{
"n": 369098752,
"size": 136,
"hull": 18,
"seed": 0,
"copy2device": 468.141,
"find_extremes": 10.5428,
"find_corners": 29.7797,
"find_points_in_Q": 7.14163,
"compaction": 4.67501,
"copy2host": 512.429,
"filter": 52.1969,
"delete": 0,
"preparation": 0.028256,
"cgal_convex_hull": 0.018272,
"total": 52.2151
}