{
"n": 704643072,
"size": 196,
"hull": 21,
"seed": 0,
"copy2device": 853.806,
"find_extremes": 20.0095,
"find_corners": 61.2333,
"find_points_in_Q": 24.9423,
"compaction": 12.1569,
"copy2host": 994.824,
"filter": 118.401,
"delete": 0,
"preparation": 0.050944,
"cgal_convex_hull": 0.023808,
"total": 118.425
}