{
"n": 536870912,
"size": 352,
"hull": 24,
"seed": 0,
"copy2device": 707.351,
"find_extremes": 15.2935,
"find_corners": 42.762,
"find_points_in_Q": 10.1681,
"compaction": 10.2105,
"copy2host": 787.434,
"filter": 78.4931,
"delete": 0,
"preparation": 0.11168,
"cgal_convex_hull": 0.034368,
"total": 78.5274
}