{
"n": 301989888,
"size": 263,
"hull": 23,
"seed": 0,
"copy2device": 407.748,
"find_extremes": 8.64998,
"find_corners": 34.6637,
"find_points_in_Q": 13.176,
"compaction": 8.85779,
"copy2host": 423.051,
"filter": 65.405,
"delete": 0,
"preparation": 0.078656,
"cgal_convex_hull": 0.02752,
"total": 65.4325
}