{
"n": 637534208,
"size": 157,
"hull": 17,
"seed": 0,
"copy2device": 778.718,
"find_extremes": 18.044,
"find_corners": 51.4054,
"find_points_in_Q": 12.8868,
"compaction": 9.85664,
"copy2host": 0.017888,
"filter": 92.2511,
"delete": 0,
"preparation": 0.028448,
"cgal_convex_hull": 0.020896,
"total": 92.272
}