{
"n": 503316480,
"size": 66,
"hull": 21,
"seed": 0,
"copy2device": 660.163,
"find_extremes": 14.3266,
"find_corners": 39.262,
"find_points_in_Q": 15.3471,
"compaction": 5.37581,
"copy2host": 698.612,
"filter": 74.369,
"delete": 0,
"preparation": 0.025376,
"cgal_convex_hull": 0.013344,
"total": 74.3823
}