{
"n": 704643072,
"size": 141,
"hull": 20,
"seed": 0,
"copy2device": 893.834,
"find_extremes": 20.0163,
"find_corners": 54.6935,
"find_points_in_Q": 15.2613,
"compaction": 8.2328,
"copy2host": 992.355,
"filter": 98.2702,
"delete": 0,
"preparation": 0.049952,
"cgal_convex_hull": 0.01888,
"total": 98.2891
}