{
"n": 939524096,
"size": 177,
"hull": 21,
"seed": 0,
"copy2device": 835.192,
"find_extremes": 19.2072,
"find_corners": 89.5425,
"find_points_in_Q": 19.6876,
"compaction": 10.7123,
"copy2host": 1066.53,
"delete": 0,
"preparation": 0.045568,
"cgal_convex_hull": 0.021024,
"total": 1205.7
}