{
"n": 100663296,
"size": 12998,
"hull": 47,
"seed": 0,
"copy2device": 91.8522,
"find_extremes": 2.14278,
"find_corners": 9.83392,
"find_points_in_Q": 2.2737,
"compaction": 1.3767,
"copy2host": 105.679,
"delete": 0,
"preparation": 3.85491,
"cgal_convex_hull": 1.22221,
"total": 122.528
}