{
"n": 603979776,
"size": 95,
"hull": 24,
"seed": 0,
"copy2device": 758.593,
"find_extremes": 18.9417,
"find_corners": 48.2432,
"find_points_in_Q": 11.4852,
"compaction": 6.33974,
"copy2host": 0.016608,
"filter": 85.0685,
"delete": 0,
"preparation": 0.022208,
"cgal_convex_hull": 0.015104,
"total": 85.0836
}