{
"n": 167772160,
"size": 102,
"hull": 21,
"seed": 0,
"copy2device": 194.114,
"find_extremes": 4.86566,
"find_corners": 13.3554,
"find_points_in_Q": 3.76429,
"compaction": 2.04483,
"copy2host": 235.626,
"filter": 24.0864,
"delete": 0,
"preparation": 0.020416,
"cgal_convex_hull": 0.015488,
"total": 24.1019
}