{
"n": 738197504,
"size": 107,
"hull": 20,
"seed": 0,
"copy2device": 972.968,
"find_extremes": 20.9559,
"find_corners": 60.8479,
"find_points_in_Q": 20.7459,
"compaction": 9.47504,
"copy2host": 1033.99,
"filter": 112.085,
"delete": 0,
"preparation": 0.033248,
"cgal_convex_hull": 0.016192,
"total": 112.101
}