{
"n": 905969664,
"size": 139,
"hull": 21,
"seed": 0,
"copy2device": 856.165,
"find_extremes": 18.5206,
"find_corners": 85.8317,
"find_points_in_Q": 18.9524,
"compaction": 10.3427,
"copy2host": 944.654,
"delete": 0,
"preparation": 0.025056,
"cgal_convex_hull": 0.018016,
"total": 1078.32
}