{
"n": 234881024,
"size": 11678,
"hull": 41,
"seed": 0,
"copy2device": 257.949,
"find_extremes": 4.88445,
"find_corners": 22.8713,
"find_points_in_Q": 5.12752,
"compaction": 2.87754,
"copy2host": 247.062,
"delete": 0,
"preparation": 3.74976,
"cgal_convex_hull": 1.17574,
"total": 283.999
}