{
"n": 402653184,
"size": 108,
"hull": 18,
"seed": 0,
"copy2device": 476.314,
"find_extremes": 11.4865,
"find_corners": 36.3879,
"find_points_in_Q": 7.98224,
"compaction": 6.50957,
"copy2host": 555.292,
"filter": 62.4246,
"delete": 0,
"preparation": 0.038464,
"cgal_convex_hull": 0.016704,
"total": 62.4413
}