{
"n": 369098752,
"size": 386,
"hull": 25,
"seed": 0,
"copy2device": 461.599,
"find_extremes": 10.5415,
"find_corners": 31.2401,
"find_points_in_Q": 7.24835,
"compaction": 4.03667,
"copy2host": 516.288,
"filter": 53.132,
"delete": 0,
"preparation": 0.095904,
"cgal_convex_hull": 0.035904,
"total": 53.1679
}