{
"n": 469762048,
"size": 212,
"hull": 24,
"seed": 0,
"copy2device": 592.24,
"find_extremes": 13.3344,
"find_corners": 37.9758,
"find_points_in_Q": 12.3352,
"compaction": 6.47299,
"copy2host": 0.017888,
"filter": 70.1758,
"delete": 0,
"preparation": 0.04176,
"cgal_convex_hull": 0.025504,
"total": 70.2013
}