{
"n": 603979776,
"size": 396,
"hull": 21,
"seed": 0,
"copy2device": 733.801,
"find_extremes": 17.1647,
"find_corners": 51.7705,
"find_points_in_Q": 13.7657,
"compaction": 6.37334,
"copy2host": 839.934,
"filter": 89.1319,
"delete": 0,
"preparation": 0.101216,
"cgal_convex_hull": 0.037952,
"total": 89.1699
}