{
"n": 637534208,
"size": 129,
"hull": 24,
"seed": 0,
"copy2device": 823.629,
"find_extremes": 18.235,
"find_corners": 52.7053,
"find_points_in_Q": 14.1639,
"compaction": 8.21405,
"copy2host": 0.018272,
"filter": 93.3798,
"delete": 0,
"preparation": 0.033952,
"cgal_convex_hull": 0.018784,
"total": 93.3986
}