{
"n": 335544320,
"size": 198,
"hull": 19,
"seed": 0,
"copy2device": 428.96,
"find_extremes": 9.5975,
"find_corners": 26.3327,
"find_points_in_Q": 6.40013,
"compaction": 10.1492,
"copy2host": 464.415,
"filter": 52.5374,
"delete": 0,
"preparation": 0.04032,
"cgal_convex_hull": 0.023936,
"total": 52.5613
}