{
"n": 536870912,
"size": 194,
"hull": 19,
"seed": 0,
"copy2device": 600.56,
"find_extremes": 15.2178,
"find_corners": 48.8657,
"find_points_in_Q": 23.9939,
"compaction": 7.69088,
"copy2host": 0.01792,
"filter": 95.8247,
"delete": 0,
"preparation": 0.032896,
"cgal_convex_hull": 0.023264,
"total": 95.848
}