{
"n": 805306368,
"size": 262,
"hull": 21,
"seed": 0,
"copy2device": 679.315,
"find_extremes": 16.4702,
"find_corners": 78.181,
"find_points_in_Q": 17.3734,
"compaction": 9.22022,
"copy2host": 853.641,
"delete": 0,
"preparation": 0.043872,
"cgal_convex_hull": 0.024544,
"total": 974.91
}