{
"n": 704643072,
"size": 231,
"hull": 20,
"seed": 0,
"copy2device": 814.432,
"find_extremes": 19.9435,
"find_corners": 56.8516,
"find_points_in_Q": 13.2638,
"compaction": 7.56502,
"copy2host": 0.01712,
"filter": 97.6838,
"delete": 0,
"preparation": 0.049568,
"cgal_convex_hull": 0.025728,
"total": 97.7095
}