{
"n": 335544320,
"size": 162,
"hull": 23,
"seed": 0,
"copy2device": 385.785,
"find_extremes": 9.55898,
"find_corners": 27.529,
"find_points_in_Q": 9.21158,
"compaction": 6.05971,
"copy2host": 0.017248,
"filter": 52.4164,
"delete": 0,
"preparation": 0.03024,
"cgal_convex_hull": 0.0216,
"total": 52.438
}