{
"n": 570425344,
"size": 78,
"hull": 23,
"seed": 0,
"copy2device": 697.736,
"find_extremes": 16.2243,
"find_corners": 44.6271,
"find_points_in_Q": 10.8806,
"compaction": 6.07085,
"copy2host": 809.157,
"filter": 77.864,
"delete": 0,
"preparation": 0.030304,
"cgal_convex_hull": 0.014432,
"total": 77.8784
}