{
"n": 268435456,
"size": 98,
"hull": 20,
"seed": 0,
"copy2device": 337.855,
"find_extremes": 7.70829,
"find_corners": 22.5595,
"find_points_in_Q": 5.39501,
"compaction": 3.08653,
"copy2host": 372.291,
"filter": 38.8067,
"delete": 0,
"preparation": 0.021248,
"cgal_convex_hull": 0.01632,
"total": 38.823
}