{
"n": 301989888,
"size": 20434,
"hull": 45,
"seed": 0,
"copy2device": 321.563,
"find_extremes": 6.22794,
"find_corners": 28.8268,
"find_points_in_Q": 6.66819,
"compaction": 3.67149,
"copy2host": 321.942,
"delete": 0,
"preparation": 7.86707,
"cgal_convex_hull": 2.04477,
"total": 369.381
}