{
"n": 301989888,
"size": 137,
"hull": 20,
"seed": 0,
"copy2device": 211.463,
"find_extremes": 6.23072,
"find_corners": 28.5747,
"find_points_in_Q": 6.6888,
"compaction": 3.6703,
"copy2host": 341.196,
"delete": 0,
"preparation": 0.012704,
"cgal_convex_hull": 0.015968,
"total": 386.376
}