{
"n": 100663296,
"size": 18863,
"hull": 47,
"seed": 0,
"copy2device": 96.8505,
"find_extremes": 2.1473,
"find_corners": 9.83507,
"find_points_in_Q": 2.27034,
"compaction": 1.37891,
"copy2host": 115.104,
"delete": 0,
"preparation": 5.49862,
"cgal_convex_hull": 1.88762,
"total": 132.623
}