{
"n": 201326592,
"size": 86,
"hull": 20,
"seed": 0,
"copy2device": 244.32,
"find_extremes": 5.78874,
"find_corners": 16.5929,
"find_points_in_Q": 4.15018,
"compaction": 5.28234,
"copy2host": 0.016352,
"filter": 31.8715,
"delete": 0,
"preparation": 0.016448,
"cgal_convex_hull": 0.014432,
"total": 31.8859
}