{
"n": 134217728,
"size": 130,
"hull": 22,
"seed": 0,
"copy2device": 88.7333,
"find_extremes": 2.81376,
"find_corners": 13.1118,
"find_points_in_Q": 2.99715,
"compaction": 1.76691,
"copy2host": 158.202,
"delete": 0,
"preparation": 0.013472,
"cgal_convex_hull": 0.01808,
"total": 178.91
}