{
"n": 973078528,
"size": 38,
"hull": 14,
"seed": 0,
"copy2device": 851.417,
"find_extremes": 19.8833,
"find_corners": 93.5622,
"find_points_in_Q": 20.6636,
"compaction": 11.0732,
"copy2host": 1020.77,
"delete": 0,
"preparation": 0.014528,
"cgal_convex_hull": 0.010176,
"total": 1165.96
}