{
"n": 738197504,
"size": 114,
"hull": 17,
"seed": 0,
"copy2device": 882.328,
"find_extremes": 20.8905,
"find_corners": 59.1047,
"find_points_in_Q": 15.4995,
"compaction": 7.68115,
"copy2host": 0.0176,
"filter": 103.236,
"delete": 0,
"preparation": 0.022656,
"cgal_convex_hull": 0.016736,
"total": 103.252
}