{
"n": 503316480,
"size": 229,
"hull": 22,
"seed": 0,
"copy2device": 662.979,
"find_extremes": 14.3361,
"find_corners": 41.8284,
"find_points_in_Q": 22.0368,
"compaction": 6.74957,
"copy2host": 701.767,
"filter": 85.0101,
"delete": 0,
"preparation": 0.078208,
"cgal_convex_hull": 0.024928,
"total": 85.035
}