{
"n": 67108864,
"size": 40,
"hull": 20,
"seed": 0,
"copy2device": 77.8554,
"find_extremes": 2.12458,
"find_corners": 5.68934,
"find_points_in_Q": 1.69984,
"compaction": 1.02106,
"copy2host": 95.1589,
"filter": 10.5907,
"delete": 0,
"preparation": 0.010048,
"cgal_convex_hull": 0.010016,
"total": 10.6007
}