{
"n": 335544320,
"size": 20268,
"hull": 41,
"seed": 0,
"copy2device": 385.885,
"find_extremes": 6.90899,
"find_corners": 32.3028,
"find_points_in_Q": 7.38998,
"compaction": 3.98112,
"copy2host": 348.688,
"delete": 0,
"preparation": 7.36928,
"cgal_convex_hull": 2.04422,
"total": 401.315
}