{
"n": 335544320,
"size": 160,
"hull": 20,
"seed": 0,
"copy2device": 426.16,
"find_extremes": 9.59421,
"find_corners": 26.3309,
"find_points_in_Q": 9.33462,
"compaction": 6.44445,
"copy2host": 466.533,
"filter": 51.7621,
"delete": 0,
"preparation": 0.031712,
"cgal_convex_hull": 0.019136,
"total": 51.7812
}