{
"n": 671088640,
"size": 159,
"hull": 21,
"seed": 0,
"copy2device": 819.572,
"find_extremes": 19.0144,
"find_corners": 57.0764,
"find_points_in_Q": 12.7187,
"compaction": 7.06141,
"copy2host": 0.017024,
"filter": 95.9293,
"delete": 0,
"preparation": 0.037376,
"cgal_convex_hull": 0.022848,
"total": 95.9522
}