{
"n": 503316480,
"size": 157,
"hull": 21,
"seed": 0,
"copy2device": 620.831,
"find_extremes": 14.3306,
"find_corners": 40.6014,
"find_points_in_Q": 13.8473,
"compaction": 5.38029,
"copy2host": 696.791,
"filter": 74.2188,
"delete": 0,
"preparation": 0.0288,
"cgal_convex_hull": 0.020864,
"total": 74.2396
}