{
"n": 603979776,
"size": 35636,
"hull": 38,
"seed": 0,
"copy2device": 765.359,
"find_extremes": 12.3935,
"find_corners": 58.0373,
"find_points_in_Q": 12.8709,
"compaction": 6.99379,
"copy2host": 775.07,
"delete": 0,
"preparation": 15.1429,
"cgal_convex_hull": 3.75568,
"total": 869.121
}