{
"n": 134217728,
"size": 23308,
"hull": 44,
"seed": 0,
"copy2device": 170.648,
"find_extremes": 2.8161,
"find_corners": 12.9956,
"find_points_in_Q": 3.01318,
"compaction": 1.74259,
"copy2host": 151.368,
"delete": 0,
"preparation": 2.17427,
"cgal_convex_hull": 2.31872,
"total": 174.254
}