{
"n": 100663296,
"size": 62,
"hull": 21,
"seed": 0,
"copy2device": 65.1747,
"find_extremes": 2.13603,
"find_corners": 9.8185,
"find_points_in_Q": 2.29549,
"compaction": 1.3825,
"copy2host": 117.702,
"delete": 0,
"preparation": 0.012,
"cgal_convex_hull": 0.015968,
"total": 133.35
}