{
"n": 536870912,
"size": 335,
"hull": 20,
"seed": 0,
"copy2device": 381.828,
"find_extremes": 11.0221,
"find_corners": 51.2038,
"find_points_in_Q": 11.3747,
"compaction": 6.22509,
"copy2host": 584.347,
"delete": 0,
"preparation": 0.058816,
"cgal_convex_hull": 0.029024,
"total": 664.202
}