{
"n": 301989888,
"size": 56,
"hull": 19,
"seed": 0,
"copy2device": 359.651,
"find_extremes": 8.61462,
"find_corners": 25.6027,
"find_points_in_Q": 19.6975,
"compaction": 9.77478,
"copy2host": 0.017568,
"filter": 63.7467,
"delete": 0,
"preparation": 0.012192,
"cgal_convex_hull": 0.012672,
"total": 63.7593
}