{
"n": 167772160,
"size": 135,
"hull": 18,
"seed": 0,
"copy2device": 113.402,
"find_extremes": 3.49834,
"find_corners": 16.4288,
"find_points_in_Q": 3.77283,
"compaction": 2.14131,
"copy2host": 195.705,
"delete": 0,
"preparation": 0.013568,
"cgal_convex_hull": 0.01824,
"total": 221.564
}