{
"n": 67108864,
"size": 32,
"hull": 15,
"seed": 0,
"copy2device": 75.1492,
"find_extremes": 2.15853,
"find_corners": 5.58525,
"find_points_in_Q": 1.68486,
"compaction": 4.03651,
"copy2host": 94.8862,
"filter": 13.5192,
"delete": 0,
"preparation": 0.009024,
"cgal_convex_hull": 0.00992,
"total": 13.5292
}