{
"n": 637534208,
"size": 132,
"hull": 18,
"seed": 0,
"copy2device": 850.456,
"find_extremes": 18.1227,
"find_corners": 49.6237,
"find_points_in_Q": 14.3763,
"compaction": 10.1996,
"copy2host": 888.225,
"filter": 92.3815,
"delete": 0,
"preparation": 0.042368,
"cgal_convex_hull": 0.01936,
"total": 92.4009
}