{
"n": 234881024,
"size": 69,
"hull": 19,
"seed": 0,
"copy2device": 267.925,
"find_extremes": 6.75942,
"find_corners": 18.553,
"find_points_in_Q": 4.84752,
"compaction": 2.7615,
"copy2host": 325.403,
"filter": 32.9815,
"delete": 0,
"preparation": 0.022688,
"cgal_convex_hull": 0.01344,
"total": 32.9949
}