{
"n": 671088640,
"size": 53,
"hull": 19,
"seed": 0,
"copy2device": 810.047,
"find_extremes": 19.0716,
"find_corners": 52.8553,
"find_points_in_Q": 14.4744,
"compaction": 12.5841,
"copy2host": 931.309,
"filter": 99.0459,
"delete": 0,
"preparation": 0.019456,
"cgal_convex_hull": 0.011616,
"total": 99.0575
}