{
"n": 402653184,
"size": 104,
"hull": 21,
"seed": 0,
"copy2device": 475.785,
"find_extremes": 11.4467,
"find_corners": 32.0377,
"find_points_in_Q": 10.2976,
"compaction": 4.35034,
"copy2host": 0.015648,
"filter": 58.1898,
"delete": 0,
"preparation": 0.018752,
"cgal_convex_hull": 0.01568,
"total": 58.2055
}