{
"n": 402653184,
"size": 149,
"hull": 22,
"seed": 0,
"copy2device": 457.458,
"find_extremes": 11.4911,
"find_corners": 31.9004,
"find_points_in_Q": 7.80682,
"compaction": 9.89773,
"copy2host": 560.351,
"filter": 61.1527,
"delete": 0,
"preparation": 0.04352,
"cgal_convex_hull": 0.020352,
"total": 61.1731
}