{
"n": 301989888,
"size": 166,
"hull": 17,
"seed": 0,
"copy2device": 388.193,
"find_extremes": 8.65232,
"find_corners": 25.1991,
"find_points_in_Q": 7.44218,
"compaction": 4.20458,
"copy2host": 420.23,
"filter": 45.5544,
"delete": 0,
"preparation": 0.061248,
"cgal_convex_hull": 0.02144,
"total": 45.5758
}