{
"n": 671088640,
"size": 240,
"hull": 18,
"seed": 0,
"copy2device": 891.053,
"find_extremes": 19.0656,
"find_corners": 53.508,
"find_points_in_Q": 15.1994,
"compaction": 7.05171,
"copy2host": 935.715,
"filter": 94.8845,
"delete": 0,
"preparation": 0.07952,
"cgal_convex_hull": 0.023296,
"total": 94.9078
}