{
"n": 201326592,
"size": 82,
"hull": 19,
"seed": 0,
"copy2device": 225.205,
"find_extremes": 5.80659,
"find_corners": 19.5556,
"find_points_in_Q": 13.8787,
"compaction": 14.9464,
"copy2host": 281.688,
"filter": 54.2455,
"delete": 0,
"preparation": 0.021248,
"cgal_convex_hull": 0.017984,
"total": 54.2635
}