{
"n": 167772160,
"size": 59,
"hull": 20,
"seed": 0,
"copy2device": 191.646,
"find_extremes": 4.86672,
"find_corners": 14.174,
"find_points_in_Q": 7.2023,
"compaction": 5.59622,
"copy2host": 236.121,
"filter": 31.8974,
"delete": 0,
"preparation": 0.018368,
"cgal_convex_hull": 0.016544,
"total": 31.9139
}