{
"n": 201326592,
"size": 73,
"hull": 23,
"seed": 0,
"copy2device": 232.993,
"find_extremes": 5.81968,
"find_corners": 15.9583,
"find_points_in_Q": 4.18666,
"compaction": 2.40448,
"copy2host": 282.39,
"filter": 28.4273,
"delete": 0,
"preparation": 0.018336,
"cgal_convex_hull": 0.013152,
"total": 28.4404
}