{
"n": 335544320,
"size": 49,
"hull": 20,
"seed": 0,
"copy2device": 420.242,
"find_extremes": 9.56138,
"find_corners": 26.2233,
"find_points_in_Q": 6.55994,
"compaction": 3.69552,
"copy2host": 0.015264,
"filter": 46.0972,
"delete": 0,
"preparation": 0.012672,
"cgal_convex_hull": 0.01216,
"total": 46.1094
}