{
"n": 637534208,
"size": 275,
"hull": 25,
"seed": 0,
"copy2device": 855.071,
"find_extremes": 18.1153,
"find_corners": 50.9667,
"find_points_in_Q": 12.1224,
"compaction": 6.71261,
"copy2host": 906.67,
"filter": 87.9758,
"delete": 0,
"preparation": 0.078272,
"cgal_convex_hull": 0.028032,
"total": 88.0038
}