{
"n": 369098752,
"size": 150,
"hull": 22,
"seed": 0,
"copy2device": 441.5,
"find_extremes": 10.5087,
"find_corners": 31.2015,
"find_points_in_Q": 11.2365,
"compaction": 5.46032,
"copy2host": 0.015616,
"filter": 58.4629,
"delete": 0,
"preparation": 0.027904,
"cgal_convex_hull": 0.018176,
"total": 58.4811
}