{
"n": 335544320,
"size": 96,
"hull": 16,
"seed": 0,
"copy2device": 466.24,
"find_extremes": 9.55808,
"find_corners": 28.8396,
"find_points_in_Q": 25.786,
"compaction": 16.4881,
"copy2host": 0.017216,
"filter": 80.7303,
"delete": 0,
"preparation": 0.01872,
"cgal_convex_hull": 0.013888,
"total": 80.7442
}