{
"n": 603979776,
"size": 120,
"hull": 22,
"seed": 0,
"copy2device": 762.357,
"find_extremes": 17.1052,
"find_corners": 47.606,
"find_points_in_Q": 12.5726,
"compaction": 6.33181,
"copy2host": 0.017536,
"filter": 83.6727,
"delete": 0,
"preparation": 0.022528,
"cgal_convex_hull": 0.017248,
"total": 83.69
}