{
"n": 436207616,
"size": 237,
"hull": 22,
"seed": 0,
"copy2device": 540.124,
"find_extremes": 12.3929,
"find_corners": 33.93,
"find_points_in_Q": 8.4944,
"compaction": 4.69715,
"copy2host": 0.017728,
"filter": 59.5716,
"delete": 0,
"preparation": 0.041216,
"cgal_convex_hull": 0.025824,
"total": 59.5974
}