{
"n": 805306368,
"size": 158,
"hull": 18,
"seed": 0,
"copy2device": 735.684,
"find_extremes": 16.471,
"find_corners": 78.1562,
"find_points_in_Q": 17.4596,
"compaction": 9.36515,
"copy2host": 904.921,
"delete": 0,
"preparation": 0.0256,
"cgal_convex_hull": 0.018816,
"total": 1026.39
}