{
"n": 33554432,
"size": 88,
"hull": 15,
"seed": 0,
"copy2device": 39.5238,
"find_extremes": 1.12646,
"find_corners": 3.00422,
"find_points_in_Q": 1.04774,
"compaction": 0.550688,
"copy2host": 48.7662,
"filter": 5.77978,
"delete": 0,
"preparation": 0.01568,
"cgal_convex_hull": 0.013248,
"total": 5.79302
}