{
"n": 503316480,
"size": 69,
"hull": 22,
"seed": 0,
"copy2device": 620.568,
"find_extremes": 14.3285,
"find_corners": 43.1053,
"find_points_in_Q": 16.9891,
"compaction": 6.29747,
"copy2host": 699.382,
"filter": 80.7776,
"delete": 0,
"preparation": 0.031616,
"cgal_convex_hull": 0.013504,
"total": 80.7911
}