{
"n": 436207616,
"size": 219,
"hull": 25,
"seed": 0,
"copy2device": 555.271,
"find_extremes": 12.3874,
"find_corners": 34.7605,
"find_points_in_Q": 8.42877,
"compaction": 7.37642,
"copy2host": 0.017632,
"filter": 63.0101,
"delete": 0,
"preparation": 0.038976,
"cgal_convex_hull": 0.025024,
"total": 63.0351
}