{
"n": 637534208,
"size": 58,
"hull": 20,
"seed": 0,
"copy2device": 729.572,
"find_extremes": 18.1928,
"find_corners": 52.4896,
"find_points_in_Q": 17.1013,
"compaction": 6.71232,
"copy2host": 893.057,
"filter": 94.5549,
"delete": 0,
"preparation": 0.024224,
"cgal_convex_hull": 0.012128,
"total": 94.5671
}