{
"n": 671088640,
"size": 82,
"hull": 21,
"seed": 0,
"copy2device": 821.986,
"find_extremes": 18.9945,
"find_corners": 53.7023,
"find_points_in_Q": 22.2995,
"compaction": 9.35053,
"copy2host": 0.017856,
"filter": 104.407,
"delete": 0,
"preparation": 0.028256,
"cgal_convex_hull": 0.01376,
"total": 104.421
}