{
"n": 637534208,
"size": 187,
"hull": 16,
"seed": 0,
"copy2device": 545.533,
"find_extremes": 13.0692,
"find_corners": 61.4769,
"find_points_in_Q": 13.4072,
"compaction": 7.33322,
"copy2host": 685.99,
"delete": 0,
"preparation": 0.051008,
"cgal_convex_hull": 0.019328,
"total": 781.296
}