{
"n": 201326592,
"size": 202,
"hull": 20,
"seed": 0,
"copy2device": 228.235,
"find_extremes": 5.82282,
"find_corners": 22.2318,
"find_points_in_Q": 4.90106,
"compaction": 3.73373,
"copy2host": 281.444,
"filter": 36.7472,
"delete": 0,
"preparation": 0.036288,
"cgal_convex_hull": 0.023456,
"total": 36.7707
}