{
"n": 369098752,
"size": 112,
"hull": 18,
"seed": 0,
"copy2device": 465.566,
"find_extremes": 10.5408,
"find_corners": 29.8949,
"find_points_in_Q": 8.24365,
"compaction": 7.61347,
"copy2host": 516.078,
"filter": 56.3511,
"delete": 0,
"preparation": 0.03056,
"cgal_convex_hull": 0.017888,
"total": 56.369
}