{
"n": 603979776,
"size": 174,
"hull": 25,
"seed": 0,
"copy2device": 782.315,
"find_extremes": 17.1755,
"find_corners": 46.9271,
"find_points_in_Q": 23.7558,
"compaction": 12.9004,
"copy2host": 883.09,
"filter": 100.83,
"delete": 0,
"preparation": 0.036288,
"cgal_convex_hull": 0.020672,
"total": 100.85
}