{
"n": 704643072,
"size": 102,
"hull": 17,
"seed": 0,
"copy2device": 856.48,
"find_extremes": 19.9408,
"find_corners": 54.6094,
"find_points_in_Q": 14.3958,
"compaction": 7.35674,
"copy2host": 0.018336,
"filter": 96.3602,
"delete": 0,
"preparation": 0.020608,
"cgal_convex_hull": 0.015776,
"total": 96.376
}