{
"n": 469762048,
"size": 208,
"hull": 23,
"seed": 0,
"copy2device": 547.772,
"find_extremes": 13.3301,
"find_corners": 36.5342,
"find_points_in_Q": 15.0925,
"compaction": 8.0552,
"copy2host": 0.016288,
"filter": 73.068,
"delete": 0,
"preparation": 0.040896,
"cgal_convex_hull": 0.023968,
"total": 73.0919
}