{
"n": 704643072,
"size": 87,
"hull": 18,
"seed": 0,
"copy2device": 929.164,
"find_extremes": 19.945,
"find_corners": 55.4616,
"find_points_in_Q": 13.2501,
"compaction": 8.65008,
"copy2host": 0.01824,
"filter": 97.3685,
"delete": 0,
"preparation": 0.020768,
"cgal_convex_hull": 0.014336,
"total": 97.3829
}