{
"n": 738197504,
"size": 141,
"hull": 20,
"seed": 0,
"copy2device": 900.945,
"find_extremes": 20.9637,
"find_corners": 58.26,
"find_points_in_Q": 15.2207,
"compaction": 7.69942,
"copy2host": 1031.85,
"filter": 102.203,
"delete": 0,
"preparation": 0.046528,
"cgal_convex_hull": 0.019584,
"total": 102.223
}