{
"n": 134217728,
"size": 127,
"hull": 24,
"seed": 0,
"copy2device": 148.512,
"find_extremes": 3.92122,
"find_corners": 19.0374,
"find_points_in_Q": 9.00493,
"compaction": 12.1703,
"copy2host": 189.314,
"filter": 44.1918,
"delete": 0,
"preparation": 0.024448,
"cgal_convex_hull": 0.017248,
"total": 44.209
}