{
"n": 503316480,
"size": 115,
"hull": 21,
"seed": 0,
"copy2device": 619.588,
"find_extremes": 14.3295,
"find_corners": 40.3053,
"find_points_in_Q": 9.65187,
"compaction": 5.3641,
"copy2host": 700.148,
"filter": 69.7114,
"delete": 0,
"preparation": 0.040544,
"cgal_convex_hull": 0.016704,
"total": 69.7281
}