{
"n": 503316480,
"size": 134,
"hull": 21,
"seed": 0,
"copy2device": 649.421,
"find_extremes": 14.3322,
"find_corners": 39.4676,
"find_points_in_Q": 9.6144,
"compaction": 5.37325,
"copy2host": 700.458,
"filter": 68.8475,
"delete": 0,
"preparation": 0.046464,
"cgal_convex_hull": 0.019104,
"total": 68.8666
}