{
"n": 536870912,
"size": 178,
"hull": 25,
"seed": 0,
"copy2device": 419.605,
"find_extremes": 11.0279,
"find_corners": 51.4415,
"find_points_in_Q": 11.3877,
"compaction": 6.2464,
"copy2host": 587.129,
"delete": 0,
"preparation": 0.043296,
"cgal_convex_hull": 0.020544,
"total": 667.253
}