{
"n": 536870912,
"size": 18,
"hull": 14,
"seed": 0,
"copy2device": 694.411,
"find_extremes": 15.2736,
"find_corners": 46.5704,
"find_points_in_Q": 19.7601,
"compaction": 16.7815,
"copy2host": 749.488,
"filter": 98.4436,
"delete": 0,
"preparation": 0.01184,
"cgal_convex_hull": 0.009472,
"total": 98.453
}