{
"n": 637534208,
"size": 73,
"hull": 20,
"seed": 0,
"copy2device": 751.69,
"find_extremes": 18.0401,
"find_corners": 50.6103,
"find_points_in_Q": 12.0477,
"compaction": 6.6984,
"copy2host": 0.017472,
"filter": 87.4552,
"delete": 0,
"preparation": 0.016896,
"cgal_convex_hull": 0.014208,
"total": 87.4694
}