{
"n": 771751936,
"size": 199,
"hull": 24,
"seed": 0,
"copy2device": 883.918,
"find_extremes": 21.9174,
"find_corners": 60.8251,
"find_points_in_Q": 14.2039,
"compaction": 8.06931,
"copy2host": 1073.71,
"filter": 105.076,
"delete": 0,
"preparation": 0.067904,
"cgal_convex_hull": 0.024608,
"total": 105.101
}