{
"n": 536870912,
"size": 312,
"hull": 22,
"seed": 0,
"copy2device": 468.43,
"find_extremes": 11.0159,
"find_corners": 51.8593,
"find_points_in_Q": 11.4039,
"compaction": 6.21226,
"copy2host": 582.097,
"delete": 0,
"preparation": 0.069888,
"cgal_convex_hull": 0.028544,
"total": 662.617
}