{
"n": 234881024,
"size": 831,
"hull": 20,
"seed": 0,
"copy2device": 271.271,
"find_extremes": 6.75693,
"find_corners": 21.0681,
"find_points_in_Q": 7.36403,
"compaction": 4.37798,
"copy2host": 331.281,
"filter": 39.625,
"delete": 0,
"preparation": 0.192352,
"cgal_convex_hull": 0.06704,
"total": 39.6921
}