{
"n": 603979776,
"size": 312,
"hull": 22,
"seed": 0,
"copy2device": 524.258,
"find_extremes": 12.3732,
"find_corners": 58.9825,
"find_points_in_Q": 12.9808,
"compaction": 6.96979,
"copy2host": 649.58,
"delete": 0,
"preparation": 0.084448,
"cgal_convex_hull": 0.027104,
"total": 740.913
}