{
"n": 536870912,
"size": 45,
"hull": 17,
"seed": 0,
"copy2device": 695.324,
"find_extremes": 15.2803,
"find_corners": 42.4971,
"find_points_in_Q": 16.5619,
"compaction": 6.63379,
"copy2host": 778.434,
"filter": 81.033,
"delete": 0,
"preparation": 0.02192,
"cgal_convex_hull": 0.011168,
"total": 81.0442
}