{
"n": 536870912,
"size": 123,
"hull": 18,
"seed": 0,
"copy2device": 746.93,
"find_extremes": 15.2771,
"find_corners": 42.6983,
"find_points_in_Q": 10.2619,
"compaction": 8.08106,
"copy2host": 757.16,
"filter": 76.3804,
"delete": 0,
"preparation": 0.038496,
"cgal_convex_hull": 0.017088,
"total": 76.3975
}