{
"n": 603979776,
"size": 323,
"hull": 26,
"seed": 0,
"copy2device": 826.102,
"find_extremes": 17.172,
"find_corners": 47.6643,
"find_points_in_Q": 12.3273,
"compaction": 12.1722,
"copy2host": 845.095,
"filter": 89.3935,
"delete": 0,
"preparation": 0.087104,
"cgal_convex_hull": 0.034336,
"total": 89.4279
}