{
"n": 67108864,
"size": 120,
"hull": 24,
"seed": 0,
"copy2device": 79.1503,
"find_extremes": 2.2409,
"find_corners": 5.85091,
"find_points_in_Q": 1.73478,
"compaction": 1.04474,
"copy2host": 95.4336,
"filter": 10.9268,
"delete": 0,
"preparation": 0.018304,
"cgal_convex_hull": 0.015744,
"total": 10.9426
}