{
"n": 738197504,
"size": 178,
"hull": 26,
"seed": 0,
"copy2device": 858.961,
"find_extremes": 20.9675,
"find_corners": 58.2331,
"find_points_in_Q": 14.7853,
"compaction": 7.70742,
"copy2host": 1033.29,
"filter": 101.751,
"delete": 0,
"preparation": 0.060832,
"cgal_convex_hull": 0.0208,
"total": 101.772
}