{
"n": 637534208,
"size": 313,
"hull": 21,
"seed": 0,
"copy2device": 809.614,
"find_extremes": 18.0535,
"find_corners": 51.4431,
"find_points_in_Q": 21.6825,
"compaction": 12.7784,
"copy2host": 0.020896,
"filter": 104.016,
"delete": 0,
"preparation": 0.056512,
"cgal_convex_hull": 0.030784,
"total": 104.047
}