{
"n": 671088640,
"size": 137,
"hull": 20,
"seed": 0,
"copy2device": 864.021,
"find_extremes": 18.9854,
"find_corners": 51.9945,
"find_points_in_Q": 12.7023,
"compaction": 7.0295,
"copy2host": 0.017728,
"filter": 90.7706,
"delete": 0,
"preparation": 0.028288,
"cgal_convex_hull": 0.017312,
"total": 90.7879
}