{
"n": 771751936,
"size": 128,
"hull": 23,
"seed": 0,
"copy2device": 605.302,
"find_extremes": 15.7871,
"find_corners": 74.4181,
"find_points_in_Q": 16.2143,
"compaction": 8.86259,
"copy2host": 849.622,
"delete": 0,
"preparation": 0.028512,
"cgal_convex_hull": 0.018304,
"total": 964.923
}