{
"n": 536870912,
"size": 91,
"hull": 20,
"seed": 0,
"copy2device": 654.105,
"find_extremes": 15.4423,
"find_corners": 43.1987,
"find_points_in_Q": 13.07,
"compaction": 5.74608,
"copy2host": 769.549,
"filter": 77.514,
"delete": 0,
"preparation": 0.021312,
"cgal_convex_hull": 0.014944,
"total": 77.529
}