{
"n": 67108864,
"size": 72,
"hull": 20,
"seed": 0,
"copy2device": 78.1757,
"find_extremes": 2.09667,
"find_corners": 5.71229,
"find_points_in_Q": 1.68166,
"compaction": 1.01325,
"copy2host": 0.014016,
"filter": 10.5559,
"delete": 0,
"preparation": 0.01312,
"cgal_convex_hull": 0.01376,
"total": 10.5696
}