{
"n": 603979776,
"size": 29725,
"hull": 41,
"seed": 0,
"copy2device": 1040.98,
"find_extremes": 12.8918,
"find_corners": 57.8693,
"find_points_in_Q": 12.8364,
"compaction": 6.99763,
"copy2host": 680.758,
"delete": 0,
"preparation": 10.0873,
"cgal_convex_hull": 3.05654,
"total": 774.41
}