{
"n": 603979776,
"size": 213,
"hull": 15,
"seed": 0,
"copy2device": 784.424,
"find_extremes": 17.1659,
"find_corners": 47.8264,
"find_points_in_Q": 12.206,
"compaction": 9.28538,
"copy2host": 839.66,
"filter": 86.541,
"delete": 0,
"preparation": 0.043136,
"cgal_convex_hull": 0.02352,
"total": 86.5645
}