{
"n": 201326592,
"size": 197,
"hull": 23,
"seed": 0,
"copy2device": 259.814,
"find_extremes": 5.8943,
"find_corners": 17.5131,
"find_points_in_Q": 4.20067,
"compaction": 2.80042,
"copy2host": 281.968,
"filter": 30.4694,
"delete": 0,
"preparation": 0.039392,
"cgal_convex_hull": 0.024992,
"total": 30.4944
}