{
"n": 637534208,
"size": 228,
"hull": 23,
"seed": 0,
"copy2device": 780.414,
"find_extremes": 18.0505,
"find_corners": 49.3972,
"find_points_in_Q": 12.7084,
"compaction": 6.68214,
"copy2host": 0.017664,
"filter": 86.8954,
"delete": 0,
"preparation": 0.038048,
"cgal_convex_hull": 0.025344,
"total": 86.9208
}