{
"n": 33554432,
"size": 111,
"hull": 21,
"seed": 0,
"copy2device": 44.8698,
"find_extremes": 1.28726,
"find_corners": 3.22829,
"find_points_in_Q": 1.14832,
"compaction": 3.04874,
"copy2host": 49.2942,
"filter": 8.76774,
"delete": 0,
"preparation": 0.017248,
"cgal_convex_hull": 0.015232,
"total": 8.78298
}