{
"n": 134217728,
"size": 134,
"hull": 20,
"seed": 0,
"copy2device": 160.1,
"find_extremes": 3.90064,
"find_corners": 10.7505,
"find_points_in_Q": 5.19827,
"compaction": 2.70848,
"copy2host": 0.015488,
"filter": 22.6127,
"delete": 0,
"preparation": 0.023232,
"cgal_convex_hull": 0.017792,
"total": 22.6305
}