{
"n": 536870912,
"size": 18114,
"hull": 36,
"seed": 0,
"copy2device": 790.539,
"find_extremes": 11.0289,
"find_corners": 51.275,
"find_points_in_Q": 11.3812,
"compaction": 6.23133,
"copy2host": 597.92,
"delete": 0,
"preparation": 4.71843,
"cgal_convex_hull": 1.78109,
"total": 679.618
}