{
"n": 671088640,
"size": 38091,
"hull": 43,
"seed": 0,
"copy2device": 1074.3,
"find_extremes": 13.7581,
"find_corners": 67.2095,
"find_points_in_Q": 14.308,
"compaction": 7.74237,
"copy2host": 749.172,
"delete": 0,
"preparation": 11.6812,
"cgal_convex_hull": 4.05856,
"total": 856.248
}