{
"n": 905969664,
"size": 563,
"hull": 18,
"seed": 0,
"copy2device": 805.657,
"find_extremes": 18.5208,
"find_corners": 86.1519,
"find_points_in_Q": 18.9869,
"compaction": 10.367,
"copy2host": 971.906,
"delete": 0,
"preparation": 0.117696,
"cgal_convex_hull": 0.045568,
"total": 1105.98
}