{
"n": 704643072,
"size": 103,
"hull": 21,
"seed": 0,
"copy2device": 873.213,
"find_extremes": 19.9394,
"find_corners": 55.7815,
"find_points_in_Q": 14.2927,
"compaction": 7.34509,
"copy2host": 0.017312,
"filter": 97.4188,
"delete": 0,
"preparation": 0.024768,
"cgal_convex_hull": 0.015008,
"total": 97.4338
}