{
"n": 637534208,
"size": 89,
"hull": 22,
"seed": 0,
"copy2device": 777.583,
"find_extremes": 18.1151,
"find_corners": 50.8936,
"find_points_in_Q": 12.9478,
"compaction": 6.73574,
"copy2host": 883.747,
"filter": 88.7509,
"delete": 0,
"preparation": 0.02224,
"cgal_convex_hull": 0.014688,
"total": 88.7656
}