{
"n": 33554432,
"size": 97,
"hull": 22,
"seed": 0,
"copy2device": 43.0987,
"find_extremes": 1.28246,
"find_corners": 3.24019,
"find_points_in_Q": 1.11299,
"compaction": 0.578624,
"copy2host": 48.6512,
"filter": 6.2671,
"delete": 0,
"preparation": 0.016928,
"cgal_convex_hull": 0.01456,
"total": 6.28166
}