{
"n": 469762048,
"size": 54,
"hull": 23,
"seed": 0,
"copy2device": 538.437,
"find_extremes": 13.3574,
"find_corners": 41.7617,
"find_points_in_Q": 14.1533,
"compaction": 5.03117,
"copy2host": 0.016992,
"filter": 74.3616,
"delete": 0,
"preparation": 0.019232,
"cgal_convex_hull": 0.014432,
"total": 74.376
}