{
"n": 469762048,
"size": 230,
"hull": 21,
"seed": 0,
"copy2device": 0,
"find_extremes": 209.291,
"find_corners": 418.862,
"find_points_in_Q": 0,
"compaction": 747.004,
"copy2host": 0,
"filter": 1375.21,
"delete": 0,
"preparation": 0.038912,
"cgal_convex_hull": 0.031744,
"total": 1375.24
}