{
"n": 369098752,
"size": 189,
"hull": 21,
"seed": 0,
"copy2device": 0,
"find_extremes": 163.609,
"find_corners": 357.989,
"find_points_in_Q": 0,
"compaction": 696.558,
"copy2host": 0,
"filter": 1218.21,
"delete": 0,
"preparation": 0.043008,
"cgal_convex_hull": 0.021504,
"total": 1218.23
}