{
"n": 637534208,
"size": 312,
"hull": 16,
"seed": 0,
"copy2device": 0,
"find_extremes": 283.156,
"find_corners": 579.044,
"find_points_in_Q": 0,
"compaction": 388.473,
"copy2host": 0,
"filter": 1250.73,
"delete": 0,
"preparation": 0.059392,
"cgal_convex_hull": 0.028672,
"total": 1250.76
}