{
"n": 704643072,
"size": 134,
"hull": 27,
"seed": 0,
"copy2device": 0,
"find_extremes": 367.179,
"find_corners": 681.431,
"find_points_in_Q": 0,
"compaction": 1112.02,
"copy2host": 0,
"filter": 2160.69,
"delete": 0,
"preparation": 0.038912,
"cgal_convex_hull": 0.017408,
"total": 2160.71
}