{
"n": 134217728,
"size": 216,
"hull": 20,
"seed": 0,
"copy2device": 0,
"find_extremes": 60.5952,
"find_corners": 124.068,
"find_points_in_Q": 0,
"compaction": 205.024,
"copy2host": 0,
"filter": 389.744,
"delete": 0,
"preparation": 0.032768,
"cgal_convex_hull": 0.029696,
"total": 389.773
}