{
"n": 503316480,
"size": 126,
"hull": 23,
"seed": 0,
"copy2device": 0,
"find_extremes": 222.565,
"find_corners": 476.868,
"find_points_in_Q": 0,
"compaction": 763.674,
"copy2host": 0,
"filter": 1463.16,
"delete": 0,
"preparation": 0.036864,
"cgal_convex_hull": 0.018432,
"total": 1463.18
}