{
"n": 570425344,
"size": 198,
"hull": 24,
"seed": 0,
"copy2device": 0,
"find_extremes": 265.992,
"find_corners": 585.958,
"find_points_in_Q": 0,
"compaction": 670.668,
"copy2host": 0,
"filter": 1522.67,
"delete": 0,
"preparation": 0.041984,
"cgal_convex_hull": 0.019456,
"total": 1522.69
}