{
"n": 738197504,
"size": 250,
"hull": 17,
"seed": 0,
"copy2device": 0,
"find_extremes": 358.414,
"find_corners": 653.189,
"find_points_in_Q": 0,
"compaction": 563.583,
"copy2host": 0,
"filter": 1575.24,
"delete": 0,
"preparation": 0.062464,
"cgal_convex_hull": 0.024576,
"total": 1575.27
}