{
"n": 570425344,
"size": 100,
"hull": 14,
"seed": 0,
"copy2device": 0,
"find_extremes": 263.411,
"find_corners": 519.765,
"find_points_in_Q": 0,
"compaction": 325.385,
"copy2host": 0,
"filter": 1108.62,
"delete": 0,
"preparation": 0.032768,
"cgal_convex_hull": 0.013312,
"total": 1108.63
}