{
"n": 335544320,
"size": 152,
"hull": 25,
"seed": 0,
"copy2device": 0,
"find_extremes": 148.605,
"find_corners": 296.548,
"find_points_in_Q": 0,
"compaction": 436.836,
"copy2host": 0,
"filter": 882.048,
"delete": 0,
"preparation": 0.041984,
"cgal_convex_hull": 0.016384,
"total": 882.064
}