{
"n": 603979776,
"size": 173,
"hull": 22,
"seed": 0,
"copy2device": 0,
"find_extremes": 278.985,
"find_corners": 571.279,
"find_points_in_Q": 0,
"compaction": 797.518,
"copy2host": 0,
"filter": 1647.84,
"delete": 0,
"preparation": 0.031744,
"cgal_convex_hull": 0.027648,
"total": 1647.86
}