{
"n": 771751936,
"size": 255,
"hull": 17,
"seed": 0,
"copy2device": 0,
"find_extremes": 385.114,
"find_corners": 718.697,
"find_points_in_Q": 0,
"compaction": 1061.73,
"copy2host": 0,
"filter": 2165.61,
"delete": 0,
"preparation": 0.053248,
"cgal_convex_hull": 0.026624,
"total": 2165.63
}