{
"n": 234881024,
"size": 339,
"hull": 26,
"seed": 0,
"copy2device": 0,
"find_extremes": 105.907,
"find_corners": 218.374,
"find_points_in_Q": 0,
"compaction": 214.182,
"copy2host": 0,
"filter": 538.519,
"delete": 0,
"preparation": 0.060416,
"cgal_convex_hull": 0.032768,
"total": 538.551
}