{
"n": 536870912,
"size": 180,
"hull": 25,
"seed": 0,
"copy2device": 0,
"find_extremes": 271.162,
"find_corners": 488.113,
"find_points_in_Q": 0,
"compaction": 953.257,
"copy2host": 0,
"filter": 1712.59,
"delete": 0,
"preparation": 0.058368,
"cgal_convex_hull": 0.021504,
"total": 1712.61
}