{
"n": 469762048,
"size": 113,
"hull": 22,
"seed": 0,
"copy2device": 0,
"find_extremes": 208.284,
"find_corners": 419.594,
"find_points_in_Q": 0,
"compaction": 708.934,
"copy2host": 0,
"filter": 1336.88,
"delete": 0,
"preparation": 0.032768,
"cgal_convex_hull": 0.014336,
"total": 1336.89
}