{
"n": 469762048,
"size": 127,
"hull": 19,
"seed": 0,
"copy2device": 0,
"find_extremes": 232.825,
"find_corners": 434.867,
"find_points_in_Q": 0,
"compaction": 644.163,
"copy2host": 0,
"filter": 1311.91,
"delete": 0,
"preparation": 0.039936,
"cgal_convex_hull": 0.016384,
"total": 1311.93
}