{
"n": 134217728,
"size": 101,
"hull": 20,
"seed": 0,
"copy2device": 0,
"find_extremes": 60.1446,
"find_corners": 119.502,
"find_points_in_Q": 0,
"compaction": 165.124,
"copy2host": 0,
"filter": 344.826,
"delete": 0,
"preparation": 0.017408,
"cgal_convex_hull": 0.013312,
"total": 344.839
}