{
"n": 771751936,
"size": 279,
"hull": 22,
"seed": 0,
"copy2device": 0,
"find_extremes": 342.305,
"find_corners": 733.576,
"find_points_in_Q": 0,
"compaction": 954.642,
"copy2host": 0,
"filter": 2030.58,
"delete": 0,
"preparation": 0.075776,
"cgal_convex_hull": 0.047104,
"total": 2030.63
}