{
"n": 536870912,
"size": 482,
"hull": 23,
"seed": 0,
"copy2device": 0,
"find_extremes": 240.004,
"find_corners": 545.559,
"find_points_in_Q": 0,
"compaction": 803.337,
"copy2host": 0,
"filter": 1588.96,
"delete": 0,
"preparation": 0.073728,
"cgal_convex_hull": 0.047104,
"total": 1589.01
}