{
"n": 268435456,
"size": 148,
"hull": 21,
"seed": 0,
"copy2device": 0,
"find_extremes": 119.139,
"find_corners": 243.145,
"find_points_in_Q": 0,
"compaction": 350.944,
"copy2host": 0,
"filter": 713.285,
"delete": 0,
"preparation": 0.031744,
"cgal_convex_hull": 0.021504,
"total": 713.306
}