{
"n": 100663296,
"size": 110,
"hull": 19,
"seed": 0,
"copy2device": 0,
"find_extremes": 45.3499,
"find_corners": 90.1898,
"find_points_in_Q": 0,
"compaction": 163.171,
"copy2host": 0,
"filter": 298.766,
"delete": 0,
"preparation": 0.018432,
"cgal_convex_hull": 0.014336,
"total": 298.781
}