{
"n": 268435456,
"size": 200,
"hull": 23,
"seed": 0,
"copy2device": 0,
"find_extremes": 118.676,
"find_corners": 238.959,
"find_points_in_Q": 0,
"compaction": 342.305,
"copy2host": 0,
"filter": 699.994,
"delete": 0,
"preparation": 0.041984,
"cgal_convex_hull": 0.021504,
"total": 700.016
}