{
"n": 167772160,
"size": 184,
"hull": 20,
"seed": 0,
"copy2device": 0,
"find_extremes": 75.2251,
"find_corners": 151.189,
"find_points_in_Q": 0,
"compaction": 255.632,
"copy2host": 0,
"filter": 482.102,
"delete": 0,
"preparation": 0.033792,
"cgal_convex_hull": 0.021504,
"total": 482.124
}