{
"n": 369098752,
"size": 130,
"hull": 21,
"seed": 0,
"copy2device": 0,
"find_extremes": 177.734,
"find_corners": 337.721,
"find_points_in_Q": 0,
"compaction": 699.752,
"copy2host": 0,
"filter": 1215.26,
"delete": 0,
"preparation": 0.052224,
"cgal_convex_hull": 0.016384,
"total": 1215.28
}