{
"n": 201326592,
"size": 141,
"hull": 24,
"seed": 0,
"copy2device": 0,
"find_extremes": 89.8181,
"find_corners": 183.205,
"find_points_in_Q": 0,
"compaction": 317.051,
"copy2host": 0,
"filter": 590.147,
"delete": 0,
"preparation": 0.028672,
"cgal_convex_hull": 0.021504,
"total": 590.168
}