{
"n": 335544320,
"size": 203,
"hull": 21,
"seed": 0,
"copy2device": 0,
"find_extremes": 148.639,
"find_corners": 302.624,
"find_points_in_Q": 0,
"compaction": 490.981,
"copy2host": 0,
"filter": 942.302,
"delete": 0,
"preparation": 0.049152,
"cgal_convex_hull": 0.038912,
"total": 942.341
}