{
"n": 301989888,
"size": 126,
"hull": 23,
"seed": 0,
"copy2device": 0,
"find_extremes": 133.542,
"find_corners": 273.507,
"find_points_in_Q": 0,
"compaction": 503.652,
"copy2host": 0,
"filter": 910.758,
"delete": 0,
"preparation": 0.037888,
"cgal_convex_hull": 0.027648,
"total": 910.786
}