{
"n": 704643072,
"size": 206,
"hull": 21,
"seed": 0,
"copy2device": 0,
"find_extremes": 318.398,
"find_corners": 673.415,
"find_points_in_Q": 0,
"compaction": 1005.36,
"copy2host": 0,
"filter": 1997.23,
"delete": 0,
"preparation": 0.063488,
"cgal_convex_hull": 0.021504,
"total": 1997.25
}