{
"n": 469762048,
"size": 160,
"hull": 30,
"seed": 0,
"copy2device": 0,
"find_extremes": 232.168,
"find_corners": 428.574,
"find_points_in_Q": 0,
"compaction": 819.996,
"copy2host": 0,
"filter": 1480.79,
"delete": 0,
"preparation": 0.058368,
"cgal_convex_hull": 0.018432,
"total": 1480.81
}