{
"n": 301989888,
"size": 128,
"hull": 19,
"seed": 0,
"copy2device": 0,
"find_extremes": 142.541,
"find_corners": 273.492,
"find_points_in_Q": 0,
"compaction": 454.592,
"copy2host": 0,
"filter": 870.681,
"delete": 0,
"preparation": 0.038912,
"cgal_convex_hull": 0.027648,
"total": 870.708
}