{
"n": 201326592,
"size": 113,
"hull": 19,
"seed": 0,
"copy2device": 0,
"find_extremes": 90.5656,
"find_corners": 183.852,
"find_points_in_Q": 0,
"compaction": 288.404,
"copy2host": 0,
"filter": 562.909,
"delete": 0,
"preparation": 0.022528,
"cgal_convex_hull": 0.017408,
"total": 562.927
}