{
"n": 603979776,
"size": 294,
"hull": 18,
"seed": 0,
"copy2device": 0,
"find_extremes": 305.906,
"find_corners": 537.945,
"find_points_in_Q": 0,
"compaction": 867.901,
"copy2host": 0,
"filter": 1711.81,
"delete": 0,
"preparation": 0.074752,
"cgal_convex_hull": 0.028672,
"total": 1711.84
}