{
"n": 671088640,
"size": 154,
"hull": 21,
"seed": 0,
"copy2device": 0,
"find_extremes": 321.415,
"find_corners": 593.913,
"find_points_in_Q": 0,
"compaction": 909.446,
"copy2host": 0,
"filter": 1824.83,
"delete": 0,
"preparation": 0.047104,
"cgal_convex_hull": 0.019456,
"total": 1824.85
}