{
"n": 301989888,
"size": 139,
"hull": 21,
"seed": 0,
"copy2device": 0,
"find_extremes": 134.178,
"find_corners": 272.937,
"find_points_in_Q": 0,
"compaction": 381.748,
"copy2host": 0,
"filter": 788.944,
"delete": 0,
"preparation": 0.033792,
"cgal_convex_hull": 0.018432,
"total": 788.962
}