{
"n": 570425344,
"size": 213,
"hull": 25,
"seed": 0,
"copy2device": 0,
"find_extremes": 279.746,
"find_corners": 513.548,
"find_points_in_Q": 0,
"compaction": 1003.84,
"copy2host": 0,
"filter": 1797.19,
"delete": 0,
"preparation": 0.059392,
"cgal_convex_hull": 0.024576,
"total": 1797.22
}