{
"n": 335544320,
"size": 165,
"hull": 21,
"seed": 0,
"copy2device": 0,
"find_extremes": 148.747,
"find_corners": 298.141,
"find_points_in_Q": 0,
"compaction": 340.953,
"copy2host": 0,
"filter": 787.911,
"delete": 0,
"preparation": 0.033792,
"cgal_convex_hull": 0.027648,
"total": 787.938
}