{
"n": 335544320,
"size": 213,
"hull": 26,
"seed": 0,
"copy2device": 0,
"find_extremes": 152.935,
"find_corners": 298.826,
"find_points_in_Q": 0,
"compaction": 441.018,
"copy2host": 0,
"filter": 892.834,
"delete": 0,
"preparation": 0.043008,
"cgal_convex_hull": 0.022528,
"total": 892.856
}