{
"n": 771751936,
"size": 134,
"hull": 22,
"seed": 0,
"copy2device": 0,
"find_extremes": 360.157,
"find_corners": 696.126,
"find_points_in_Q": 0,
"compaction": 1204.99,
"copy2host": 0,
"filter": 2261.33,
"delete": 0,
"preparation": 0.028672,
"cgal_convex_hull": 0.017408,
"total": 2261.35
}