{
"n": 469762048,
"size": 343,
"hull": 18,
"seed": 0,
"copy2device": 0,
"find_extremes": 206.056,
"find_corners": 428.867,
"find_points_in_Q": 0,
"compaction": 346.833,
"copy2host": 0,
"filter": 981.818,
"delete": 0,
"preparation": 0.067584,
"cgal_convex_hull": 0.034816,
"total": 981.853
}