{
"n": 503316480,
"size": 104,
"hull": 18,
"seed": 0,
"copy2device": 0,
"find_extremes": 222.019,
"find_corners": 455.251,
"find_points_in_Q": 0,
"compaction": 440.776,
"copy2host": 0,
"filter": 1118.11,
"delete": 0,
"preparation": 0.026624,
"cgal_convex_hull": 0.017408,
"total": 1118.13
}