{
"n": 738197504,
"size": 200,
"hull": 19,
"seed": 0,
"copy2device": 0,
"find_extremes": 326.108,
"find_corners": 720.378,
"find_points_in_Q": 0,
"compaction": 1153.14,
"copy2host": 0,
"filter": 2199.69,
"delete": 0,
"preparation": 0.057344,
"cgal_convex_hull": 0.022528,
"total": 2199.71
}