{
"n": 301989888,
"size": 252,
"hull": 23,
"seed": 0,
"copy2device": 0,
"find_extremes": 134.165,
"find_corners": 272.771,
"find_points_in_Q": 0,
"compaction": 365.711,
"copy2host": 0,
"filter": 772.703,
"delete": 0,
"preparation": 0.049152,
"cgal_convex_hull": 0.024576,
"total": 772.728
}