{
"n": 301989888,
"size": 166,
"hull": 16,
"seed": 0,
"copy2device": 0,
"find_extremes": 133.601,
"find_corners": 271.491,
"find_points_in_Q": 0,
"compaction": 415.914,
"copy2host": 0,
"filter": 821.061,
"delete": 0,
"preparation": 0.039936,
"cgal_convex_hull": 0.016384,
"total": 821.077
}