{
"n": 570425344,
"size": 253,
"hull": 22,
"seed": 0,
"copy2device": 0,
"find_extremes": 252.461,
"find_corners": 515.986,
"find_points_in_Q": 0,
"compaction": 934.048,
"copy2host": 0,
"filter": 1702.55,
"delete": 0,
"preparation": 0.055296,
"cgal_convex_hull": 0.029696,
"total": 1702.58
}