{
"n": 771751936,
"size": 114,
"hull": 19,
"seed": 0,
"copy2device": 0,
"find_extremes": 359.548,
"find_corners": 718.851,
"find_points_in_Q": 0,
"compaction": 1217.01,
"copy2host": 0,
"filter": 2295.47,
"delete": 0,
"preparation": 0.037888,
"cgal_convex_hull": 0.014336,
"total": 2295.48
}