{
"n": 234881024,
"size": 118,
"hull": 22,
"seed": 0,
"copy2device": 0,
"find_extremes": 105.166,
"find_corners": 214.353,
"find_points_in_Q": 0,
"compaction": 428.134,
"copy2host": 0,
"filter": 747.718,
"delete": 0,
"preparation": 0.019456,
"cgal_convex_hull": 0.016384,
"total": 747.734
}