{
"n": 738197504,
"size": 230,
"hull": 17,
"seed": 0,
"copy2device": 0,
"find_extremes": 364.997,
"find_corners": 658.527,
"find_points_in_Q": 0,
"compaction": 803.031,
"copy2host": 0,
"filter": 1826.61,
"delete": 0,
"preparation": 0.064512,
"cgal_convex_hull": 0.027648,
"total": 1826.64
}