{
"n": 268435456,
"size": 115,
"hull": 25,
"seed": 0,
"copy2device": 0,
"find_extremes": 118.565,
"find_corners": 243.547,
"find_points_in_Q": 0,
"compaction": 501.017,
"copy2host": 0,
"filter": 863.195,
"delete": 0,
"preparation": 0.026624,
"cgal_convex_hull": 0.019456,
"total": 863.215
}