{
"n": 704643072,
"size": 130,
"hull": 22,
"seed": 0,
"copy2device": 0,
"find_extremes": 327.792,
"find_corners": 654.544,
"find_points_in_Q": 0,
"compaction": 906.616,
"copy2host": 0,
"filter": 1889.01,
"delete": 0,
"preparation": 0.037888,
"cgal_convex_hull": 0.016384,
"total": 1889.02
}