{
"n": 201326592,
"size": 137,
"hull": 22,
"seed": 0,
"copy2device": 0,
"find_extremes": 89.9645,
"find_corners": 184.278,
"find_points_in_Q": 0,
"compaction": 193.091,
"copy2host": 0,
"filter": 467.389,
"delete": 0,
"preparation": 0.024576,
"cgal_convex_hull": 0.016384,
"total": 467.406
}