{
"n": 402653184,
"size": 122,
"hull": 19,
"seed": 0,
"copy2device": 0,
"find_extremes": 178.588,
"find_corners": 367.218,
"find_points_in_Q": 0,
"compaction": 596.866,
"copy2host": 0,
"filter": 1142.72,
"delete": 0,
"preparation": 0.037888,
"cgal_convex_hull": 0.019456,
"total": 1142.74
}