{
"n": 335544320,
"size": 119,
"hull": 22,
"seed": 0,
"copy2device": 0,
"find_extremes": 161.095,
"find_corners": 296.946,
"find_points_in_Q": 0,
"compaction": 562.665,
"copy2host": 0,
"filter": 1020.77,
"delete": 0,
"preparation": 0.032768,
"cgal_convex_hull": 0.016384,
"total": 1020.79
}