{
"n": 335544320,
"size": 111,
"hull": 21,
"seed": 0,
"copy2device": 0,
"find_extremes": 154.202,
"find_corners": 335.073,
"find_points_in_Q": 0,
"compaction": 614.137,
"copy2host": 0,
"filter": 1103.48,
"delete": 0,
"preparation": 0.021504,
"cgal_convex_hull": 0.016384,
"total": 1103.49
}