{
"n": 234881024,
"size": 210,
"hull": 16,
"seed": 0,
"copy2device": 0,
"find_extremes": 123.276,
"find_corners": 212.411,
"find_points_in_Q": 0,
"compaction": 349.553,
"copy2host": 0,
"filter": 685.294,
"delete": 0,
"preparation": 0.031744,
"cgal_convex_hull": 0.029696,
"total": 685.323
}