{
"n": 234881024,
"size": 173,
"hull": 19,
"seed": 0,
"copy2device": 0,
"find_extremes": 105.364,
"find_corners": 213.431,
"find_points_in_Q": 0,
"compaction": 377.598,
"copy2host": 0,
"filter": 696.463,
"delete": 0,
"preparation": 0.032768,
"cgal_convex_hull": 0.022528,
"total": 696.486
}