{
"n": 436207616,
"size": 234,
"hull": 19,
"seed": 0,
"copy2device": 0,
"find_extremes": 215.482,
"find_corners": 409.066,
"find_points_in_Q": 0,
"compaction": 685.501,
"copy2host": 0,
"filter": 1310.11,
"delete": 0,
"preparation": 0.065536,
"cgal_convex_hull": 0.026624,
"total": 1310.13
}