{
"n": 167772160,
"size": 178,
"hull": 26,
"seed": 0,
"copy2device": 0,
"find_extremes": 75.1872,
"find_corners": 150.711,
"find_points_in_Q": 0,
"compaction": 304.833,
"copy2host": 0,
"filter": 530.786,
"delete": 0,
"preparation": 0.032768,
"cgal_convex_hull": 0.021504,
"total": 530.808
}