{
"n": 436207616,
"size": 213,
"hull": 18,
"seed": 0,
"copy2device": 0,
"find_extremes": 203.467,
"find_corners": 400.654,
"find_points_in_Q": 0,
"compaction": 623.094,
"copy2host": 0,
"filter": 1227.27,
"delete": 0,
"preparation": 0.047104,
"cgal_convex_hull": 0.023552,
"total": 1227.29
}