{
"n": 335544320,
"size": 167,
"hull": 19,
"seed": 0,
"copy2device": 0,
"find_extremes": 205.164,
"find_corners": 327.439,
"find_points_in_Q": 0,
"compaction": 586.955,
"copy2host": 0,
"filter": 1119.62,
"delete": 0,
"preparation": 0.028672,
"cgal_convex_hull": 0.026624,
"total": 1119.64
}