{
"n": 637534208,
"size": 145,
"hull": 24,
"seed": 0,
"copy2device": 0,
"find_extremes": 334.886,
"find_corners": 608.606,
"find_points_in_Q": 0,
"compaction": 783.441,
"copy2host": 0,
"filter": 1726.99,
"delete": 0,
"preparation": 0.049152,
"cgal_convex_hull": 0.027648,
"total": 1727.02
}