{
"n": 771751936,
"size": 109,
"hull": 21,
"seed": 0,
"copy2device": 0,
"find_extremes": 364.145,
"find_corners": 719.784,
"find_points_in_Q": 0,
"compaction": 1233.52,
"copy2host": 0,
"filter": 2317.52,
"delete": 0,
"preparation": 0.037888,
"cgal_convex_hull": 0.018432,
"total": 2317.54
}