{
"n": 268435456,
"size": 349,
"hull": 19,
"seed": 0,
"copy2device": 0,
"find_extremes": 118.188,
"find_corners": 237.049,
"find_points_in_Q": 0,
"compaction": 156.595,
"copy2host": 0,
"filter": 511.886,
"delete": 0,
"preparation": 0.049152,
"cgal_convex_hull": 0.029696,
"total": 511.916
}