{
"n": 100663296,
"size": 183,
"hull": 24,
"seed": 0,
"copy2device": 0,
"find_extremes": 44.9505,
"find_corners": 93.0714,
"find_points_in_Q": 0,
"compaction": 119.774,
"copy2host": 0,
"filter": 257.852,
"delete": 0,
"preparation": 0.028672,
"cgal_convex_hull": 0.023552,
"total": 257.876
}