{
"n": 536870912,
"size": 128,
"hull": 15,
"seed": 0,
"copy2device": 0,
"find_extremes": 241.969,
"find_corners": 510.735,
"find_points_in_Q": 0,
"compaction": 867.077,
"copy2host": 0,
"filter": 1619.84,
"delete": 0,
"preparation": 0.045056,
"cgal_convex_hull": 0.014336,
"total": 1619.85
}