{
"n": 301989888,
"size": 495,
"hull": 17,
"seed": 0,
"copy2device": 0,
"find_extremes": 132.348,
"find_corners": 272.612,
"find_points_in_Q": 0,
"compaction": 256.085,
"copy2host": 0,
"filter": 661.103,
"delete": 0,
"preparation": 0.075776,
"cgal_convex_hull": 0.045056,
"total": 661.148
}