{
"n": 234881024,
"size": 129,
"hull": 19,
"seed": 0,
"copy2device": 0,
"find_extremes": 104.812,
"find_corners": 212.948,
"find_points_in_Q": 0,
"compaction": 267.044,
"copy2host": 0,
"filter": 584.889,
"delete": 0,
"preparation": 0.027648,
"cgal_convex_hull": 0.018432,
"total": 584.908
}