{
"n": 301989888,
"size": 125,
"hull": 21,
"seed": 0,
"copy2device": 0,
"find_extremes": 133.804,
"find_corners": 274.799,
"find_points_in_Q": 0,
"compaction": 560.228,
"copy2host": 0,
"filter": 968.885,
"delete": 0,
"preparation": 0.024576,
"cgal_convex_hull": 0.016384,
"total": 968.902
}