{
"n": 201326592,
"size": 123,
"hull": 18,
"seed": 0,
"copy2device": 0,
"find_extremes": 90.2892,
"find_corners": 180.631,
"find_points_in_Q": 0,
"compaction": 307.702,
"copy2host": 0,
"filter": 578.678,
"delete": 0,
"preparation": 0.036864,
"cgal_convex_hull": 0.026624,
"total": 578.704
}