{
"n": 369098752,
"size": 103,
"hull": 20,
"seed": 0,
"copy2device": 0,
"find_extremes": 162.848,
"find_corners": 342.674,
"find_points_in_Q": 0,
"compaction": 761.546,
"copy2host": 0,
"filter": 1267.13,
"delete": 0,
"preparation": 0.022528,
"cgal_convex_hull": 0.014336,
"total": 1267.15
}