{
"n": 469762048,
"size": 123,
"hull": 22,
"seed": 0,
"copy2device": 0,
"find_extremes": 207.499,
"find_corners": 427.856,
"find_points_in_Q": 0,
"compaction": 743.638,
"copy2host": 0,
"filter": 1379.05,
"delete": 0,
"preparation": 0.036864,
"cgal_convex_hull": 0.017408,
"total": 1379.07
}