{
"n": 637534208,
"size": 122,
"hull": 21,
"seed": 0,
"copy2device": 0,
"find_extremes": 323.257,
"find_corners": 581.248,
"find_points_in_Q": 0,
"compaction": 1141.66,
"copy2host": 0,
"filter": 2046.22,
"delete": 0,
"preparation": 0.041984,
"cgal_convex_hull": 0.016384,
"total": 2046.24
}