{
"n": 536870912,
"size": 117,
"hull": 21,
"seed": 0,
"copy2device": 0,
"find_extremes": 270.847,
"find_corners": 505.953,
"find_points_in_Q": 0,
"compaction": 670.283,
"copy2host": 0,
"filter": 1447.14,
"delete": 0,
"preparation": 0.033792,
"cgal_convex_hull": 0.017408,
"total": 1447.16
}