{
"n": 201326592,
"size": 194,
"hull": 17,
"seed": 0,
"copy2device": 0,
"find_extremes": 105.535,
"find_corners": 184.513,
"find_points_in_Q": 0,
"compaction": 279.993,
"copy2host": 0,
"filter": 570.124,
"delete": 0,
"preparation": 0.036864,
"cgal_convex_hull": 0.024576,
"total": 570.149
}