{
"n": 100663296,
"size": 270,
"hull": 15,
"seed": 0,
"copy2device": 0,
"find_extremes": 45.2936,
"find_corners": 92.4447,
"find_points_in_Q": 0,
"compaction": 126.403,
"copy2host": 0,
"filter": 264.202,
"delete": 0,
"preparation": 0.047104,
"cgal_convex_hull": 0.026624,
"total": 264.229
}