{
"n": 704643072,
"size": 161,
"hull": 24,
"seed": 0,
"copy2device": 0,
"find_extremes": 348.227,
"find_corners": 684.491,
"find_points_in_Q": 0,
"compaction": 1473.98,
"copy2host": 0,
"filter": 2506.75,
"delete": 0,
"preparation": 0.043008,
"cgal_convex_hull": 0.019456,
"total": 2506.77
}