{
"n": 771751936,
"size": 415,
"hull": 25,
"seed": 0,
"copy2device": 0,
"find_extremes": 337.276,
"find_corners": 821.272,
"find_points_in_Q": 0,
"compaction": 680.471,
"copy2host": 0,
"filter": 1839.07,
"delete": 0,
"preparation": 0.060416,
"cgal_convex_hull": 0.036864,
"total": 1839.11
}