{
"n": 234881024,
"size": 177,
"hull": 23,
"seed": 0,
"copy2device": 0,
"find_extremes": 105.048,
"find_corners": 213.088,
"find_points_in_Q": 0,
"compaction": 416.481,
"copy2host": 0,
"filter": 734.673,
"delete": 0,
"preparation": 0.039936,
"cgal_convex_hull": 0.018432,
"total": 734.691
}