{
"n": 100663296,
"size": 41,
"hull": 17,
"seed": 0,
"copy2device": 112.868,
"find_extremes": 5.26653,
"find_corners": 6.68467,
"find_points_in_Q": 0.004096,
"compaction": 7.49091,
"copy2host": 0.020256,
"filter": 19.534,
"delete": 0,
"preparation": 0.005024,
"cgal_convex_hull": 0.010848,
"total": 19.5448
}