{
"n": 402653184,
"size": 578,
"hull": 20,
"seed": 0,
"copy2device": 532.035,
"find_extremes": 11.5776,
"find_corners": 23.222,
"find_points_in_Q": 7.62397,
"compaction": 8.55645,
"copy2host": 0.018336,
"filter": 51.0347,
"delete": 0,
"preparation": 0.092448,
"cgal_convex_hull": 0.043008,
"total": 51.0777
}