{
"n": 436207616,
"size": 434,
"hull": 25,
"seed": 0,
"copy2device": 485.867,
"find_extremes": 16.4561,
"find_corners": 36.2885,
"find_points_in_Q": 0.004096,
"compaction": 18.4868,
"copy2host": 0.036288,
"filter": 71.3438,
"delete": 0,
"preparation": 0.00752,
"cgal_convex_hull": 0.043264,
"total": 71.3871
}