{
"n": 402653184,
"size": 90,
"hull": 17,
"seed": 0,
"copy2device": 447.031,
"find_extremes": 20.6329,
"find_corners": 26.5564,
"find_points_in_Q": 0.004096,
"compaction": 11.1355,
"copy2host": 0.019968,
"filter": 58.4241,
"delete": 0,
"preparation": 0.00496,
"cgal_convex_hull": 0.013664,
"total": 58.4377
}