{
"n": 671088640,
"size": 350,
"hull": 18,
"seed": 0,
"copy2device": 459.225,
"find_extremes": 31.9508,
"find_corners": 67.3833,
"find_points_in_Q": 0.002048,
"compaction": 15.6113,
"copy2host": 0.015168,
"delete": 0,
"preparation": 0.004032,
"cgal_convex_hull": 0.025824,
"total": 114.988
}