{
"n": 738197504,
"size": 238,
"hull": 17,
"seed": 0,
"copy2device": 557.49,
"find_extremes": 35.1013,
"find_corners": 74.4008,
"find_points_in_Q": 0.001024,
"compaction": 17.1533,
"copy2host": 0.01584,
"delete": 0,
"preparation": 0.007744,
"cgal_convex_hull": 0.02048,
"total": 126.693
}