{
"n": 67108864,
"size": 10705,
"hull": 46,
"seed": 0,
"copy2device": 34.598,
"find_extremes": 2.26666,
"find_corners": 7.34221,
"find_points_in_Q": 1.46691,
"compaction": 1.30061,
"copy2host": 75.3361,
"delete": 0,
"preparation": 0.270368,
"cgal_convex_hull": 0.9904,
"total": 88.7029
}