{
"n": 603979776,
"size": 504,
"hull": 21,
"seed": 0,
"copy2device": 774.089,
"find_extremes": 58.7956,
"find_corners": 49.7157,
"find_points_in_Q": 18.7986,
"compaction": 18.6046,
"copy2host": 0.019296,
"filter": 145.97,
"delete": 0,
"preparation": 0.076448,
"cgal_convex_hull": 0.043072,
"total": 146.013
}