{
"n": 704643072,
"size": 99,
"hull": 20,
"seed": 0,
"copy2device": 895.037,
"find_extremes": 25.7137,
"find_corners": 43.4843,
"find_points_in_Q": 15.6468,
"compaction": 14.9005,
"copy2host": 0.018496,
"filter": 99.8019,
"delete": 0,
"preparation": 0.037728,
"cgal_convex_hull": 0.014208,
"total": 99.8161
}