{
"n": 402653184,
"size": 72,
"hull": 20,
"seed": 0,
"copy2device": 447.79,
"find_extremes": 18.8235,
"find_corners": 33.6292,
"find_points_in_Q": 0.004096,
"compaction": 13.3642,
"copy2host": 0.019808,
"filter": 65.915,
"delete": 0,
"preparation": 0.00496,
"cgal_convex_hull": 0.01184,
"total": 65.9268
}