{
"n": 637534208,
"size": 171,
"hull": 21,
"seed": 0,
"copy2device": 744.679,
"find_extremes": 25.1617,
"find_corners": 36.4974,
"find_points_in_Q": 0.004096,
"compaction": 18.0452,
"copy2host": 0.02224,
"filter": 79.7984,
"delete": 0,
"preparation": 0.005056,
"cgal_convex_hull": 0.018784,
"total": 79.8172
}