{
"n": 973078528,
"size": 315,
"hull": 19,
"seed": 0,
"copy2device": 733.219,
"find_extremes": 46,
"find_corners": 96.9492,
"find_points_in_Q": 0.002048,
"compaction": 22.5339,
"copy2host": 0.015232,
"delete": 0,
"preparation": 0.00976,
"cgal_convex_hull": 0.024416,
"total": 165.525
}