{
"n": 704643072,
"size": 225,
"hull": 24,
"seed": 0,
"copy2device": 821.576,
"find_extremes": 28.3097,
"find_corners": 37.9658,
"find_points_in_Q": 0.004096,
"compaction": 18.8984,
"copy2host": 0.025184,
"filter": 85.2721,
"delete": 0,
"preparation": 0.004992,
"cgal_convex_hull": 0.023744,
"total": 85.2958
}