{
"n": 134217728,
"size": 89,
"hull": 20,
"seed": 0,
"copy2device": 149.665,
"find_extremes": 6.64947,
"find_corners": 9.22829,
"find_points_in_Q": 0.004096,
"compaction": 4.02557,
"copy2host": 0.02304,
"filter": 19.9964,
"delete": 0,
"preparation": 0.005056,
"cgal_convex_hull": 0.013888,
"total": 20.0102
}