{
"n": 469762048,
"size": 131,
"hull": 22,
"seed": 0,
"copy2device": 544.208,
"find_extremes": 28.5114,
"find_corners": 49.6005,
"find_points_in_Q": 0.004096,
"compaction": 27.9599,
"copy2host": 0.026176,
"filter": 106.174,
"delete": 0,
"preparation": 0.00608,
"cgal_convex_hull": 0.018816,
"total": 106.193
}