{
"n": 503316480,
"size": 91,
"hull": 17,
"seed": 0,
"copy2device": 556.569,
"find_extremes": 21.5384,
"find_corners": 35.0525,
"find_points_in_Q": 0.004096,
"compaction": 13.5382,
"copy2host": 0.020128,
"filter": 70.2222,
"delete": 0,
"preparation": 0.00496,
"cgal_convex_hull": 0.013472,
"total": 70.2357
}