{
"n": 33554432,
"size": 74,
"hull": 18,
"seed": 0,
"copy2device": 40.2131,
"find_extremes": 4.80144,
"find_corners": 5.82861,
"find_points_in_Q": 0.004096,
"compaction": 1.43299,
"copy2host": 0.02016,
"filter": 12.1568,
"delete": 0,
"preparation": 0.00448,
"cgal_convex_hull": 0.01264,
"total": 12.1694
}