{
"n": 1073741824,
"size": 280,
"hull": 22,
"seed": 0,
"copy2device": 830.344,
"find_extremes": 27.3316,
"find_corners": 106.794,
"find_points_in_Q": 20.6422,
"compaction": 18.8442,
"copy2host": 1116.23,
"delete": 0,
"preparation": 0.052128,
"cgal_convex_hull": 0.023264,
"total": 1289.86
}