{
"n": 738197504,
"size": 74,
"hull": 16,
"seed": 0,
"copy2device": 890.635,
"find_extremes": 25.5563,
"find_corners": 45.3356,
"find_points_in_Q": 0.004096,
"compaction": 23.0535,
"copy2host": 0.019744,
"filter": 94.0381,
"delete": 0,
"preparation": 0.005024,
"cgal_convex_hull": 0.012448,
"total": 94.0506
}