{
"n": 536870912,
"size": 224,
"hull": 17,
"seed": 0,
"copy2device": 695.672,
"find_extremes": 18.6339,
"find_corners": 33.5324,
"find_points_in_Q": 11.5062,
"compaction": 14.7014,
"copy2host": 0.018624,
"filter": 78.4308,
"delete": 0,
"preparation": 0.037664,
"cgal_convex_hull": 0.023264,
"total": 78.454
}