{
"n": 335544320,
"size": 121,
"hull": 19,
"seed": 0,
"copy2device": 395.109,
"find_extremes": 12.9963,
"find_corners": 26.5262,
"find_points_in_Q": 8.43811,
"compaction": 9.38365,
"copy2host": 0.018272,
"filter": 57.4,
"delete": 0,
"preparation": 0.022144,
"cgal_convex_hull": 0.015264,
"total": 57.4153
}