{
"n": 704643072,
"size": 255,
"hull": 17,
"seed": 0,
"copy2device": 859.398,
"find_extremes": 38.1617,
"find_corners": 44.5379,
"find_points_in_Q": 0.004096,
"compaction": 22.3357,
"copy2host": 0.021984,
"filter": 105.13,
"delete": 0,
"preparation": 0.009056,
"cgal_convex_hull": 0.023776,
"total": 105.154
}