{
"n": 100663296,
"size": 301,
"hull": 23,
"seed": 0,
"copy2device": 112.578,
"find_extremes": 23.1774,
"find_corners": 40.0636,
"find_points_in_Q": 9.15309,
"compaction": 21.4776,
"copy2host": 0.017248,
"filter": 93.9273,
"delete": 0,
"preparation": 0.043648,
"cgal_convex_hull": 0.027968,
"total": 93.9552
}