{
"n": 268435456,
"size": 116,
"hull": 19,
"seed": 0,
"copy2device": 181.499,
"find_extremes": 13.2513,
"find_corners": 27.2672,
"find_points_in_Q": 0.001024,
"compaction": 6.37341,
"copy2host": 0.01312,
"delete": 0,
"preparation": 0.002304,
"cgal_convex_hull": 0.014272,
"total": 46.9203
}