{
"n": 704643072,
"size": 86,
"hull": 22,
"seed": 0,
"copy2device": 788.343,
"find_extremes": 49.3326,
"find_corners": 49.6138,
"find_points_in_Q": 0.004096,
"compaction": 22.1498,
"copy2host": 0.021536,
"filter": 121.193,
"delete": 0,
"preparation": 0.00496,
"cgal_convex_hull": 0.013632,
"total": 121.207
}