{
"n": 67108864,
"size": 13426,
"hull": 48,
"seed": 0,
"copy2device": 34.6515,
"find_extremes": 2.29814,
"find_corners": 7.32432,
"find_points_in_Q": 1.46675,
"compaction": 1.29776,
"copy2host": 71.7666,
"delete": 0,
"preparation": 0.31824,
"cgal_convex_hull": 1.27229,
"total": 85.4259
}