{
"n": 234881024,
"size": 74,
"hull": 16,
"seed": 0,
"copy2device": 276.052,
"find_extremes": 12.9476,
"find_corners": 19.0894,
"find_points_in_Q": 0.00512,
"compaction": 18.706,
"copy2host": 0.019904,
"filter": 50.8355,
"delete": 0,
"preparation": 0.005088,
"cgal_convex_hull": 0.013824,
"total": 50.8493
}