{
"n": 738197504,
"size": 140,
"hull": 25,
"seed": 0,
"copy2device": 859.789,
"find_extremes": 35.6303,
"find_corners": 52.095,
"find_points_in_Q": 0.004096,
"compaction": 22.7756,
"copy2host": 0.024032,
"filter": 110.598,
"delete": 0,
"preparation": 0.00496,
"cgal_convex_hull": 0.017664,
"total": 110.616
}