{
"n": 436207616,
"size": 85,
"hull": 21,
"seed": 0,
"copy2device": 495.267,
"find_extremes": 22.7352,
"find_corners": 31.0446,
"find_points_in_Q": 0.004096,
"compaction": 13.889,
"copy2host": 0.020992,
"filter": 67.7632,
"delete": 0,
"preparation": 0.005024,
"cgal_convex_hull": 0.01328,
"total": 67.7765
}