{
"n": 402653184,
"size": 112,
"hull": 23,
"seed": 0,
"copy2device": 486.635,
"find_extremes": 11.1668,
"find_corners": 25.4068,
"find_points_in_Q": 7.64496,
"compaction": 7.22406,
"copy2host": 0.018688,
"filter": 51.5007,
"delete": 0,
"preparation": 0.02096,
"cgal_convex_hull": 0.016768,
"total": 51.5174
}