{
"n": 268435456,
"size": 94,
"hull": 23,
"seed": 0,
"copy2device": 163.347,
"find_extremes": 7.40605,
"find_corners": 27.1488,
"find_points_in_Q": 5.44554,
"compaction": 4.81494,
"copy2host": 337.822,
"delete": 0,
"preparation": 0.009952,
"cgal_convex_hull": 0.014176,
"total": 382.652
}