{
"n": 201326592,
"size": 130,
"hull": 21,
"seed": 0,
"copy2device": 220.597,
"find_extremes": 25.03,
"find_corners": 14.5736,
"find_points_in_Q": 0.004096,
"compaction": 5.84301,
"copy2host": 0.020768,
"filter": 45.5408,
"delete": 0,
"preparation": 0.005056,
"cgal_convex_hull": 0.016928,
"total": 45.5578
}