{
"n": 33554432,
"size": 79,
"hull": 18,
"seed": 0,
"copy2device": 43.5788,
"find_extremes": 3.35338,
"find_corners": 5.92998,
"find_points_in_Q": 0.004096,
"compaction": 1.49069,
"copy2host": 0.021024,
"filter": 10.868,
"delete": 0,
"preparation": 0.005792,
"cgal_convex_hull": 0.012768,
"total": 10.8807
}