{
"n": 301989888,
"size": 83,
"hull": 22,
"seed": 0,
"copy2device": 367.458,
"find_extremes": 39.5025,
"find_corners": 18.2251,
"find_points_in_Q": 10.3136,
"compaction": 6.98614,
"copy2host": 0.018272,
"filter": 75.0865,
"delete": 0,
"preparation": 0.015008,
"cgal_convex_hull": 0.01328,
"total": 75.0997
}