{
"n": 503316480,
"size": 115,
"hull": 18,
"seed": 0,
"copy2device": 562.768,
"find_extremes": 24.1717,
"find_corners": 40.8289,
"find_points_in_Q": 0.004096,
"compaction": 14.6943,
"copy2host": 0.020704,
"filter": 79.7883,
"delete": 0,
"preparation": 0.005024,
"cgal_convex_hull": 0.016768,
"total": 79.8051
}