{
"n": 369098752,
"size": 17512,
"hull": 38,
"seed": 0,
"copy2device": 513.427,
"find_extremes": 9.89776,
"find_corners": 36.9626,
"find_points_in_Q": 7.54355,
"compaction": 6.56256,
"copy2host": 406.921,
"delete": 0,
"preparation": 6.5873,
"cgal_convex_hull": 1.77078,
"total": 469.658
}