{
"n": 402653184,
"size": 226,
"hull": 20,
"seed": 0,
"copy2device": 488.643,
"find_extremes": 16.1699,
"find_corners": 24.2107,
"find_points_in_Q": 7.5576,
"compaction": 7.2335,
"copy2host": 0.018464,
"filter": 55.2287,
"delete": 0,
"preparation": 0.03968,
"cgal_convex_hull": 0.027136,
"total": 55.2558
}