{
"n": 201326592,
"size": 72,
"hull": 18,
"seed": 0,
"copy2device": 270.225,
"find_extremes": 8.34422,
"find_corners": 16.5039,
"find_points_in_Q": 4.68602,
"compaction": 3.7992,
"copy2host": 0.018176,
"filter": 33.3909,
"delete": 0,
"preparation": 0.019168,
"cgal_convex_hull": 0.012512,
"total": 33.4035
}