{
"n": 671088640,
"size": 54,
"hull": 19,
"seed": 0,
"copy2device": 746.569,
"find_extremes": 26.8402,
"find_corners": 37.2081,
"find_points_in_Q": 0.004096,
"compaction": 22.965,
"copy2host": 0.020576,
"filter": 87.1072,
"delete": 0,
"preparation": 0.005024,
"cgal_convex_hull": 0.011776,
"total": 87.119
}