{
"n": 671088640,
"size": 32260,
"hull": 35,
"seed": 0,
"copy2device": 871.904,
"find_extremes": 32.0088,
"find_corners": 67.2717,
"find_points_in_Q": 0.001984,
"compaction": 15.6287,
"copy2host": 0.053504,
"delete": 0,
"preparation": 0.0648,
"cgal_convex_hull": 3.37066,
"total": 118.335
}