{
"n": 771751936,
"size": 313,
"hull": 21,
"seed": 0,
"copy2device": 897.092,
"find_extremes": 29.5712,
"find_corners": 52.2947,
"find_points_in_Q": 0.00512,
"compaction": 22.618,
"copy2host": 0.020896,
"filter": 104.579,
"delete": 0,
"preparation": 0.00656,
"cgal_convex_hull": 0.028032,
"total": 104.607
}