{
"n": 771751936,
"size": 176,
"hull": 21,
"seed": 0,
"copy2device": 972.513,
"find_extremes": 28.7274,
"find_corners": 47.7637,
"find_points_in_Q": 17.0707,
"compaction": 13.9654,
"copy2host": 0.018592,
"filter": 107.584,
"delete": 0,
"preparation": 0.029408,
"cgal_convex_hull": 0.022528,
"total": 107.607
}