{
"n": 100663296,
"size": 121,
"hull": 18,
"seed": 0,
"copy2device": 111.188,
"find_extremes": 5.42918,
"find_corners": 10.5411,
"find_points_in_Q": 0.004096,
"compaction": 3.93302,
"copy2host": 0.021344,
"filter": 19.9975,
"delete": 0,
"preparation": 0.005408,
"cgal_convex_hull": 0.016256,
"total": 20.0137
}