{
"n": 570425344,
"size": 116,
"hull": 22,
"seed": 0,
"copy2device": 463.541,
"find_extremes": 14.8853,
"find_corners": 56.8496,
"find_points_in_Q": 11.2179,
"compaction": 10.1362,
"copy2host": 669.774,
"delete": 0,
"preparation": 0.025728,
"cgal_convex_hull": 0.01872,
"total": 762.881
}