{
"n": 738197504,
"size": 19697,
"hull": 36,
"seed": 0,
"copy2device": 869.533,
"find_extremes": 35.0782,
"find_corners": 75.5743,
"find_points_in_Q": 0.001024,
"compaction": 17.2057,
"copy2host": 0.038656,
"delete": 0,
"preparation": 0.059936,
"cgal_convex_hull": 2.0489,
"total": 129.947
}