{
"n": 771751936,
"size": 66,
"hull": 19,
"seed": 0,
"copy2device": 986.186,
"find_extremes": 33.5425,
"find_corners": 76.907,
"find_points_in_Q": 22.3297,
"compaction": 20.8454,
"copy2host": 0.018624,
"filter": 153.683,
"delete": 0,
"preparation": 0.017056,
"cgal_convex_hull": 0.012544,
"total": 153.695
}