{
"n": 771751936,
"size": 97,
"hull": 22,
"seed": 0,
"copy2device": 935.542,
"find_extremes": 26.2466,
"find_corners": 48.5284,
"find_points_in_Q": 0.004096,
"compaction": 24.8928,
"copy2host": 0.020384,
"filter": 99.7617,
"delete": 0,
"preparation": 0.00496,
"cgal_convex_hull": 0.013472,
"total": 99.7752
}