{
"n": 167772160,
"size": 15544,
"hull": 43,
"seed": 0,
"copy2device": 99.4187,
"find_extremes": 4.93005,
"find_corners": 17.4025,
"find_points_in_Q": 3.49837,
"compaction": 3.09542,
"copy2host": 168.797,
"delete": 0,
"preparation": 3.33648,
"cgal_convex_hull": 1.53194,
"total": 199.255
}