{
"n": 603979776,
"size": 71,
"hull": 19,
"seed": 0,
"copy2device": 707.012,
"find_extremes": 31.1847,
"find_corners": 40.2657,
"find_points_in_Q": 0.004096,
"compaction": 20.013,
"copy2host": 0.01968,
"filter": 91.5568,
"delete": 0,
"preparation": 0.005088,
"cgal_convex_hull": 0.013152,
"total": 91.57
}