{
"n": 33554432,
"size": 169,
"hull": 23,
"seed": 0,
"copy2device": 14.1612,
"find_extremes": 1.47168,
"find_corners": 3.93354,
"find_points_in_Q": 0.764384,
"compaction": 0.710432,
"copy2host": 46.4553,
"delete": 0,
"preparation": 0.015264,
"cgal_convex_hull": 0.01888,
"total": 53.3542
}