{
"n": 33554432,
"size": 65,
"hull": 24,
"seed": 0,
"copy2device": 42.0129,
"find_extremes": 2.34989,
"find_corners": 3.31814,
"find_points_in_Q": 1.13798,
"compaction": 0.892384,
"copy2host": 0.015616,
"filter": 7.75091,
"delete": 0,
"preparation": 0.012128,
"cgal_convex_hull": 0.01264,
"total": 7.76355
}