{
"n": 369098752,
"size": 141,
"hull": 18,
"seed": 0,
"copy2device": 412.978,
"find_extremes": 17.2709,
"find_corners": 27.3234,
"find_points_in_Q": 0.004096,
"compaction": 11.3074,
"copy2host": 0.023072,
"filter": 55.9978,
"delete": 0,
"preparation": 0.005024,
"cgal_convex_hull": 0.015904,
"total": 56.0137
}