{
"n": 268435456,
"size": 248,
"hull": 16,
"seed": 0,
"copy2device": 298.122,
"find_extremes": 12.3615,
"find_corners": 21.2726,
"find_points_in_Q": 0.004096,
"compaction": 8.85402,
"copy2host": 0.021216,
"filter": 42.5831,
"delete": 0,
"preparation": 0.004992,
"cgal_convex_hull": 0.02352,
"total": 42.6066
}