{
"n": 167772160,
"size": 239,
"hull": 20,
"seed": 0,
"copy2device": 187.627,
"find_extremes": 8.26314,
"find_corners": 13.4113,
"find_points_in_Q": 0.004096,
"compaction": 5.96243,
"copy2host": 0.021888,
"filter": 27.7312,
"delete": 0,
"preparation": 0.005216,
"cgal_convex_hull": 0.027136,
"total": 27.7583
}