{
"n": 268435456,
"size": 98,
"hull": 22,
"seed": 0,
"copy2device": 348.275,
"find_extremes": 8.02755,
"find_corners": 17.5844,
"find_points_in_Q": 5.4968,
"compaction": 4.89258,
"copy2host": 0.018304,
"filter": 36.0579,
"delete": 0,
"preparation": 0.021376,
"cgal_convex_hull": 0.015872,
"total": 36.0737
}