{
"n": 704643072,
"size": 352,
"hull": 21,
"seed": 0,
"copy2device": 898.653,
"find_extremes": 21.2161,
"find_corners": 39.52,
"find_points_in_Q": 12.829,
"compaction": 12.6322,
"copy2host": 0.018208,
"filter": 86.255,
"delete": 0,
"preparation": 0.0672,
"cgal_convex_hull": 0.033024,
"total": 86.288
}