{
"n": 570425344,
"size": 300,
"hull": 20,
"seed": 0,
"copy2device": 458.955,
"find_extremes": 14.8959,
"find_corners": 57.1151,
"find_points_in_Q": 11.1989,
"compaction": 10.1624,
"copy2host": 606.373,
"delete": 0,
"preparation": 0.054784,
"cgal_convex_hull": 0.027136,
"total": 699.773
}