{
"n": 33554432,
"size": 115,
"hull": 18,
"seed": 0,
"copy2device": 36.6789,
"find_extremes": 4.85302,
"find_corners": 3.27578,
"find_points_in_Q": 0.003072,
"compaction": 1.36995,
"copy2host": 0.019264,
"filter": 9.58557,
"delete": 0,
"preparation": 0.00496,
"cgal_convex_hull": 0.01504,
"total": 9.60061
}