{
"n": 603979776,
"size": 446,
"hull": 23,
"seed": 0,
"copy2device": 429.797,
"find_extremes": 28.8576,
"find_corners": 60.6628,
"find_points_in_Q": 0.002048,
"compaction": 14.1025,
"copy2host": 0.015104,
"delete": 0,
"preparation": 0.008608,
"cgal_convex_hull": 0.033184,
"total": 103.673
}