{
"n": 33554432,
"size": 50,
"hull": 20,
"seed": 0,
"copy2device": 40.2753,
"find_extremes": 2.41843,
"find_corners": 4.51968,
"find_points_in_Q": 4.9791,
"compaction": 4.67008,
"copy2host": 0.016672,
"filter": 16.6399,
"delete": 0,
"preparation": 0.00976,
"cgal_convex_hull": 0.012,
"total": 16.6519
}