{
"n": 469762048,
"size": 41396,
"hull": 43,
"seed": 0,
"copy2device": 562.638,
"find_extremes": 22.6001,
"find_corners": 47.2095,
"find_points_in_Q": 0.002048,
"compaction": 11.0051,
"copy2host": 0.060544,
"delete": 0,
"preparation": 0.101152,
"cgal_convex_hull": 4.36387,
"total": 85.2411
}