{
"n": 33554432,
"size": 118,
"hull": 18,
"seed": 0,
"copy2device": 38.3977,
"find_extremes": 2.65709,
"find_corners": 3.22355,
"find_points_in_Q": 0.004096,
"compaction": 1.34602,
"copy2host": 0.01968,
"filter": 7.3136,
"delete": 0,
"preparation": 0.004896,
"cgal_convex_hull": 0.015104,
"total": 7.3287
}