{
"n": 201326592,
"size": 18708,
"hull": 43,
"seed": 0,
"copy2device": 240.048,
"find_extremes": 5.74083,
"find_corners": 20.6492,
"find_points_in_Q": 4.18486,
"compaction": 3.68899,
"copy2host": 262.669,
"delete": 0,
"preparation": 6.8783,
"cgal_convex_hull": 1.83952,
"total": 298.772
}