{
"n": 771751936,
"size": 162,
"hull": 21,
"seed": 0,
"copy2device": 857.381,
"find_extremes": 56.4207,
"find_corners": 42.3148,
"find_points_in_Q": 0.004096,
"compaction": 21.1403,
"copy2host": 0.020864,
"filter": 119.971,
"delete": 0,
"preparation": 0.005024,
"cgal_convex_hull": 0.018688,
"total": 119.989
}