{
"n": 234881024,
"size": 317,
"hull": 18,
"seed": 0,
"copy2device": 287.433,
"find_extremes": 27.552,
"find_corners": 27.8829,
"find_points_in_Q": 13.8511,
"compaction": 10.7997,
"copy2host": 0.017568,
"filter": 80.144,
"delete": 0,
"preparation": 0.049376,
"cgal_convex_hull": 0.031968,
"total": 80.176
}