{
"n": 268435456,
"size": 45,
"hull": 18,
"seed": 0,
"copy2device": 299.048,
"find_extremes": 10.2056,
"find_corners": 15.8863,
"find_points_in_Q": 0.004096,
"compaction": 7.61712,
"copy2host": 0.021088,
"filter": 33.8031,
"delete": 0,
"preparation": 0.004992,
"cgal_convex_hull": 0.010592,
"total": 33.8137
}