{
"n": 134217728,
"size": 16092,
"hull": 43,
"seed": 0,
"copy2device": 158.671,
"find_extremes": 3.96986,
"find_corners": 13.9808,
"find_points_in_Q": 2.79405,
"compaction": 2.50589,
"copy2host": 150.262,
"delete": 0,
"preparation": 0.412352,
"cgal_convex_hull": 1.58934,
"total": 175.101
}