{
"n": 469762048,
"size": 144,
"hull": 23,
"seed": 0,
"copy2device": 615.129,
"find_extremes": 13.8915,
"find_corners": 26.9181,
"find_points_in_Q": 8.79898,
"compaction": 8.27914,
"copy2host": 0.018272,
"filter": 57.9429,
"delete": 0,
"preparation": 0.029664,
"cgal_convex_hull": 0.02016,
"total": 57.963
}