{
"n": 67108864,
"size": 93,
"hull": 19,
"seed": 0,
"copy2device": 81.3022,
"find_extremes": 4.40275,
"find_corners": 6.94048,
"find_points_in_Q": 7.15958,
"compaction": 6.3696,
"copy2host": 0.016672,
"filter": 24.9267,
"delete": 0,
"preparation": 0.01648,
"cgal_convex_hull": 0.014176,
"total": 24.9409
}