{
"n": 167772160,
"size": 125,
"hull": 19,
"seed": 0,
"copy2device": 202.238,
"find_extremes": 8.31565,
"find_corners": 12.9966,
"find_points_in_Q": 3.70762,
"compaction": 4.70266,
"copy2host": 0.016864,
"filter": 29.7791,
"delete": 0,
"preparation": 0.022016,
"cgal_convex_hull": 0.01664,
"total": 29.7957
}