{
"n": 402653184,
"size": 99,
"hull": 20,
"seed": 0,
"copy2device": 453.024,
"find_extremes": 33.0036,
"find_corners": 71.2571,
"find_points_in_Q": 0.004096,
"compaction": 23.806,
"copy2host": 0.021472,
"filter": 128.168,
"delete": 0,
"preparation": 0.004992,
"cgal_convex_hull": 0.016704,
"total": 128.184
}