{
"n": 771751936,
"size": 890,
"hull": 21,
"seed": 0,
"copy2device": 860.574,
"find_extremes": 32.6712,
"find_corners": 50.005,
"find_points_in_Q": 0.004096,
"compaction": 23.7752,
"copy2host": 0.022784,
"filter": 106.548,
"delete": 0,
"preparation": 0.004992,
"cgal_convex_hull": 0.067968,
"total": 106.616
}