{
"n": 301989888,
"size": 177,
"hull": 25,
"seed": 0,
"copy2device": 183.938,
"find_extremes": 8.22803,
"find_corners": 30.5861,
"find_points_in_Q": 6.1873,
"compaction": 5.40397,
"copy2host": 387.891,
"delete": 0,
"preparation": 0.022464,
"cgal_convex_hull": 0.021696,
"total": 438.318
}