{
"n": 369098752,
"size": 26213,
"hull": 43,
"seed": 0,
"copy2device": 408.887,
"find_extremes": 9.88058,
"find_corners": 37.0945,
"find_points_in_Q": 7.60941,
"compaction": 9.14218,
"copy2host": 429.036,
"delete": 0,
"preparation": 10.9124,
"cgal_convex_hull": 2.64061,
"total": 495.403
}