{
"n": 603979776,
"size": 773,
"hull": 22,
"seed": 0,
"copy2device": 706.053,
"find_extremes": 33.7137,
"find_corners": 52.1759,
"find_points_in_Q": 0.004096,
"compaction": 28.9577,
"copy2host": 0.02208,
"filter": 114.944,
"delete": 0,
"preparation": 0.005632,
"cgal_convex_hull": 0.060096,
"total": 115.004
}