{
"n": 536870912,
"size": 71,
"hull": 19,
"seed": 0,
"copy2device": 659.697,
"find_extremes": 14.467,
"find_corners": 29.3169,
"find_points_in_Q": 9.93306,
"compaction": 9.8216,
"copy2host": 0.01808,
"filter": 63.5942,
"delete": 0,
"preparation": 0.016256,
"cgal_convex_hull": 0.0136,
"total": 63.6078
}