{
"n": 671088640,
"size": 102,
"hull": 19,
"seed": 0,
"copy2device": 782.558,
"find_extremes": 24.3208,
"find_corners": 37.5716,
"find_points_in_Q": 0.004096,
"compaction": 19.6109,
"copy2host": 0.019904,
"filter": 81.5971,
"delete": 0,
"preparation": 0.005024,
"cgal_convex_hull": 0.016512,
"total": 81.6136
}