{
"n": 570425344,
"size": 260,
"hull": 23,
"seed": 0,
"copy2device": 732.675,
"find_extremes": 17.6838,
"find_corners": 42.4805,
"find_points_in_Q": 24.701,
"compaction": 11.9854,
"copy2host": 0.017632,
"filter": 96.9065,
"delete": 0,
"preparation": 0.045728,
"cgal_convex_hull": 0.02752,
"total": 96.934
}