{
"n": 67108864,
"size": 9899,
"hull": 49,
"seed": 0,
"copy2device": 36.6709,
"find_extremes": 2.32099,
"find_corners": 7.31562,
"find_points_in_Q": 1.43994,
"compaction": 1.32928,
"copy2host": 75.8796,
"delete": 0,
"preparation": 0.261184,
"cgal_convex_hull": 0.876928,
"total": 89.1623
}