{
"n": 402653184,
"size": 399,
"hull": 18,
"seed": 0,
"copy2device": 491.931,
"find_extremes": 14.5452,
"find_corners": 24.3854,
"find_points_in_Q": 7.47126,
"compaction": 8.9399,
"copy2host": 0.01856,
"filter": 55.3987,
"delete": 0,
"preparation": 0.09328,
"cgal_convex_hull": 0.035104,
"total": 55.4338
}