{
"n": 369098752,
"size": 105,
"hull": 25,
"seed": 0,
"copy2device": 410.682,
"find_extremes": 14.9255,
"find_corners": 39.5735,
"find_points_in_Q": 0.004096,
"compaction": 19.1239,
"copy2host": 0.019648,
"filter": 73.7137,
"delete": 0,
"preparation": 0.004992,
"cgal_convex_hull": 0.014432,
"total": 73.7281
}