{
"n": 335544320,
"size": 15061,
"hull": 41,
"seed": 0,
"copy2device": 370.129,
"find_extremes": 9.07405,
"find_corners": 34.0288,
"find_points_in_Q": 6.6967,
"compaction": 5.9927,
"copy2host": 380.833,
"delete": 0,
"preparation": 5.5569,
"cgal_convex_hull": 1.44893,
"total": 438.074
}