{
"n": 503316480,
"size": 145,
"hull": 29,
"seed": 0,
"copy2device": 652.052,
"find_extremes": 13.7791,
"find_corners": 29.6536,
"find_points_in_Q": 16.676,
"compaction": 13.7529,
"copy2host": 0.018368,
"filter": 73.9188,
"delete": 0,
"preparation": 0.049504,
"cgal_convex_hull": 0.018176,
"total": 73.9369
}