{
"n": 134217728,
"size": 87,
"hull": 20,
"seed": 0,
"copy2device": 154.045,
"find_extremes": 8.66365,
"find_corners": 8.44698,
"find_points_in_Q": 0.003072,
"compaction": 3.95107,
"copy2host": 0.020256,
"filter": 21.1518,
"delete": 0,
"preparation": 0.005088,
"cgal_convex_hull": 0.0136,
"total": 21.1654
}