{
"n": 402653184,
"size": 591,
"hull": 19,
"seed": 0,
"copy2device": 454.996,
"find_extremes": 16.5512,
"find_corners": 24.9743,
"find_points_in_Q": 0.004096,
"compaction": 11.8011,
"copy2host": 0.022304,
"filter": 53.4212,
"delete": 0,
"preparation": 0.01328,
"cgal_convex_hull": 0.04512,
"total": 53.4663
}