{
"n": 402653184,
"size": 182,
"hull": 22,
"seed": 0,
"copy2device": 495.024,
"find_extremes": 14.6832,
"find_corners": 32.6072,
"find_points_in_Q": 8.47731,
"compaction": 7.25347,
"copy2host": 0.018336,
"filter": 63.0776,
"delete": 0,
"preparation": 0.031488,
"cgal_convex_hull": 0.019968,
"total": 63.0976
}