{
"n": 704643072,
"size": 168,
"hull": 22,
"seed": 0,
"copy2device": 821.411,
"find_extremes": 35.2774,
"find_corners": 41.302,
"find_points_in_Q": 0.00512,
"compaction": 19.2306,
"copy2host": 0.024384,
"filter": 95.9083,
"delete": 0,
"preparation": 0.005056,
"cgal_convex_hull": 0.019648,
"total": 95.9279
}