{
"n": 33554432,
"size": 69,
"hull": 22,
"seed": 0,
"copy2device": 42.0966,
"find_extremes": 2.9273,
"find_corners": 4.82944,
"find_points_in_Q": 6.8584,
"compaction": 2.78458,
"copy2host": 0.01632,
"filter": 17.4557,
"delete": 0,
"preparation": 0.012672,
"cgal_convex_hull": 0.013792,
"total": 17.4695
}