{
"n": 469762048,
"size": 70,
"hull": 26,
"seed": 0,
"copy2device": 612.913,
"find_extremes": 46.3667,
"find_corners": 43.0048,
"find_points_in_Q": 10.2289,
"compaction": 9.26896,
"copy2host": 0.018464,
"filter": 108.932,
"delete": 0,
"preparation": 0.015808,
"cgal_convex_hull": 0.012832,
"total": 108.945
}