{
"n": 67108864,
"size": 52,
"hull": 16,
"seed": 0,
"copy2device": 82.7318,
"find_extremes": 3.3065,
"find_corners": 5.9585,
"find_points_in_Q": 1.72982,
"compaction": 1.46678,
"copy2host": 0.015712,
"filter": 12.5156,
"delete": 0,
"preparation": 0.02,
"cgal_convex_hull": 0.010592,
"total": 12.5262
}