{
"n": 771751936,
"size": 106,
"hull": 20,
"seed": 0,
"copy2device": 860.079,
"find_extremes": 28.7023,
"find_corners": 46.3329,
"find_points_in_Q": 0.004096,
"compaction": 22.4701,
"copy2host": 0.019936,
"filter": 97.5998,
"delete": 0,
"preparation": 0.00496,
"cgal_convex_hull": 0.0144,
"total": 97.6142
}