{
"n": 704643072,
"size": 603,
"hull": 21,
"seed": 0,
"copy2device": 826.292,
"find_extremes": 30.3396,
"find_corners": 44.9444,
"find_points_in_Q": 0.00512,
"compaction": 18.8239,
"copy2host": 0.021056,
"filter": 94.2015,
"delete": 0,
"preparation": 0.005088,
"cgal_convex_hull": 0.046272,
"total": 94.2477
}