{
"n": 436207616,
"size": 62,
"hull": 19,
"seed": 0,
"copy2device": 533.05,
"find_extremes": 18.8958,
"find_corners": 33.3841,
"find_points_in_Q": 8.19139,
"compaction": 9.53162,
"copy2host": 0.018912,
"filter": 70.0589,
"delete": 0,
"preparation": 0.02032,
"cgal_convex_hull": 0.011616,
"total": 70.0706
}