{
"n": 402653184,
"size": 76,
"hull": 22,
"seed": 0,
"copy2device": 514.513,
"find_extremes": 29.8354,
"find_corners": 41.73,
"find_points_in_Q": 17.1115,
"compaction": 10.0682,
"copy2host": 0.018752,
"filter": 98.8031,
"delete": 0,
"preparation": 0.017536,
"cgal_convex_hull": 0.012928,
"total": 98.816
}