{
"n": 167772160,
"size": 116,
"hull": 19,
"seed": 0,
"copy2device": 193.486,
"find_extremes": 7.97312,
"find_corners": 15.8649,
"find_points_in_Q": 7.7105,
"compaction": 5.3903,
"copy2host": 0.016992,
"filter": 36.9967,
"delete": 0,
"preparation": 0.03408,
"cgal_convex_hull": 0.016256,
"total": 37.013
}