{
"n": 469762048,
"size": 95,
"hull": 18,
"seed": 0,
"copy2device": 320.968,
"find_extremes": 22.6244,
"find_corners": 47.3682,
"find_points_in_Q": 0.002048,
"compaction": 11.0132,
"copy2host": 0.01328,
"delete": 0,
"preparation": 0.002848,
"cgal_convex_hull": 0.013088,
"total": 81.0343
}