{
"n": 805306368,
"size": 19546,
"hull": 31,
"seed": 0,
"copy2device": 661.946,
"find_extremes": 38.2175,
"find_corners": 80.678,
"find_points_in_Q": 0.00192,
"compaction": 18.7646,
"copy2host": 0.033728,
"delete": 0,
"preparation": 0.057888,
"cgal_convex_hull": 2.03766,
"total": 139.733
}