{
"n": 671088640,
"size": 1015,
"hull": 24,
"seed": 0,
"copy2device": 880.679,
"find_extremes": 20.8794,
"find_corners": 46.0996,
"find_points_in_Q": 13.8445,
"compaction": 16.8616,
"copy2host": 0.018816,
"filter": 97.7418,
"delete": 0,
"preparation": 0.156288,
"cgal_convex_hull": 0.078272,
"total": 97.8201
}