{
"n": 637534208,
"size": 104,
"hull": 22,
"seed": 0,
"copy2device": 822.724,
"find_extremes": 50.4242,
"find_corners": 91.0362,
"find_points_in_Q": 30.9354,
"compaction": 22.7139,
"copy2host": 0.018304,
"filter": 195.168,
"delete": 0,
"preparation": 0.020704,
"cgal_convex_hull": 0.014528,
"total": 195.183
}