{
"n": 369098752,
"size": 106,
"hull": 17,
"seed": 0,
"copy2device": 408.337,
"find_extremes": 17.0308,
"find_corners": 20.6387,
"find_points_in_Q": 0.004096,
"compaction": 10.2702,
"copy2host": 0.020608,
"filter": 48.0336,
"delete": 0,
"preparation": 0.005056,
"cgal_convex_hull": 0.01472,
"total": 48.0483
}