{
"n": 671088640,
"size": 218,
"hull": 19,
"seed": 0,
"copy2device": 854.637,
"find_extremes": 18.9217,
"find_corners": 38.799,
"find_points_in_Q": 12.418,
"compaction": 12.1039,
"copy2host": 0.018144,
"filter": 82.2998,
"delete": 0,
"preparation": 0.03552,
"cgal_convex_hull": 0.025792,
"total": 82.3256
}