{
"n": 469762048,
"size": 133,
"hull": 17,
"seed": 0,
"copy2device": 626.599,
"find_extremes": 27.067,
"find_corners": 34.0331,
"find_points_in_Q": 9.32205,
"compaction": 10.1295,
"copy2host": 0.019072,
"filter": 80.6085,
"delete": 0,
"preparation": 0.0304,
"cgal_convex_hull": 0.018848,
"total": 80.6274
}