{
"n": 201326592,
"size": 71,
"hull": 18,
"seed": 0,
"copy2device": 224.974,
"find_extremes": 11.5193,
"find_corners": 19.8103,
"find_points_in_Q": 0.004096,
"compaction": 14.6049,
"copy2host": 0.0208,
"filter": 46.0276,
"delete": 0,
"preparation": 0.005024,
"cgal_convex_hull": 0.02048,
"total": 46.0481
}