{
"n": 167772160,
"size": 172,
"hull": 23,
"seed": 0,
"copy2device": 99.1604,
"find_extremes": 4.91219,
"find_corners": 17.353,
"find_points_in_Q": 3.49955,
"compaction": 3.08259,
"copy2host": 211.439,
"delete": 0,
"preparation": 0.01936,
"cgal_convex_hull": 0.020256,
"total": 240.307
}