{
"n": 671088640,
"size": 195,
"hull": 16,
"seed": 0,
"copy2device": 779.894,
"find_extremes": 28.2948,
"find_corners": 41.4013,
"find_points_in_Q": 0.004096,
"compaction": 20.6426,
"copy2host": 0.02368,
"filter": 90.4359,
"delete": 0,
"preparation": 0.00496,
"cgal_convex_hull": 0.020448,
"total": 90.4563
}