{
"n": 436207616,
"size": 139,
"hull": 18,
"seed": 0,
"copy2device": 499.055,
"find_extremes": 17.3581,
"find_corners": 25.0481,
"find_points_in_Q": 0.004096,
"compaction": 15.8517,
"copy2host": 0.021536,
"filter": 58.3518,
"delete": 0,
"preparation": 0.0056,
"cgal_convex_hull": 0.017312,
"total": 58.3691
}