{
"n": 469762048,
"size": 106,
"hull": 19,
"seed": 0,
"copy2device": 597.007,
"find_extremes": 19.0218,
"find_corners": 26.615,
"find_points_in_Q": 8.8288,
"compaction": 9.09293,
"copy2host": 0.018336,
"filter": 63.615,
"delete": 0,
"preparation": 0.019936,
"cgal_convex_hull": 0.016832,
"total": 63.6318
}