{
"n": 33554432,
"size": 87,
"hull": 17,
"seed": 0,
"copy2device": 40.7815,
"find_extremes": 20.2684,
"find_corners": 8.40563,
"find_points_in_Q": 1.16378,
"compaction": 1.00086,
"copy2host": 0.017184,
"filter": 30.8945,
"delete": 0,
"preparation": 0.015328,
"cgal_convex_hull": 0.013568,
"total": 30.908
}