{
"n": 67108864,
"size": 6003,
"hull": 35,
"seed": 0,
"copy2device": 43.2664,
"find_extremes": 3.86854,
"find_corners": 7.27773,
"find_points_in_Q": 0.001952,
"compaction": 1.7216,
"copy2host": 0.020384,
"delete": 0,
"preparation": 0.019328,
"cgal_convex_hull": 0.559744,
"total": 13.45
}