{
"n": 637534208,
"size": 42,
"hull": 19,
"seed": 0,
"copy2device": 820.09,
"find_extremes": 28.2668,
"find_corners": 35.4173,
"find_points_in_Q": 12.7824,
"compaction": 11.5513,
"copy2host": 0.018624,
"filter": 88.0756,
"delete": 0,
"preparation": 0.012192,
"cgal_convex_hull": 0.010496,
"total": 88.0861
}