{
"n": 637534208,
"size": 316,
"hull": 23,
"seed": 0,
"copy2device": 741.172,
"find_extremes": 22.2842,
"find_corners": 34.5661,
"find_points_in_Q": 0.004096,
"compaction": 20.4471,
"copy2host": 0.021856,
"filter": 77.3938,
"delete": 0,
"preparation": 0.00736,
"cgal_convex_hull": 0.02784,
"total": 77.4216
}