{
"n": 704643072,
"size": 261,
"hull": 20,
"seed": 0,
"copy2device": 544.684,
"find_extremes": 18.1915,
"find_corners": 70.3869,
"find_points_in_Q": 13.7431,
"compaction": 12.4427,
"copy2host": 819.386,
"delete": 0,
"preparation": 0.064832,
"cgal_convex_hull": 0.025504,
"total": 934.176
}