{
"n": 536870912,
"size": 279,
"hull": 19,
"seed": 0,
"copy2device": 672.805,
"find_extremes": 14.4763,
"find_corners": 45.9854,
"find_points_in_Q": 20.5101,
"compaction": 14.2983,
"copy2host": 0.01904,
"filter": 95.326,
"delete": 0,
"preparation": 0.048544,
"cgal_convex_hull": 0.027104,
"total": 95.3531
}