{
"n": 402653184,
"size": 23683,
"hull": 39,
"seed": 0,
"copy2device": 515.594,
"find_extremes": 10.8054,
"find_corners": 40.4256,
"find_points_in_Q": 8.14451,
"compaction": 7.15856,
"copy2host": 491.57,
"delete": 0,
"preparation": 7.05418,
"cgal_convex_hull": 2.45219,
"total": 560.556
}