{
"n": 570425344,
"size": 99,
"hull": 24,
"seed": 0,
"copy2device": 681.3,
"find_extremes": 22.0723,
"find_corners": 33.0598,
"find_points_in_Q": 0.004096,
"compaction": 16.8814,
"copy2host": 0.02,
"filter": 72.1058,
"delete": 0,
"preparation": 0.00512,
"cgal_convex_hull": 0.014592,
"total": 72.1204
}