{
"n": 33554432,
"size": 45,
"hull": 22,
"seed": 0,
"copy2device": 37.1989,
"find_extremes": 2.65318,
"find_corners": 3.22765,
"find_points_in_Q": 0.004096,
"compaction": 1.37347,
"copy2host": 0.019648,
"filter": 7.34179,
"delete": 0,
"preparation": 0.005056,
"cgal_convex_hull": 0.011296,
"total": 7.35309
}