{
"n": 369098752,
"size": 240,
"hull": 20,
"seed": 0,
"copy2device": 261.368,
"find_extremes": 9.99299,
"find_corners": 37.0687,
"find_points_in_Q": 7.38435,
"compaction": 6.55059,
"copy2host": 449.903,
"delete": 0,
"preparation": 0.021216,
"cgal_convex_hull": 0.024896,
"total": 510.924
}