{
"n": 234881024,
"size": 621,
"hull": 17,
"seed": 0,
"copy2device": 287.587,
"find_extremes": 7.49965,
"find_corners": 13.7771,
"find_points_in_Q": 4.58278,
"compaction": 4.49754,
"copy2host": 0.017344,
"filter": 30.4122,
"delete": 0,
"preparation": 0.085152,
"cgal_convex_hull": 0.047936,
"total": 30.4602
}