{
"n": 301989888,
"size": 124,
"hull": 21,
"seed": 0,
"copy2device": 336.238,
"find_extremes": 11.2042,
"find_corners": 19.3874,
"find_points_in_Q": 0.004096,
"compaction": 10.3407,
"copy2host": 0.020832,
"filter": 41.0244,
"delete": 0,
"preparation": 0.005632,
"cgal_convex_hull": 0.01536,
"total": 41.0397
}