{
"n": 503316480,
"size": 226,
"hull": 18,
"seed": 0,
"copy2device": 589.762,
"find_extremes": 23.0319,
"find_corners": 29.9069,
"find_points_in_Q": 0.004096,
"compaction": 16.8058,
"copy2host": 0.022528,
"filter": 69.8406,
"delete": 0,
"preparation": 0.004992,
"cgal_convex_hull": 0.022496,
"total": 69.8631
}