{
"n": 167772160,
"size": 103,
"hull": 23,
"seed": 0,
"copy2device": 196.269,
"find_extremes": 24.0131,
"find_corners": 12.3843,
"find_points_in_Q": 0.004096,
"compaction": 4.92336,
"copy2host": 0.02,
"filter": 41.4117,
"delete": 0,
"preparation": 0.005216,
"cgal_convex_hull": 0.015232,
"total": 41.4269
}