{
"n": 536870912,
"size": 126,
"hull": 26,
"seed": 0,
"copy2device": 692.069,
"find_extremes": 23.1879,
"find_corners": 42.6245,
"find_points_in_Q": 49.1655,
"compaction": 32.5083,
"copy2host": 0.018688,
"filter": 147.545,
"delete": 0,
"preparation": 0.023072,
"cgal_convex_hull": 0.01696,
"total": 147.562
}