{
"n": 268435456,
"size": 111,
"hull": 16,
"seed": 0,
"copy2device": 296.83,
"find_extremes": 14.1921,
"find_corners": 21.8593,
"find_points_in_Q": 0.004096,
"compaction": 9.13155,
"copy2host": 0.020544,
"filter": 45.276,
"delete": 0,
"preparation": 0.004992,
"cgal_convex_hull": 0.015424,
"total": 45.2914
}