{
"n": 268435456,
"size": 157,
"hull": 23,
"seed": 0,
"copy2device": 300.437,
"find_extremes": 12.5339,
"find_corners": 20.8804,
"find_points_in_Q": 0.004096,
"compaction": 7.60525,
"copy2host": 0.0216,
"filter": 41.1119,
"delete": 0,
"preparation": 0.005504,
"cgal_convex_hull": 0.018336,
"total": 41.1302
}