{
"n": 167772160,
"size": 198,
"hull": 23,
"seed": 0,
"copy2device": 187.415,
"find_extremes": 14.303,
"find_corners": 15.2996,
"find_points_in_Q": 0.004096,
"compaction": 7.08774,
"copy2host": 0.020928,
"filter": 36.7823,
"delete": 0,
"preparation": 0.00512,
"cgal_convex_hull": 0.020096,
"total": 36.8024
}