{
"n": 738197504,
"size": 262,
"hull": 22,
"seed": 0,
"copy2device": 952.032,
"find_extremes": 21.9644,
"find_corners": 43.8017,
"find_points_in_Q": 13.5301,
"compaction": 14.897,
"copy2host": 0.01808,
"filter": 94.2502,
"delete": 0,
"preparation": 0.046752,
"cgal_convex_hull": 0.025088,
"total": 94.2753
}