{
"n": 67108864,
"size": 84,
"hull": 21,
"seed": 0,
"copy2device": 71.2356,
"find_extremes": 3.77539,
"find_corners": 8.48179,
"find_points_in_Q": 0.004096,
"compaction": 3.17498,
"copy2host": 0.021728,
"filter": 15.5251,
"delete": 0,
"preparation": 0.004832,
"cgal_convex_hull": 0.013184,
"total": 15.5382
}