{
"n": 402653184,
"size": 116,
"hull": 21,
"seed": 0,
"copy2device": 483.213,
"find_extremes": 21.7024,
"find_corners": 26.3764,
"find_points_in_Q": 7.62458,
"compaction": 7.18566,
"copy2host": 0.018304,
"filter": 62.9459,
"delete": 0,
"preparation": 0.021024,
"cgal_convex_hull": 0.015648,
"total": 62.9615
}