{
"n": 33554432,
"size": 161,
"hull": 19,
"seed": 0,
"copy2device": 38.2117,
"find_extremes": 2.64355,
"find_corners": 3.22253,
"find_points_in_Q": 0.004096,
"compaction": 1.29437,
"copy2host": 0.019392,
"filter": 7.24771,
"delete": 0,
"preparation": 0.004256,
"cgal_convex_hull": 0.015936,
"total": 7.26365
}