{
"n": 167772160,
"size": 62,
"hull": 21,
"seed": 0,
"copy2device": 194.492,
"find_extremes": 6.59546,
"find_corners": 33.2172,
"find_points_in_Q": 6.3007,
"compaction": 3.22086,
"copy2host": 0.016704,
"filter": 49.3903,
"delete": 0,
"preparation": 0.013344,
"cgal_convex_hull": 0.016832,
"total": 49.4071
}