{
"n": 134217728,
"size": 60,
"hull": 21,
"seed": 0,
"copy2device": 162.55,
"find_extremes": 4.79712,
"find_corners": 8.57898,
"find_points_in_Q": 2.89686,
"compaction": 2.6351,
"copy2host": 0.01792,
"filter": 18.9638,
"delete": 0,
"preparation": 0.01296,
"cgal_convex_hull": 0.012672,
"total": 18.9765
}