{
"n": 671088640,
"size": 48,
"hull": 20,
"seed": 0,
"copy2device": 778.533,
"find_extremes": 23.9994,
"find_corners": 37.1292,
"find_points_in_Q": 0.004096,
"compaction": 18.437,
"copy2host": 0.019904,
"filter": 79.659,
"delete": 0,
"preparation": 0.004992,
"cgal_convex_hull": 0.01152,
"total": 79.6706
}