{
"n": 100663296,
"size": 12257,
"hull": 44,
"seed": 0,
"copy2device": 64.2657,
"find_extremes": 5.42691,
"find_corners": 10.7602,
"find_points_in_Q": 0.001952,
"compaction": 2.52451,
"copy2host": 0.060096,
"delete": 0,
"preparation": 0.081504,
"cgal_convex_hull": 1.16941,
"total": 19.9431
}