{
"n": 603979776,
"size": 157,
"hull": 20,
"seed": 0,
"copy2device": 678.13,
"find_extremes": 92.9083,
"find_corners": 88.0097,
"find_points_in_Q": 0.004096,
"compaction": 28.013,
"copy2host": 0.026496,
"filter": 209.03,
"delete": 0,
"preparation": 0.004992,
"cgal_convex_hull": 0.017792,
"total": 209.048
}