{
"n": 805306368,
"size": 173,
"hull": 18,
"seed": 0,
"copy2device": 595.16,
"find_extremes": 38.2278,
"find_corners": 80.4586,
"find_points_in_Q": 0.001024,
"compaction": 18.7278,
"copy2host": 0.014976,
"delete": 0,
"preparation": 0.004736,
"cgal_convex_hull": 0.016064,
"total": 137.446
}