{
"n": 503316480,
"size": 955,
"hull": 20,
"seed": 0,
"copy2device": 635.31,
"find_extremes": 15.1703,
"find_corners": 27.6204,
"find_points_in_Q": 8.98515,
"compaction": 9.22422,
"copy2host": 0.018496,
"filter": 61.0563,
"delete": 0,
"preparation": 0.207776,
"cgal_convex_hull": 0.086016,
"total": 61.1423
}