{
"n": 1040187392,
"size": 132,
"hull": 24,
"seed": 0,
"copy2device": 860.679,
"find_extremes": 26.4882,
"find_corners": 102.747,
"find_points_in_Q": 20.1536,
"compaction": 18.2578,
"copy2host": 1116.15,
"delete": 0,
"preparation": 0.030656,
"cgal_convex_hull": 0.016992,
"total": 1283.81
}