{
"n": 1006632960,
"size": 88,
"hull": 19,
"seed": 0,
"copy2device": 729.718,
"find_extremes": 25.6789,
"find_corners": 99.291,
"find_points_in_Q": 19.3338,
"compaction": 17.6605,
"copy2host": 1052.39,
"delete": 0,
"preparation": 0.01936,
"cgal_convex_hull": 0.014304,
"total": 1214.37
}