{
"n": 369098752,
"size": 145,
"hull": 20,
"seed": 0,
"copy2device": 464.939,
"find_extremes": 13.2958,
"find_corners": 21.4356,
"find_points_in_Q": 7.07261,
"compaction": 8.74531,
"copy2host": 0.018656,
"filter": 50.6071,
"delete": 0,
"preparation": 0.053184,
"cgal_convex_hull": 0.017184,
"total": 50.6243
}