{
"n": 436207616,
"size": 240,
"hull": 18,
"seed": 0,
"copy2device": 483.573,
"find_extremes": 25.7411,
"find_corners": 25.5734,
"find_points_in_Q": 0.004096,
"compaction": 14.0857,
"copy2host": 0.023744,
"filter": 65.4989,
"delete": 0,
"preparation": 0.005024,
"cgal_convex_hull": 0.023264,
"total": 65.5221
}