{
"n": 301989888,
"size": 265,
"hull": 23,
"seed": 0,
"copy2device": 212.944,
"find_extremes": 14.9147,
"find_corners": 30.6954,
"find_points_in_Q": 0.001024,
"compaction": 7.15107,
"copy2host": 0.01968,
"delete": 0,
"preparation": 0.005504,
"cgal_convex_hull": 0.02384,
"total": 52.8058
}