{
"n": 268435456,
"size": 15168,
"hull": 36,
"seed": 0,
"copy2device": 394.958,
"find_extremes": 7.47648,
"find_corners": 27.1642,
"find_points_in_Q": 5.50419,
"compaction": 4.824,
"copy2host": 293.517,
"delete": 0,
"preparation": 4.95133,
"cgal_convex_hull": 1.49072,
"total": 339.976
}