{
"n": 402653184,
"size": 132,
"hull": 25,
"seed": 0,
"copy2device": 445.003,
"find_extremes": 14.624,
"find_corners": 24.3282,
"find_points_in_Q": 0.004096,
"compaction": 11.2402,
"copy2host": 0.02192,
"filter": 50.2854,
"delete": 0,
"preparation": 0.005024,
"cgal_convex_hull": 0.016832,
"total": 50.3023
}