{
"n": 234881024,
"size": 17561,
"hull": 42,
"seed": 0,
"copy2device": 284.085,
"find_extremes": 6.65318,
"find_corners": 23.9129,
"find_points_in_Q": 4.83526,
"compaction": 4.26944,
"copy2host": 264.815,
"delete": 0,
"preparation": 3.27098,
"cgal_convex_hull": 1.79683,
"total": 306.283
}