{
"n": 234881024,
"size": 256,
"hull": 20,
"seed": 0,
"copy2device": 140.691,
"find_extremes": 6.58448,
"find_corners": 23.8506,
"find_points_in_Q": 4.77696,
"compaction": 4.2663,
"copy2host": 296.799,
"delete": 0,
"preparation": 0.025088,
"cgal_convex_hull": 0.02272,
"total": 336.3
}