{
"n": 335544320,
"size": 97,
"hull": 19,
"seed": 0,
"copy2device": 227.769,
"find_extremes": 16.3503,
"find_corners": 33.964,
"find_points_in_Q": 0.002048,
"compaction": 7.9289,
"copy2host": 0.013632,
"delete": 0,
"preparation": 0.0024,
"cgal_convex_hull": 0.013376,
"total": 58.2723
}