{
"n": 234881024,
"size": 14342,
"hull": 41,
"seed": 0,
"copy2device": 241.742,
"find_extremes": 6.58147,
"find_corners": 23.8257,
"find_points_in_Q": 4.82211,
"compaction": 4.24099,
"copy2host": 240.172,
"delete": 0,
"preparation": 0.568576,
"cgal_convex_hull": 1.38198,
"total": 281.024
}