{
"n": 973078528,
"size": 289,
"hull": 20,
"seed": 0,
"copy2device": 768.133,
"find_extremes": 24.8463,
"find_corners": 96.9527,
"find_points_in_Q": 18.9011,
"compaction": 17.0792,
"copy2host": 1035.69,
"delete": 0,
"preparation": 0.057088,
"cgal_convex_hull": 0.02544,
"total": 1193.49
}