{
"n": 268435456,
"size": 156,
"hull": 25,
"seed": 0,
"copy2device": 298.498,
"find_extremes": 11.5452,
"find_corners": 21.0094,
"find_points_in_Q": 0.004096,
"compaction": 7.47066,
"copy2host": 0.021376,
"filter": 40.1206,
"delete": 0,
"preparation": 0.005408,
"cgal_convex_hull": 0.017152,
"total": 40.1378
}