{
"n": 134217728,
"size": 85,
"hull": 19,
"seed": 0,
"copy2device": 160.734,
"find_extremes": 9.55043,
"find_corners": 8.55686,
"find_points_in_Q": 2.87939,
"compaction": 2.64909,
"copy2host": 0.018016,
"filter": 23.6916,
"delete": 0,
"preparation": 0.01616,
"cgal_convex_hull": 0.013824,
"total": 23.7054
}