{
"n": 603979776,
"size": 118,
"hull": 24,
"seed": 0,
"copy2device": 674.599,
"find_extremes": 22.7784,
"find_corners": 34.1248,
"find_points_in_Q": 0.004096,
"compaction": 16.6766,
"copy2host": 0.019808,
"filter": 73.6743,
"delete": 0,
"preparation": 0.005024,
"cgal_convex_hull": 0.018368,
"total": 73.6927
}