{
"n": 771751936,
"size": 133,
"hull": 21,
"seed": 0,
"copy2device": 850.867,
"find_extremes": 29.7858,
"find_corners": 51.3085,
"find_points_in_Q": 0.004096,
"compaction": 23.3341,
"copy2host": 0.021632,
"filter": 104.524,
"delete": 0,
"preparation": 0.005088,
"cgal_convex_hull": 0.017472,
"total": 104.542
}