{
"n": 67108864,
"size": 36,
"hull": 19,
"seed": 0,
"copy2device": 42.2136,
"find_extremes": 3.89219,
"find_corners": 7.27552,
"find_points_in_Q": 0.001024,
"compaction": 1.72848,
"copy2host": 0.012512,
"delete": 0,
"preparation": 0.002336,
"cgal_convex_hull": 0.009312,
"total": 12.919
}