{
"n": 167772160,
"size": 117,
"hull": 22,
"seed": 0,
"copy2device": 183.316,
"find_extremes": 8.49706,
"find_corners": 10.2431,
"find_points_in_Q": 0.003072,
"compaction": 5.00624,
"copy2host": 0.020352,
"filter": 23.8407,
"delete": 0,
"preparation": 0.005024,
"cgal_convex_hull": 0.015072,
"total": 23.8557
}