{
"n": 738197504,
"size": 372,
"hull": 24,
"seed": 0,
"copy2device": 845.897,
"find_extremes": 25.8004,
"find_corners": 42.3752,
"find_points_in_Q": 0.004096,
"compaction": 19.6755,
"copy2host": 0.021248,
"filter": 87.9454,
"delete": 0,
"preparation": 0.00496,
"cgal_convex_hull": 0.03968,
"total": 87.9851
}