{
"n": 100663296,
"size": 74,
"hull": 22,
"seed": 0,
"copy2device": 110.083,
"find_extremes": 23.9488,
"find_corners": 16.3369,
"find_points_in_Q": 0.004096,
"compaction": 4.97984,
"copy2host": 0.020896,
"filter": 45.3594,
"delete": 0,
"preparation": 0.005088,
"cgal_convex_hull": 0.0128,
"total": 45.3722
}