{
"n": 738197504,
"size": 314,
"hull": 20,
"seed": 0,
"copy2device": 946.984,
"find_extremes": 26.9005,
"find_corners": 42.8584,
"find_points_in_Q": 17.1215,
"compaction": 15.3806,
"copy2host": 0.018208,
"filter": 102.318,
"delete": 0,
"preparation": 0.060288,
"cgal_convex_hull": 0.028896,
"total": 102.346
}