{
"n": 100663296,
"size": 356,
"hull": 20,
"seed": 0,
"copy2device": 55.912,
"find_extremes": 3.15373,
"find_corners": 10.6609,
"find_points_in_Q": 2.10736,
"compaction": 1.92362,
"copy2host": 116.399,
"delete": 0,
"preparation": 0.023968,
"cgal_convex_hull": 0.029632,
"total": 134.274
}