{
"n": 704643072,
"size": 452,
"hull": 23,
"seed": 0,
"copy2device": 545.034,
"find_extremes": 18.1993,
"find_corners": 70.4052,
"find_points_in_Q": 13.7422,
"compaction": 12.4519,
"copy2host": 813.402,
"delete": 0,
"preparation": 0.070816,
"cgal_convex_hull": 0.036608,
"total": 928.237
}