{
"n": 838860800,
"size": 41432,
"hull": 35,
"seed": 0,
"copy2device": 627.396,
"find_extremes": 39.7573,
"find_corners": 83.9997,
"find_points_in_Q": 0.001024,
"compaction": 19.5009,
"copy2host": 0.06192,
"delete": 0,
"preparation": 0.098336,
"cgal_convex_hull": 4.38998,
"total": 147.711
}