{
"n": 369098752,
"size": 171,
"hull": 18,
"seed": 0,
"copy2device": 408.052,
"find_extremes": 24.3001,
"find_corners": 30.6432,
"find_points_in_Q": 0.004096,
"compaction": 10.3477,
"copy2host": 0.025024,
"filter": 65.3921,
"delete": 0,
"preparation": 0.0056,
"cgal_convex_hull": 0.02,
"total": 65.4121
}