{
"n": 67108864,
"size": 129,
"hull": 23,
"seed": 0,
"copy2device": 74.7326,
"find_extremes": 6.28448,
"find_corners": 31.9396,
"find_points_in_Q": 0.004096,
"compaction": 10.4456,
"copy2host": 0.021024,
"filter": 48.765,
"delete": 0,
"preparation": 0.005056,
"cgal_convex_hull": 0.017248,
"total": 48.7823
}