{
"n": 33554432,
"size": 34,
"hull": 17,
"seed": 0,
"copy2device": 36.5531,
"find_extremes": 2.69702,
"find_corners": 3.26144,
"find_points_in_Q": 0.004096,
"compaction": 1.34682,
"copy2host": 0.017728,
"filter": 7.39021,
"delete": 0,
"preparation": 0.004,
"cgal_convex_hull": 0.009408,
"total": 7.39962
}