{
"n": 134217728,
"size": 90,
"hull": 24,
"seed": 0,
"copy2device": 149.734,
"find_extremes": 13.5681,
"find_corners": 21.4426,
"find_points_in_Q": 0.004096,
"compaction": 4.2361,
"copy2host": 0.020576,
"filter": 39.3396,
"delete": 0,
"preparation": 0.005024,
"cgal_convex_hull": 0.014048,
"total": 39.3537
}