{
"n": 536870912,
"size": 276,
"hull": 25,
"seed": 0,
"copy2device": 366.784,
"find_extremes": 25.7108,
"find_corners": 54.0283,
"find_points_in_Q": 0.001024,
"compaction": 12.5315,
"copy2host": 0.014976,
"delete": 0,
"preparation": 0.00384,
"cgal_convex_hull": 0.022144,
"total": 92.3087
}