{
"n": 201326592,
"size": 30886,
"hull": 38,
"seed": 0,
"copy2device": 251.045,
"find_extremes": 5.75322,
"find_corners": 20.7335,
"find_points_in_Q": 4.17987,
"compaction": 3.8408,
"copy2host": 238.699,
"delete": 0,
"preparation": 1.29085,
"cgal_convex_hull": 3.14822,
"total": 276.355
}