{
"n": 167772160,
"size": 113,
"hull": 23,
"seed": 0,
"copy2device": 97.937,
"find_extremes": 4.91568,
"find_corners": 17.3157,
"find_points_in_Q": 3.49997,
"compaction": 3.08285,
"copy2host": 221.214,
"delete": 0,
"preparation": 0.010368,
"cgal_convex_hull": 0.015456,
"total": 250.044
}