{
"n": 335544320,
"size": 282,
"hull": 19,
"seed": 0,
"copy2device": 397.298,
"find_extremes": 16.2692,
"find_corners": 26.3096,
"find_points_in_Q": 6.24029,
"compaction": 7.32966,
"copy2host": 0.018592,
"filter": 56.2046,
"delete": 0,
"preparation": 0.043872,
"cgal_convex_hull": 0.028448,
"total": 56.2331
}