{
"n": 536870912,
"size": 163,
"hull": 23,
"seed": 0,
"copy2device": 636.297,
"find_extremes": 20.5793,
"find_corners": 39.7066,
"find_points_in_Q": 0.004096,
"compaction": 15.0782,
"copy2host": 0.02208,
"filter": 75.4605,
"delete": 0,
"preparation": 0.005056,
"cgal_convex_hull": 0.01856,
"total": 75.479
}