{
"n": 100663296,
"size": 19297,
"hull": 41,
"seed": 0,
"copy2device": 61.2627,
"find_extremes": 3.17606,
"find_corners": 10.6462,
"find_points_in_Q": 2.11898,
"compaction": 1.89859,
"copy2host": 101.131,
"delete": 0,
"preparation": 0.408704,
"cgal_convex_hull": 1.94778,
"total": 120.918
}