{
"n": 201326592,
"size": 299,
"hull": 20,
"seed": 0,
"copy2device": 227.458,
"find_extremes": 9.63347,
"find_corners": 24.9856,
"find_points_in_Q": 0.004096,
"compaction": 6.89261,
"copy2host": 0.02128,
"filter": 41.6042,
"delete": 0,
"preparation": 0.007328,
"cgal_convex_hull": 0.02592,
"total": 41.6301
}