{
"n": 603979776,
"size": 164,
"hull": 24,
"seed": 0,
"copy2device": 428.28,
"find_extremes": 28.8435,
"find_corners": 60.5326,
"find_points_in_Q": 0.001024,
"compaction": 14.1037,
"copy2host": 0.015712,
"delete": 0,
"preparation": 0.006176,
"cgal_convex_hull": 0.017248,
"total": 103.514
}