{
"n": 268435456,
"size": 18511,
"hull": 41,
"seed": 0,
"copy2device": 179.275,
"find_extremes": 13.2566,
"find_corners": 28.0597,
"find_points_in_Q": 0.002048,
"compaction": 6.37626,
"copy2host": 0.087072,
"delete": 0,
"preparation": 0.137728,
"cgal_convex_hull": 1.87987,
"total": 49.6616
}