{
"n": 234881024,
"size": 127,
"hull": 16,
"seed": 0,
"copy2device": 266.976,
"find_extremes": 19.5822,
"find_corners": 18.5129,
"find_points_in_Q": 0.004096,
"compaction": 8.09117,
"copy2host": 0.020736,
"filter": 46.279,
"delete": 0,
"preparation": 0.005056,
"cgal_convex_hull": 0.016032,
"total": 46.295
}