{
"n": 167772160,
"size": 386,
"hull": 21,
"seed": 0,
"copy2device": 205.613,
"find_extremes": 7.90298,
"find_corners": 10.3147,
"find_points_in_Q": 3.53488,
"compaction": 3.25072,
"copy2host": 0.016928,
"filter": 25.0585,
"delete": 0,
"preparation": 0.054432,
"cgal_convex_hull": 0.031424,
"total": 25.0899
}