{
"n": 503316480,
"size": 32002,
"hull": 43,
"seed": 0,
"copy2device": 643.36,
"find_extremes": 24.1888,
"find_corners": 50.7843,
"find_points_in_Q": 0.002048,
"compaction": 11.7751,
"copy2host": 0.047328,
"delete": 0,
"preparation": 0.068992,
"cgal_convex_hull": 3.18586,
"total": 89.9834
}