{
"n": 436207616,
"size": 54,
"hull": 15,
"seed": 0,
"copy2device": 498.039,
"find_extremes": 18.2358,
"find_corners": 24.1398,
"find_points_in_Q": 0.004096,
"compaction": 12.094,
"copy2host": 0.019552,
"filter": 54.5603,
"delete": 0,
"preparation": 0.005184,
"cgal_convex_hull": 0.01104,
"total": 54.5713
}