{
"n": 100663296,
"size": 64,
"hull": 21,
"seed": 0,
"copy2device": 113.098,
"find_extremes": 4.80877,
"find_corners": 6.71334,
"find_points_in_Q": 0.004096,
"compaction": 8.80531,
"copy2host": 0.020768,
"filter": 20.4149,
"delete": 0,
"preparation": 0.005056,
"cgal_convex_hull": 0.012032,
"total": 20.427
}