{
"n": 100663296,
"size": 539,
"hull": 18,
"seed": 0,
"copy2device": 109.387,
"find_extremes": 4.79002,
"find_corners": 6.70413,
"find_points_in_Q": 0.003072,
"compaction": 3.07062,
"copy2host": 0.020832,
"filter": 14.653,
"delete": 0,
"preparation": 0.00528,
"cgal_convex_hull": 0.03968,
"total": 14.6927
}