{
"n": 570425344,
"size": 111,
"hull": 19,
"seed": 0,
"copy2device": 730.86,
"find_extremes": 25.9204,
"find_corners": 36.6209,
"find_points_in_Q": 12.563,
"compaction": 12.8827,
"copy2host": 0.019008,
"filter": 88.0449,
"delete": 0,
"preparation": 0.021312,
"cgal_convex_hull": 0.017568,
"total": 88.0624
}