{
"n": 402653184,
"size": 61,
"hull": 21,
"seed": 0,
"copy2device": 529.068,
"find_extremes": 12.9967,
"find_corners": 32.4498,
"find_points_in_Q": 7.66138,
"compaction": 7.16048,
"copy2host": 0.0192,
"filter": 60.3241,
"delete": 0,
"preparation": 0.01648,
"cgal_convex_hull": 0.011808,
"total": 60.3359
}