{
"n": 268435456,
"size": 60,
"hull": 20,
"seed": 0,
"copy2device": 303.612,
"find_extremes": 13.6463,
"find_corners": 21.9126,
"find_points_in_Q": 0.004096,
"compaction": 9.28877,
"copy2host": 0.019744,
"filter": 44.9385,
"delete": 0,
"preparation": 0.005024,
"cgal_convex_hull": 0.011648,
"total": 44.9502
}