{
"n": 1040187392,
"size": 91,
"hull": 18,
"seed": 0,
"copy2device": 769.591,
"find_extremes": 49.1241,
"find_corners": 103.727,
"find_points_in_Q": 0.001024,
"compaction": 24.0663,
"copy2host": 0.014656,
"delete": 0,
"preparation": 0.002784,
"cgal_convex_hull": 0.012736,
"total": 176.946
}