{
"n": 402653184,
"size": 552,
"hull": 22,
"seed": 0,
"copy2device": 442.128,
"find_extremes": 14.9663,
"find_corners": 22.4031,
"find_points_in_Q": 0.004096,
"compaction": 11.0186,
"copy2host": 0.024992,
"filter": 48.487,
"delete": 0,
"preparation": 0.010624,
"cgal_convex_hull": 0.044512,
"total": 48.5315
}