{
"n": 134217728,
"size": 182,
"hull": 19,
"seed": 0,
"copy2device": 88.7033,
"find_extremes": 7.00374,
"find_corners": 14.0196,
"find_points_in_Q": 0.002048,
"compaction": 3.25933,
"copy2host": 0.013312,
"delete": 0,
"preparation": 0.002784,
"cgal_convex_hull": 0.017216,
"total": 24.3152
}