{
"n": 805306368,
"size": 43800,
"hull": 43,
"seed": 0,
"copy2device": 656.016,
"find_extremes": 39.8459,
"find_corners": 80.7045,
"find_points_in_Q": 0.001024,
"compaction": 18.7041,
"copy2host": 0.064256,
"delete": 0,
"preparation": 0.101376,
"cgal_convex_hull": 4.50285,
"total": 143.823
}