{
"n": 369098752,
"size": 275,
"hull": 24,
"seed": 0,
"copy2device": 456.046,
"find_extremes": 12.1635,
"find_corners": 20.6932,
"find_points_in_Q": 7.03277,
"compaction": 6.62621,
"copy2host": 0.019264,
"filter": 46.5715,
"delete": 0,
"preparation": 0.04752,
"cgal_convex_hull": 0.027328,
"total": 46.5988
}