{
"n": 637534208,
"size": 83,
"hull": 18,
"seed": 0,
"copy2device": 753.139,
"find_extremes": 41.4284,
"find_corners": 35.6198,
"find_points_in_Q": 0.004096,
"compaction": 22.2684,
"copy2host": 0.020608,
"filter": 99.4107,
"delete": 0,
"preparation": 0.00512,
"cgal_convex_hull": 0.013504,
"total": 99.4242
}