{
"n": 704643072,
"size": 37765,
"hull": 48,
"seed": 0,
"copy2device": 889.443,
"find_extremes": 33.5504,
"find_corners": 70.7716,
"find_points_in_Q": 0.001024,
"compaction": 16.411,
"copy2host": 0.059488,
"delete": 0,
"preparation": 0.094208,
"cgal_convex_hull": 3.81232,
"total": 124.606
}