{
"n": 100663296,
"size": 82,
"hull": 19,
"seed": 0,
"copy2device": 123.748,
"find_extremes": 9.71254,
"find_corners": 15.0184,
"find_points_in_Q": 4.02717,
"compaction": 2.74227,
"copy2host": 0.016608,
"filter": 31.5562,
"delete": 0,
"preparation": 0.01568,
"cgal_convex_hull": 0.013408,
"total": 31.5696
}