{
"n": 67108864,
"size": 171,
"hull": 20,
"seed": 0,
"copy2device": 81.545,
"find_extremes": 4.6807,
"find_corners": 7.31021,
"find_points_in_Q": 1.6969,
"compaction": 1.49763,
"copy2host": 0.015648,
"filter": 15.2382,
"delete": 0,
"preparation": 0.025792,
"cgal_convex_hull": 0.018304,
"total": 15.2565
}