{
"n": 33554432,
"size": 95,
"hull": 17,
"seed": 0,
"copy2device": 42.897,
"find_extremes": 9.08394,
"find_corners": 3.30746,
"find_points_in_Q": 1.0999,
"compaction": 0.927104,
"copy2host": 0.015488,
"filter": 14.4712,
"delete": 0,
"preparation": 0.015936,
"cgal_convex_hull": 0.0136,
"total": 14.4848
}