{
"n": 402653184,
"size": 23412,
"hull": 40,
"seed": 0,
"copy2device": 519.039,
"find_extremes": 10.7204,
"find_corners": 40.5457,
"find_points_in_Q": 8.34694,
"compaction": 7.74317,
"copy2host": 497.199,
"delete": 0,
"preparation": 6.83158,
"cgal_convex_hull": 2.3375,
"total": 566.892
}