{
"n": 738197504,
"size": 93,
"hull": 24,
"seed": 0,
"copy2device": 902.685,
"find_extremes": 31.5148,
"find_corners": 47.4076,
"find_points_in_Q": 17.1844,
"compaction": 15.8871,
"copy2host": 0.017536,
"filter": 112.054,
"delete": 0,
"preparation": 0.019008,
"cgal_convex_hull": 0.013472,
"total": 112.068
}