{
"n": 637534208,
"size": 65,
"hull": 20,
"seed": 0,
"copy2device": 731.826,
"find_extremes": 22.0682,
"find_corners": 40.9651,
"find_points_in_Q": 0.004096,
"compaction": 17.661,
"copy2host": 0.01984,
"filter": 80.7874,
"delete": 0,
"preparation": 0.005056,
"cgal_convex_hull": 0.012032,
"total": 80.7994
}