{
"n": 570425344,
"size": 205,
"hull": 23,
"seed": 0,
"copy2device": 462.146,
"find_extremes": 14.8868,
"find_corners": 56.7932,
"find_points_in_Q": 11.2608,
"compaction": 10.1462,
"copy2host": 641.72,
"delete": 0,
"preparation": 0.050176,
"cgal_convex_hull": 0.021856,
"total": 734.829
}