{
"n": 100663296,
"size": 92,
"hull": 18,
"seed": 0,
"copy2device": 127.084,
"find_extremes": 3.96038,
"find_corners": 9.61917,
"find_points_in_Q": 2.28486,
"compaction": 2.0465,
"copy2host": 0.016576,
"filter": 17.9627,
"delete": 0,
"preparation": 0.01712,
"cgal_convex_hull": 0.014624,
"total": 17.9773
}