{
"n": 335544320,
"size": 105,
"hull": 24,
"seed": 0,
"copy2device": 372.042,
"find_extremes": 12.5629,
"find_corners": 23.3708,
"find_points_in_Q": 0.004096,
"compaction": 12.7407,
"copy2host": 0.021344,
"filter": 48.768,
"delete": 0,
"preparation": 0.005024,
"cgal_convex_hull": 0.015008,
"total": 48.783
}