{
"n": 570425344,
"size": 83,
"hull": 18,
"seed": 0,
"copy2device": 632.106,
"find_extremes": 32.792,
"find_corners": 37.9597,
"find_points_in_Q": 0.004096,
"compaction": 20.0579,
"copy2host": 0.020288,
"filter": 90.9033,
"delete": 0,
"preparation": 0.00496,
"cgal_convex_hull": 0.012832,
"total": 90.9161
}