{
"n": 469762048,
"size": 105,
"hull": 22,
"seed": 0,
"copy2device": 572.479,
"find_extremes": 14.4177,
"find_corners": 34.882,
"find_points_in_Q": 8.75914,
"compaction": 13.9248,
"copy2host": 0.017792,
"filter": 72.0424,
"delete": 0,
"preparation": 0.020608,
"cgal_convex_hull": 0.0176,
"total": 72.06
}