{
"n": 134217728,
"size": 328,
"hull": 17,
"seed": 0,
"copy2device": 169.562,
"find_extremes": 4.78352,
"find_corners": 8.51536,
"find_points_in_Q": 2.85306,
"compaction": 4.26381,
"copy2host": 0.018336,
"filter": 20.4685,
"delete": 0,
"preparation": 0.047456,
"cgal_convex_hull": 0.02768,
"total": 20.4962
}