{
"n": 436207616,
"size": 113,
"hull": 26,
"seed": 0,
"copy2device": 486.104,
"find_extremes": 20.4583,
"find_corners": 44.928,
"find_points_in_Q": 0.004096,
"compaction": 12.0703,
"copy2host": 0.020448,
"filter": 77.5502,
"delete": 0,
"preparation": 0.00512,
"cgal_convex_hull": 0.016544,
"total": 77.5667
}