{
"n": 469762048,
"size": 208,
"hull": 19,
"seed": 0,
"copy2device": 592.915,
"find_extremes": 19.754,
"find_corners": 28.0321,
"find_points_in_Q": 10.2592,
"compaction": 12.1231,
"copy2host": 0.01872,
"filter": 70.2253,
"delete": 0,
"preparation": 0.042656,
"cgal_convex_hull": 0.021888,
"total": 70.2472
}