{
"n": 33554432,
"size": 83,
"hull": 25,
"seed": 0,
"copy2device": 20.0279,
"find_extremes": 2.19536,
"find_corners": 3.8656,
"find_points_in_Q": 0.001024,
"compaction": 0.959744,
"copy2host": 0.011968,
"delete": 0,
"preparation": 0.002336,
"cgal_convex_hull": 0.010752,
"total": 7.04445
}