{
"n": 436207616,
"size": 205,
"hull": 20,
"seed": 0,
"copy2device": 570.719,
"find_extremes": 19.711,
"find_corners": 40.9404,
"find_points_in_Q": 9.14032,
"compaction": 7.7687,
"copy2host": 0.018432,
"filter": 77.6172,
"delete": 0,
"preparation": 0.034848,
"cgal_convex_hull": 0.023456,
"total": 77.6407
}