{
"n": 771751936,
"size": 182,
"hull": 17,
"seed": 0,
"copy2device": 863.381,
"find_extremes": 30.0366,
"find_corners": 45.566,
"find_points_in_Q": 0.004096,
"compaction": 20.798,
"copy2host": 0.023328,
"filter": 96.496,
"delete": 0,
"preparation": 0.004992,
"cgal_convex_hull": 0.020544,
"total": 96.5165
}