{
"n": 369098752,
"size": 84,
"hull": 22,
"seed": 0,
"copy2device": 416.59,
"find_extremes": 13.3252,
"find_corners": 20.5916,
"find_points_in_Q": 0.004096,
"compaction": 10.125,
"copy2host": 0.020704,
"filter": 44.1348,
"delete": 0,
"preparation": 0.005088,
"cgal_convex_hull": 0.013184,
"total": 44.1479
}