{
"n": 268435456,
"size": 57,
"hull": 17,
"seed": 0,
"copy2device": 181.426,
"find_extremes": 13.2341,
"find_corners": 27.3551,
"find_points_in_Q": 0.001024,
"compaction": 6.35754,
"copy2host": 0.013024,
"delete": 0,
"preparation": 0.002272,
"cgal_convex_hull": 0.010208,
"total": 46.9711
}