{
"n": 838860800,
"size": 353,
"hull": 24,
"seed": 0,
"copy2device": 679.311,
"find_extremes": 21.5221,
"find_corners": 84.6715,
"find_points_in_Q": 16.183,
"compaction": 14.7716,
"copy2host": 866.12,
"delete": 0,
"preparation": 0.065888,
"cgal_convex_hull": 0.034528,
"total": 1003.3
}