{
"n": 100663296,
"size": 55,
"hull": 20,
"seed": 0,
"copy2device": 123.92,
"find_extremes": 7.8391,
"find_corners": 9.9585,
"find_points_in_Q": 6.55027,
"compaction": 2.06688,
"copy2host": 0.016608,
"filter": 26.4707,
"delete": 0,
"preparation": 0.012224,
"cgal_convex_hull": 0.011616,
"total": 26.4823
}