{
"n": 33554432,
"size": 25,
"hull": 17,
"seed": 0,
"copy2device": 39.9375,
"find_extremes": 9.20973,
"find_corners": 9.78019,
"find_points_in_Q": 1.17779,
"compaction": 6.61795,
"copy2host": 0.016608,
"filter": 26.8416,
"delete": 0,
"preparation": 0.006912,
"cgal_convex_hull": 0.009312,
"total": 26.8509
}