{
"n": 369098752,
"size": 33,
"hull": 14,
"seed": 0,
"copy2device": 416.076,
"find_extremes": 13.312,
"find_corners": 20.5916,
"find_points_in_Q": 0.004096,
"compaction": 10.3382,
"copy2host": 0.019808,
"filter": 44.3325,
"delete": 0,
"preparation": 0.00496,
"cgal_convex_hull": 0.009472,
"total": 44.342
}