{
"n": 301989888,
"size": 109,
"hull": 21,
"seed": 0,
"copy2device": 335.429,
"find_extremes": 13.4041,
"find_corners": 19.2604,
"find_points_in_Q": 0.004096,
"compaction": 9.16272,
"copy2host": 0.020928,
"filter": 41.9232,
"delete": 0,
"preparation": 0.004992,
"cgal_convex_hull": 0.014944,
"total": 41.9381
}