{
"n": 33554432,
"size": 83,
"hull": 19,
"seed": 0,
"copy2device": 40.2146,
"find_extremes": 2.45437,
"find_corners": 7.12816,
"find_points_in_Q": 1.13347,
"compaction": 0.979616,
"copy2host": 0.015936,
"filter": 11.7481,
"delete": 0,
"preparation": 0.015616,
"cgal_convex_hull": 0.013792,
"total": 11.7619
}