{
"n": 167772160,
"size": 96,
"hull": 19,
"seed": 0,
"copy2device": 98.9226,
"find_extremes": 4.90054,
"find_corners": 17.3242,
"find_points_in_Q": 3.48067,
"compaction": 3.09056,
"copy2host": 218.109,
"delete": 0,
"preparation": 0.009344,
"cgal_convex_hull": 0.013568,
"total": 246.919
}