{
"n": 67108864,
"size": 49,
"hull": 22,
"seed": 0,
"copy2device": 77.3909,
"find_extremes": 4.47411,
"find_corners": 10.5042,
"find_points_in_Q": 0.004096,
"compaction": 2.25962,
"copy2host": 0.019232,
"filter": 17.3253,
"delete": 0,
"preparation": 0.005056,
"cgal_convex_hull": 0.011936,
"total": 17.3372
}