{
"n": 167772160,
"size": 363,
"hull": 23,
"seed": 0,
"copy2device": 111.907,
"find_extremes": 8.58874,
"find_corners": 17.3158,
"find_points_in_Q": 0.002048,
"compaction": 4.03411,
"copy2host": 0.014336,
"delete": 0,
"preparation": 0.003232,
"cgal_convex_hull": 0.023872,
"total": 29.9789
}