{
"n": 469762048,
"size": 126,
"hull": 15,
"seed": 0,
"copy2device": 569.246,
"find_extremes": 19.6829,
"find_corners": 29.4592,
"find_points_in_Q": 8.65606,
"compaction": 9.12208,
"copy2host": 0.018592,
"filter": 66.9792,
"delete": 0,
"preparation": 0.024672,
"cgal_convex_hull": 0.015776,
"total": 66.9949
}