{
"n": 973078528,
"size": 123,
"hull": 17,
"seed": 0,
"copy2device": 719.494,
"find_extremes": 46.5327,
"find_corners": 97.3568,
"find_points_in_Q": 0.002048,
"compaction": 22.5935,
"copy2host": 0.014848,
"delete": 0,
"preparation": 0.006112,
"cgal_convex_hull": 0.014464,
"total": 166.514
}