{
"n": 234881024,
"size": 232,
"hull": 23,
"seed": 0,
"copy2device": 158.351,
"find_extremes": 11.7008,
"find_corners": 24.0415,
"find_points_in_Q": 0.001024,
"compaction": 5.596,
"copy2host": 0.014304,
"delete": 0,
"preparation": 0.002816,
"cgal_convex_hull": 0.018816,
"total": 41.3724
}