{
"n": 234881024,
"size": 183,
"hull": 15,
"seed": 0,
"copy2device": 254.52,
"find_extremes": 14.7867,
"find_corners": 24.3046,
"find_points_in_Q": 0.004096,
"compaction": 9.15862,
"copy2host": 0.024448,
"filter": 48.3456,
"delete": 0,
"preparation": 0.00496,
"cgal_convex_hull": 0.02176,
"total": 48.3674
}