{
"n": 167772160,
"size": 112,
"hull": 19,
"seed": 0,
"copy2device": 185.755,
"find_extremes": 6.96765,
"find_corners": 13.44,
"find_points_in_Q": 0.004096,
"compaction": 4.95322,
"copy2host": 0.020736,
"filter": 25.4525,
"delete": 0,
"preparation": 0.004992,
"cgal_convex_hull": 0.013984,
"total": 25.4665
}