{
"n": 67108864,
"size": 180,
"hull": 19,
"seed": 0,
"copy2device": 75.4071,
"find_extremes": 18.1279,
"find_corners": 9.55699,
"find_points_in_Q": 0.004096,
"compaction": 2.89443,
"copy2host": 0.021664,
"filter": 30.6747,
"delete": 0,
"preparation": 0.004992,
"cgal_convex_hull": 0.019456,
"total": 30.6941
}