{
"n": 603979776,
"size": 58,
"hull": 16,
"seed": 0,
"copy2device": 696.716,
"find_extremes": 24.9561,
"find_corners": 40.5555,
"find_points_in_Q": 0.004096,
"compaction": 18.0015,
"copy2host": 0.020704,
"filter": 83.6084,
"delete": 0,
"preparation": 0.004992,
"cgal_convex_hull": 0.010848,
"total": 83.6193
}