{
"n": 134217728,
"size": 229,
"hull": 21,
"seed": 0,
"copy2device": 164.876,
"find_extremes": 4.92432,
"find_corners": 8.52381,
"find_points_in_Q": 2.8456,
"compaction": 2.5961,
"copy2host": 0.01792,
"filter": 18.9436,
"delete": 0,
"preparation": 0.03488,
"cgal_convex_hull": 0.023456,
"total": 18.9671
}