{
"n": 570425344,
"size": 56,
"hull": 19,
"seed": 0,
"copy2device": 755.588,
"find_extremes": 20.7864,
"find_corners": 39.975,
"find_points_in_Q": 16.7865,
"compaction": 12.1052,
"copy2host": 0.018368,
"filter": 89.7097,
"delete": 0,
"preparation": 0.014304,
"cgal_convex_hull": 0.011744,
"total": 89.7215
}