{
"n": 503316480,
"size": 216,
"hull": 20,
"seed": 0,
"copy2device": 628.853,
"find_extremes": 13.5693,
"find_corners": 32.3527,
"find_points_in_Q": 9.12438,
"compaction": 9.12368,
"copy2host": 0.018144,
"filter": 64.2256,
"delete": 0,
"preparation": 0.047456,
"cgal_convex_hull": 0.026944,
"total": 64.2525
}