{
"n": 436207616,
"size": 46,
"hull": 17,
"seed": 0,
"copy2device": 520.165,
"find_extremes": 15.5337,
"find_corners": 25.5214,
"find_points_in_Q": 8.35664,
"compaction": 10.0843,
"copy2host": 0.018208,
"filter": 59.5529,
"delete": 0,
"preparation": 0.01168,
"cgal_convex_hull": 0.011104,
"total": 59.564
}