{
"n": 838860800,
"size": 174,
"hull": 21,
"seed": 0,
"copy2device": 624.855,
"find_extremes": 39.806,
"find_corners": 84.0909,
"find_points_in_Q": 0.002048,
"compaction": 19.494,
"copy2host": 0.014624,
"delete": 0,
"preparation": 0.006144,
"cgal_convex_hull": 0.015872,
"total": 143.423
}