{
"n": 738197504,
"size": 143,
"hull": 21,
"seed": 0,
"copy2device": 859.615,
"find_extremes": 30.0972,
"find_corners": 42.1437,
"find_points_in_Q": 0.004096,
"compaction": 21.5758,
"copy2host": 0.0216,
"filter": 93.9118,
"delete": 0,
"preparation": 0.005024,
"cgal_convex_hull": 0.016896,
"total": 93.9287
}