{
"n": 469762048,
"size": 105,
"hull": 25,
"seed": 0,
"copy2device": 320.699,
"find_extremes": 22.597,
"find_corners": 47.4163,
"find_points_in_Q": 0.001024,
"compaction": 11.0075,
"copy2host": 0.013248,
"delete": 0,
"preparation": 0.00272,
"cgal_convex_hull": 0.01312,
"total": 81.0483
}