{
"n": 100663296,
"size": 13118,
"hull": 44,
"seed": 0,
"copy2device": 61.4327,
"find_extremes": 3.14493,
"find_corners": 10.6542,
"find_points_in_Q": 2.12643,
"compaction": 1.91683,
"copy2host": 103.135,
"delete": 0,
"preparation": 4.22022,
"cgal_convex_hull": 1.23994,
"total": 122.218
}