{
"n": 771751936,
"size": 101,
"hull": 19,
"seed": 0,
"copy2device": 857.183,
"find_extremes": 31.1602,
"find_corners": 42.6588,
"find_points_in_Q": 0.004096,
"compaction": 21.2049,
"copy2host": 0.020704,
"filter": 95.1169,
"delete": 0,
"preparation": 0.004992,
"cgal_convex_hull": 0.014688,
"total": 95.1316
}