{
"n": 570425344,
"size": 101,
"hull": 21,
"seed": 0,
"copy2device": 636.83,
"find_extremes": 22.5843,
"find_corners": 34.5283,
"find_points_in_Q": 0.004096,
"compaction": 15.7063,
"copy2host": 0.020992,
"filter": 72.913,
"delete": 0,
"preparation": 0.005056,
"cgal_convex_hull": 0.014336,
"total": 72.9273
}