{
"n": 402653184,
"size": 63,
"hull": 20,
"seed": 0,
"copy2device": 494.323,
"find_extremes": 16.5217,
"find_corners": 32.2864,
"find_points_in_Q": 9.81258,
"compaction": 10.9724,
"copy2host": 0.018592,
"filter": 69.6516,
"delete": 0,
"preparation": 0.021792,
"cgal_convex_hull": 0.012192,
"total": 69.6638
}