{
"n": 268435456,
"size": 162,
"hull": 22,
"seed": 0,
"copy2device": 327.858,
"find_extremes": 14.1493,
"find_corners": 24.2646,
"find_points_in_Q": 5.31578,
"compaction": 6.78323,
"copy2host": 0.0176,
"filter": 50.5687,
"delete": 0,
"preparation": 0.026944,
"cgal_convex_hull": 0.019968,
"total": 50.5886
}