{
"n": 134217728,
"size": 59,
"hull": 20,
"seed": 0,
"copy2device": 164.456,
"find_extremes": 5.00163,
"find_corners": 10.5839,
"find_points_in_Q": 2.93075,
"compaction": 3.36992,
"copy2host": 0.018432,
"filter": 21.9419,
"delete": 0,
"preparation": 0.013344,
"cgal_convex_hull": 0.012352,
"total": 21.9543
}