{
"n": 536870912,
"size": 62,
"hull": 19,
"seed": 0,
"copy2device": 695.718,
"find_extremes": 22.4548,
"find_corners": 29.325,
"find_points_in_Q": 12.2903,
"compaction": 9.82394,
"copy2host": 0.0184,
"filter": 73.9518,
"delete": 0,
"preparation": 0.014336,
"cgal_convex_hull": 0.012032,
"total": 73.9639
}