{
"n": 637534208,
"size": 61,
"hull": 20,
"seed": 0,
"copy2device": 781.843,
"find_extremes": 24.934,
"find_corners": 38.0161,
"find_points_in_Q": 11.8772,
"compaction": 11.4522,
"copy2host": 0.018656,
"filter": 86.3375,
"delete": 0,
"preparation": 0.020512,
"cgal_convex_hull": 0.012064,
"total": 86.3495
}