{
"n": 201326592,
"size": 114,
"hull": 19,
"seed": 0,
"copy2device": 221.369,
"find_extremes": 12.2491,
"find_corners": 14.5756,
"find_points_in_Q": 0.004096,
"compaction": 5.98406,
"copy2host": 0.02032,
"filter": 32.9023,
"delete": 0,
"preparation": 0.005024,
"cgal_convex_hull": 0.016192,
"total": 32.9185
}