{
"n": 234881024,
"size": 107,
"hull": 22,
"seed": 0,
"copy2device": 265.722,
"find_extremes": 12.2197,
"find_corners": 17.2657,
"find_points_in_Q": 0.004096,
"compaction": 6.90182,
"copy2host": 0.020448,
"filter": 36.4776,
"delete": 0,
"preparation": 0.005056,
"cgal_convex_hull": 0.015776,
"total": 36.4933
}