{
"n": 503316480,
"size": 145,
"hull": 19,
"seed": 0,
"copy2device": 312.47,
"find_extremes": 13.249,
"find_corners": 50.591,
"find_points_in_Q": 10.0992,
"compaction": 8.99126,
"copy2host": 582.997,
"delete": 0,
"preparation": 0.029376,
"cgal_convex_hull": 0.017248,
"total": 665.945
}