{
"n": 100663296,
"size": 50,
"hull": 20,
"seed": 0,
"copy2device": 119.572,
"find_extremes": 10.0711,
"find_corners": 13.4876,
"find_points_in_Q": 2.37901,
"compaction": 2.10096,
"copy2host": 0.017056,
"filter": 28.0957,
"delete": 0,
"preparation": 0.011904,
"cgal_convex_hull": 0.011648,
"total": 28.1073
}