{
"n": 402653184,
"size": 472,
"hull": 19,
"seed": 0,
"copy2device": 449.628,
"find_extremes": 16.2967,
"find_corners": 23.3359,
"find_points_in_Q": 0.004096,
"compaction": 11.2071,
"copy2host": 0.025472,
"filter": 50.9362,
"delete": 0,
"preparation": 0.008832,
"cgal_convex_hull": 0.04144,
"total": 50.9776
}