{
"n": 201326592,
"size": 104,
"hull": 19,
"seed": 0,
"copy2device": 135.109,
"find_extremes": 10.1289,
"find_corners": 20.6705,
"find_points_in_Q": 0.001024,
"compaction": 4.82278,
"copy2host": 0.012608,
"delete": 0,
"preparation": 0.002272,
"cgal_convex_hull": 0.013376,
"total": 35.6491
}