{
"n": 301989888,
"size": 387,
"hull": 20,
"seed": 0,
"copy2device": 212.656,
"find_extremes": 14.891,
"find_corners": 30.68,
"find_points_in_Q": 0.001024,
"compaction": 7.16979,
"copy2host": 0.019744,
"delete": 0,
"preparation": 0.006784,
"cgal_convex_hull": 0.030016,
"total": 52.7916
}