{
"n": 301989888,
"size": 114,
"hull": 18,
"seed": 0,
"copy2device": 213.311,
"find_extremes": 14.9278,
"find_corners": 30.7671,
"find_points_in_Q": 0.002048,
"compaction": 7.19059,
"copy2host": 0.016512,
"delete": 0,
"preparation": 0.005344,
"cgal_convex_hull": 0.0136,
"total": 52.9176
}