{
"n": 201326592,
"size": 77,
"hull": 16,
"seed": 0,
"copy2device": 223.68,
"find_extremes": 18.1183,
"find_corners": 26.6803,
"find_points_in_Q": 0.004096,
"compaction": 9.59462,
"copy2host": 0.02032,
"filter": 54.4881,
"delete": 0,
"preparation": 0.005024,
"cgal_convex_hull": 0.012256,
"total": 54.5004
}