{
"n": 134217728,
"size": 17056,
"hull": 38,
"seed": 0,
"copy2device": 188.534,
"find_extremes": 7.01725,
"find_corners": 14.0186,
"find_points_in_Q": 0.001856,
"compaction": 3.26374,
"copy2host": 0.03504,
"delete": 0,
"preparation": 0.055872,
"cgal_convex_hull": 1.66323,
"total": 25.9997
}