{
"n": 436207616,
"size": 93,
"hull": 21,
"seed": 0,
"copy2device": 607.191,
"find_extremes": 35.6582,
"find_corners": 47.9791,
"find_points_in_Q": 41.7021,
"compaction": 15.3627,
"copy2host": 0.01872,
"filter": 140.758,
"delete": 0,
"preparation": 0.018496,
"cgal_convex_hull": 0.014176,
"total": 140.772
}