{
"n": 167772160,
"size": 129,
"hull": 22,
"seed": 0,
"copy2device": 152.726,
"find_extremes": 4.97088,
"find_corners": 17.3625,
"find_points_in_Q": 3.52445,
"compaction": 3.1009,
"copy2host": 220.354,
"delete": 0,
"preparation": 0.016864,
"cgal_convex_hull": 0.016448,
"total": 249.33
}