{
"n": 536870912,
"size": 263,
"hull": 28,
"seed": 0,
"copy2device": 601.268,
"find_extremes": 21.1821,
"find_corners": 31.2443,
"find_points_in_Q": 0.004096,
"compaction": 16.4125,
"copy2host": 0.020864,
"filter": 68.9334,
"delete": 0,
"preparation": 0.005696,
"cgal_convex_hull": 0.02448,
"total": 68.9579
}