{
"n": 234881024,
"size": 306,
"hull": 16,
"seed": 0,
"copy2device": 287.71,
"find_extremes": 7.49043,
"find_corners": 13.7563,
"find_points_in_Q": 4.55494,
"compaction": 4.41546,
"copy2host": 0.018816,
"filter": 30.2729,
"delete": 0,
"preparation": 0.045952,
"cgal_convex_hull": 0.027168,
"total": 30.3
}