{
"n": 704643072,
"size": 444,
"hull": 15,
"seed": 0,
"copy2device": 895.031,
"find_extremes": 18.5446,
"find_corners": 38.0184,
"find_points_in_Q": 12.3788,
"compaction": 12.6273,
"copy2host": 0.018496,
"filter": 81.625,
"delete": 0,
"preparation": 0.072544,
"cgal_convex_hull": 0.038112,
"total": 81.6631
}