{
"n": 436207616,
"size": 117,
"hull": 21,
"seed": 0,
"copy2device": 525.122,
"find_extremes": 44.5077,
"find_corners": 50.6511,
"find_points_in_Q": 0.004096,
"compaction": 16.5508,
"copy2host": 0.02,
"filter": 111.803,
"delete": 0,
"preparation": 0.005024,
"cgal_convex_hull": 0.015744,
"total": 111.819
}