{
"n": 134217728,
"size": 89,
"hull": 21,
"seed": 0,
"copy2device": 161.405,
"find_extremes": 11.1034,
"find_corners": 12.2871,
"find_points_in_Q": 2.9327,
"compaction": 2.63635,
"copy2host": 0.017632,
"filter": 29.0162,
"delete": 0,
"preparation": 0.019488,
"cgal_convex_hull": 0.01344,
"total": 29.0296
}