{
"n": 671088640,
"size": 120,
"hull": 19,
"seed": 0,
"copy2device": 862.109,
"find_extremes": 17.8051,
"find_corners": 39.6568,
"find_points_in_Q": 12.6775,
"compaction": 13.3565,
"copy2host": 0.018688,
"filter": 83.5534,
"delete": 0,
"preparation": 0.02224,
"cgal_convex_hull": 0.016,
"total": 83.5694
}