{
"n": 973078528,
"size": 106,
"hull": 18,
"seed": 0,
"copy2device": 669.36,
"find_extremes": 45.9934,
"find_corners": 97.6567,
"find_points_in_Q": 0.001024,
"compaction": 22.5542,
"copy2host": 0.013696,
"delete": 0,
"preparation": 0.002272,
"cgal_convex_hull": 0.013024,
"total": 166.232
}