{
"n": 402653184,
"size": 29619,
"hull": 44,
"seed": 0,
"copy2device": 510.946,
"find_extremes": 10.7263,
"find_corners": 40.5911,
"find_points_in_Q": 8.32176,
"compaction": 7.15325,
"copy2host": 508.101,
"delete": 0,
"preparation": 1.4056,
"cgal_convex_hull": 3.08406,
"total": 577.977
}