{
"n": 369098752,
"size": 229,
"hull": 16,
"seed": 0,
"copy2device": 433.128,
"find_extremes": 12.212,
"find_corners": 20.7494,
"find_points_in_Q": 8.05142,
"compaction": 10.9464,
"copy2host": 0.018624,
"filter": 52.0152,
"delete": 0,
"preparation": 0.040736,
"cgal_convex_hull": 0.021376,
"total": 52.0366
}