{
"n": 704643072,
"size": 141,
"hull": 21,
"seed": 0,
"copy2device": 785.3,
"find_extremes": 24.0543,
"find_corners": 39.8141,
"find_points_in_Q": 0.004096,
"compaction": 19.0228,
"copy2host": 0.022496,
"filter": 82.9858,
"delete": 0,
"preparation": 0.005056,
"cgal_convex_hull": 0.016608,
"total": 83.0024
}