{
"n": 33554432,
"size": 110,
"hull": 22,
"seed": 0,
"copy2device": 35.2011,
"find_extremes": 7.06515,
"find_corners": 3.22048,
"find_points_in_Q": 0.003072,
"compaction": 1.37766,
"copy2host": 0.018816,
"filter": 11.7495,
"delete": 0,
"preparation": 0.004928,
"cgal_convex_hull": 0.014912,
"total": 11.7644
}