{
"n": 536870912,
"size": 105,
"hull": 25,
"seed": 0,
"copy2device": 663.625,
"find_extremes": 14.3849,
"find_corners": 32.9448,
"find_points_in_Q": 33.1546,
"compaction": 10.9419,
"copy2host": 0.019104,
"filter": 91.4818,
"delete": 0,
"preparation": 0.019264,
"cgal_convex_hull": 0.016256,
"total": 91.498
}