{
"n": 503316480,
"size": 268,
"hull": 19,
"seed": 0,
"copy2device": 344.158,
"find_extremes": 24.1618,
"find_corners": 50.6327,
"find_points_in_Q": 0.002048,
"compaction": 11.8027,
"copy2host": 0.013376,
"delete": 0,
"preparation": 0.003648,
"cgal_convex_hull": 0.022528,
"total": 86.6351
}