{
"n": 402653184,
"size": 231,
"hull": 23,
"seed": 0,
"copy2device": 444.169,
"find_extremes": 14.4961,
"find_corners": 22.3846,
"find_points_in_Q": 0.004096,
"compaction": 11.0957,
"copy2host": 0.0232,
"filter": 48.0718,
"delete": 0,
"preparation": 0.005056,
"cgal_convex_hull": 0.021856,
"total": 48.0937
}