{
"n": 201326592,
"size": 33,
"hull": 19,
"seed": 0,
"copy2device": 250.476,
"find_extremes": 28.0272,
"find_corners": 19.434,
"find_points_in_Q": 7.21354,
"compaction": 3.7873,
"copy2host": 0.017152,
"filter": 58.5199,
"delete": 0,
"preparation": 0.009984,
"cgal_convex_hull": 0.011584,
"total": 58.5315
}