{
"n": 33554432,
"size": 30,
"hull": 20,
"seed": 0,
"copy2device": 20.0262,
"find_extremes": 2.31606,
"find_corners": 3.88528,
"find_points_in_Q": 0.001024,
"compaction": 0.936576,
"copy2host": 0.011648,
"delete": 0,
"preparation": 0.001664,
"cgal_convex_hull": 0.008736,
"total": 7.15933
}