{
"n": 671088640,
"size": 133,
"hull": 16,
"seed": 0,
"copy2device": 812.406,
"find_extremes": 37.4537,
"find_corners": 44.1651,
"find_points_in_Q": 0.004096,
"compaction": 21.335,
"copy2host": 0.022784,
"filter": 103.05,
"delete": 0,
"preparation": 0.00496,
"cgal_convex_hull": 0.016512,
"total": 103.067
}