{
"n": 536870912,
"size": 49,
"hull": 17,
"seed": 0,
"copy2device": 438.752,
"find_extremes": 14.046,
"find_corners": 53.901,
"find_points_in_Q": 10.6166,
"compaction": 9.61197,
"copy2host": 574.037,
"delete": 0,
"preparation": 0.014336,
"cgal_convex_hull": 0.011168,
"total": 662.224
}