{
"n": 335544320,
"size": 83,
"hull": 24,
"seed": 0,
"copy2device": 412.884,
"find_extremes": 13.678,
"find_corners": 18.8549,
"find_points_in_Q": 0.004096,
"compaction": 9.38832,
"copy2host": 0.02,
"filter": 42.0157,
"delete": 0,
"preparation": 0.004992,
"cgal_convex_hull": 0.01328,
"total": 42.029
}