{
"n": 134217728,
"size": 47,
"hull": 19,
"seed": 0,
"copy2device": 148.064,
"find_extremes": 5.83942,
"find_corners": 12.5921,
"find_points_in_Q": 0.004096,
"compaction": 4.02458,
"copy2host": 0.020768,
"filter": 22.5457,
"delete": 0,
"preparation": 0.00512,
"cgal_convex_hull": 0.011168,
"total": 22.5569
}