{
"n": 201326592,
"size": 61,
"hull": 24,
"seed": 0,
"copy2device": 224.426,
"find_extremes": 47.4212,
"find_corners": 29.2393,
"find_points_in_Q": 0.004096,
"compaction": 12.9253,
"copy2host": 0.021952,
"filter": 89.6805,
"delete": 0,
"preparation": 0.005088,
"cgal_convex_hull": 0.01216,
"total": 89.6926
}