{
"n": 771751936,
"size": 1008,
"hull": 21,
"seed": 0,
"copy2device": 937.059,
"find_extremes": 26.1787,
"find_corners": 48.087,
"find_points_in_Q": 0.00512,
"compaction": 23.3855,
"copy2host": 0.0216,
"filter": 97.7454,
"delete": 0,
"preparation": 0.005632,
"cgal_convex_hull": 0.079744,
"total": 97.8252
}