{
"n": 369098752,
"size": 279,
"hull": 21,
"seed": 0,
"copy2device": 409.755,
"find_extremes": 17.6745,
"find_corners": 28.9352,
"find_points_in_Q": 0.004096,
"compaction": 17.0125,
"copy2host": 0.026368,
"filter": 63.7219,
"delete": 0,
"preparation": 0.007008,
"cgal_convex_hull": 0.026912,
"total": 63.7488
}