{
"n": 939524096,
"size": 118,
"hull": 21,
"seed": 0,
"copy2device": 645.611,
"find_extremes": 44.4506,
"find_corners": 94.5439,
"find_points_in_Q": 0.002048,
"compaction": 21.7836,
"copy2host": 0.013984,
"delete": 0,
"preparation": 0.00352,
"cgal_convex_hull": 0.013216,
"total": 160.807
}