{
"n": 402653184,
"size": 648,
"hull": 20,
"seed": 0,
"copy2device": 468.001,
"find_extremes": 14.3828,
"find_corners": 22.3928,
"find_points_in_Q": 0.004096,
"compaction": 11.3197,
"copy2host": 0.022304,
"filter": 48.19,
"delete": 0,
"preparation": 0.008256,
"cgal_convex_hull": 0.05296,
"total": 48.2429
}