{
"n": 234881024,
"size": 323,
"hull": 20,
"seed": 0,
"copy2device": 287.935,
"find_extremes": 7.92509,
"find_corners": 13.7828,
"find_points_in_Q": 4.67389,
"compaction": 4.45232,
"copy2host": 0.018048,
"filter": 30.8908,
"delete": 0,
"preparation": 0.048128,
"cgal_convex_hull": 0.029696,
"total": 30.9205
}