{
"n": 100663296,
"size": 15277,
"hull": 40,
"seed": 0,
"copy2device": 64.2524,
"find_extremes": 5.42234,
"find_corners": 10.7469,
"find_points_in_Q": 0.001024,
"compaction": 2.51354,
"copy2host": 0.074816,
"delete": 0,
"preparation": 0.09408,
"cgal_convex_hull": 1.51901,
"total": 20.2776
}