{
"n": 33554432,
"size": 216,
"hull": 18,
"seed": 0,
"copy2device": 43.1849,
"find_extremes": 25.0377,
"find_corners": 25.3762,
"find_points_in_Q": 16.7757,
"compaction": 5.01798,
"copy2host": 0.023008,
"filter": 72.2675,
"delete": 0,
"preparation": 0.033216,
"cgal_convex_hull": 0.039584,
"total": 72.3071
}