{
"n": 134217728,
"size": 143,
"hull": 19,
"seed": 0,
"copy2device": 145.547,
"find_extremes": 12.8046,
"find_corners": 16.1178,
"find_points_in_Q": 0.004096,
"compaction": 4.15798,
"copy2host": 0.022528,
"filter": 33.1748,
"delete": 0,
"preparation": 0.00496,
"cgal_convex_hull": 0.016192,
"total": 33.191
}