{
"n": 637534208,
"size": 101,
"hull": 22,
"seed": 0,
"copy2device": 721.198,
"find_extremes": 22.5949,
"find_corners": 40.2084,
"find_points_in_Q": 0.004096,
"compaction": 18.4133,
"copy2host": 0.020928,
"filter": 81.31,
"delete": 0,
"preparation": 0.005536,
"cgal_convex_hull": 0.015616,
"total": 81.3256
}