{
"n": 939524096,
"size": 288,
"hull": 24,
"seed": 0,
"copy2device": 715.117,
"find_extremes": 44.4238,
"find_corners": 93.9612,
"find_points_in_Q": 0.002048,
"compaction": 21.7905,
"copy2host": 0.015616,
"delete": 0,
"preparation": 0.008992,
"cgal_convex_hull": 0.022336,
"total": 160.215
}