{
"n": 603979776,
"size": 55,
"hull": 19,
"seed": 0,
"copy2device": 704.326,
"find_extremes": 23.2384,
"find_corners": 33.8452,
"find_points_in_Q": 0.004096,
"compaction": 16.516,
"copy2host": 0.020608,
"filter": 73.6945,
"delete": 0,
"preparation": 0.004992,
"cgal_convex_hull": 0.012096,
"total": 73.7066
}