{
"n": 369098752,
"size": 90,
"hull": 19,
"seed": 0,
"copy2device": 411.126,
"find_extremes": 28.6778,
"find_corners": 26.8339,
"find_points_in_Q": 0.004096,
"compaction": 13.1913,
"copy2host": 0.020512,
"filter": 68.7955,
"delete": 0,
"preparation": 0.005056,
"cgal_convex_hull": 0.012672,
"total": 68.8081
}