{
"n": 134217728,
"size": 95,
"hull": 26,
"seed": 0,
"copy2device": 160.194,
"find_extremes": 26.6349,
"find_corners": 40.5321,
"find_points_in_Q": 28.0687,
"compaction": 11.3416,
"copy2host": 0.018944,
"filter": 106.635,
"delete": 0,
"preparation": 0.019616,
"cgal_convex_hull": 0.015744,
"total": 106.651
}