{
"n": 671088640,
"size": 116,
"hull": 21,
"seed": 0,
"copy2device": 820.155,
"find_extremes": 26.4598,
"find_corners": 38.0088,
"find_points_in_Q": 0.004096,
"compaction": 18.3225,
"copy2host": 0.020256,
"filter": 82.8845,
"delete": 0,
"preparation": 0.004992,
"cgal_convex_hull": 0.017408,
"total": 82.9019
}