{
"n": 570425344,
"size": 116,
"hull": 25,
"seed": 0,
"copy2device": 713.152,
"find_extremes": 20.7471,
"find_corners": 31.2639,
"find_points_in_Q": 10.5409,
"compaction": 11.9418,
"copy2host": 0.018944,
"filter": 74.5504,
"delete": 0,
"preparation": 0.022176,
"cgal_convex_hull": 0.016576,
"total": 74.567
}