{
"n": 738197504,
"size": 171,
"hull": 25,
"seed": 0,
"copy2device": 557.587,
"find_extremes": 35.106,
"find_corners": 73.9113,
"find_points_in_Q": 0.001024,
"compaction": 17.1826,
"copy2host": 0.017632,
"delete": 0,
"preparation": 0.004576,
"cgal_convex_hull": 0.01712,
"total": 126.236
}