{
"n": 637534208,
"size": 260,
"hull": 24,
"seed": 0,
"copy2device": 747.476,
"find_extremes": 21.9333,
"find_corners": 34.5037,
"find_points_in_Q": 0.004096,
"compaction": 17.4664,
"copy2host": 0.021536,
"filter": 73.9983,
"delete": 0,
"preparation": 0.006912,
"cgal_convex_hull": 0.025088,
"total": 74.0234
}