{
"n": 335544320,
"size": 122,
"hull": 19,
"seed": 0,
"copy2device": 408.406,
"find_extremes": 14.4712,
"find_corners": 33.4468,
"find_points_in_Q": 7.87133,
"compaction": 7.69235,
"copy2host": 0.018688,
"filter": 63.5379,
"delete": 0,
"preparation": 0.021248,
"cgal_convex_hull": 0.01664,
"total": 63.5545
}