{
"n": 301989888,
"size": 288,
"hull": 20,
"seed": 0,
"copy2device": 334.13,
"find_extremes": 11.2953,
"find_corners": 18.2354,
"find_points_in_Q": 0.004096,
"compaction": 8.55853,
"copy2host": 0.025024,
"filter": 38.1864,
"delete": 0,
"preparation": 0.007936,
"cgal_convex_hull": 0.027616,
"total": 38.214
}