{
"n": 67108864,
"size": 7621,
"hull": 45,
"seed": 0,
"copy2device": 34.5842,
"find_extremes": 2.29549,
"find_corners": 7.32909,
"find_points_in_Q": 1.43334,
"compaction": 1.29654,
"copy2host": 75.617,
"delete": 0,
"preparation": 0.216064,
"cgal_convex_hull": 0.697632,
"total": 88.6691
}