{
"n": 201326592,
"size": 62,
"hull": 20,
"seed": 0,
"copy2device": 135.078,
"find_extremes": 10.1228,
"find_corners": 20.6971,
"find_points_in_Q": 0.002048,
"compaction": 4.8232,
"copy2host": 0.01232,
"delete": 0,
"preparation": 0.0024,
"cgal_convex_hull": 0.010944,
"total": 35.6684
}