{
"n": 1073741824,
"size": 123,
"hull": 21,
"seed": 0,
"copy2device": 741.47,
"find_extremes": 50.6507,
"find_corners": 107.646,
"find_points_in_Q": 0.001984,
"compaction": 24.917,
"copy2host": 0.013408,
"delete": 0,
"preparation": 0.002976,
"cgal_convex_hull": 0.015296,
"total": 183.244
}