{
"n": 201326592,
"size": 207,
"hull": 20,
"seed": 0,
"copy2device": 250.502,
"find_extremes": 10.7065,
"find_corners": 28.2136,
"find_points_in_Q": 4.64954,
"compaction": 5.44659,
"copy2host": 0.016416,
"filter": 49.0724,
"delete": 0,
"preparation": 0.0344,
"cgal_convex_hull": 0.021568,
"total": 49.094
}