{
"n": 872415232,
"size": 382,
"hull": 19,
"seed": 0,
"copy2device": 698.176,
"find_extremes": 22.3751,
"find_corners": 86.3928,
"find_points_in_Q": 16.9113,
"compaction": 16.7206,
"copy2host": 975.95,
"delete": 0,
"preparation": 0.07264,
"cgal_convex_hull": 0.03312,
"total": 1118.38
}