{
"n": 503316480,
"size": 108,
"hull": 23,
"seed": 0,
"copy2device": 647.385,
"find_extremes": 32.1103,
"find_corners": 45.1873,
"find_points_in_Q": 9.40928,
"compaction": 14.8777,
"copy2host": 0.018688,
"filter": 101.644,
"delete": 0,
"preparation": 0.028064,
"cgal_convex_hull": 0.01552,
"total": 101.66
}