{
"n": 33554432,
"size": 43,
"hull": 16,
"seed": 0,
"copy2device": 38.1505,
"find_extremes": 2.64198,
"find_corners": 3.21434,
"find_points_in_Q": 0.004096,
"compaction": 1.30973,
"copy2host": 0.01856,
"filter": 7.252,
"delete": 0,
"preparation": 0.004032,
"cgal_convex_hull": 0.010912,
"total": 7.26291
}