{
"n": 704643072,
"size": 165,
"hull": 25,
"seed": 0,
"copy2device": 912.145,
"find_extremes": 18.4452,
"find_corners": 48.2795,
"find_points_in_Q": 15.0933,
"compaction": 17.8588,
"copy2host": 0.018944,
"filter": 99.7332,
"delete": 0,
"preparation": 0.032928,
"cgal_convex_hull": 0.01872,
"total": 99.7519
}