{
"n": 671088640,
"size": 95,
"hull": 17,
"seed": 0,
"copy2device": 783.262,
"find_extremes": 28.5087,
"find_corners": 37.2654,
"find_points_in_Q": 0.004096,
"compaction": 18.0417,
"copy2host": 0.020544,
"filter": 83.9097,
"delete": 0,
"preparation": 0.00496,
"cgal_convex_hull": 0.014304,
"total": 83.924
}