{
"n": 335544320,
"size": 562,
"hull": 16,
"seed": 0,
"copy2device": 227.897,
"find_extremes": 16.3832,
"find_corners": 34.0029,
"find_points_in_Q": 0.001024,
"compaction": 7.93267,
"copy2host": 0.015456,
"delete": 0,
"preparation": 0.004,
"cgal_convex_hull": 0.030688,
"total": 58.366
}