{
"n": 33554432,
"size": 80,
"hull": 17,
"seed": 0,
"copy2device": 42.0893,
"find_extremes": 2.35683,
"find_corners": 5.70886,
"find_points_in_Q": 1.13258,
"compaction": 0.892704,
"copy2host": 0.015264,
"filter": 10.1427,
"delete": 0,
"preparation": 0.013824,
"cgal_convex_hull": 0.013952,
"total": 10.1566
}