{
"n": 603979776,
"size": 394,
"hull": 26,
"seed": 0,
"copy2device": 691.447,
"find_extremes": 23.2814,
"find_corners": 32.8448,
"find_points_in_Q": 0.004096,
"compaction": 17.2961,
"copy2host": 0.021984,
"filter": 73.5174,
"delete": 0,
"preparation": 0.01024,
"cgal_convex_hull": 0.038464,
"total": 73.5559
}