{
"n": 536870912,
"size": 37680,
"hull": 40,
"seed": 0,
"copy2device": 365.863,
"find_extremes": 25.7463,
"find_corners": 54.0641,
"find_points_in_Q": 0.001024,
"compaction": 12.5392,
"copy2host": 0.05712,
"delete": 0,
"preparation": 0.092096,
"cgal_convex_hull": 3.82381,
"total": 96.2316
}