{
"n": 100663296,
"size": 205,
"hull": 17,
"seed": 0,
"copy2device": 107.544,
"find_extremes": 22.7717,
"find_corners": 9.64918,
"find_points_in_Q": 2.3409,
"compaction": 2.34451,
"copy2host": 0.017216,
"filter": 37.1635,
"delete": 0,
"preparation": 0.031808,
"cgal_convex_hull": 0.0208,
"total": 37.1843
}