{
"n": 335544320,
"size": 57,
"hull": 17,
"seed": 0,
"copy2device": 418.188,
"find_extremes": 16.808,
"find_corners": 22.3739,
"find_points_in_Q": 6.36038,
"compaction": 6.02118,
"copy2host": 0.018912,
"filter": 51.6194,
"delete": 0,
"preparation": 0.014656,
"cgal_convex_hull": 0.012512,
"total": 51.6319
}