{
"n": 100663296,
"size": 102,
"hull": 21,
"seed": 0,
"copy2device": 112.38,
"find_extremes": 5.44106,
"find_corners": 8.38042,
"find_points_in_Q": 0.003072,
"compaction": 3.14915,
"copy2host": 0.018944,
"filter": 17.0583,
"delete": 0,
"preparation": 0.004832,
"cgal_convex_hull": 0.013344,
"total": 17.0717
}