{
"n": 536870912,
"size": 28113,
"hull": 43,
"seed": 0,
"copy2device": 369.271,
"find_extremes": 25.7282,
"find_corners": 54.0507,
"find_points_in_Q": 0.001024,
"compaction": 12.5229,
"copy2host": 0.04592,
"delete": 0,
"preparation": 0.061792,
"cgal_convex_hull": 2.87693,
"total": 95.2257
}