{
"n": 100663296,
"size": 121,
"hull": 17,
"seed": 0,
"copy2device": 135.519,
"find_extremes": 12.2284,
"find_corners": 32.9533,
"find_points_in_Q": 0.004096,
"compaction": 3.11264,
"copy2host": 0.020864,
"filter": 48.387,
"delete": 0,
"preparation": 0.005056,
"cgal_convex_hull": 0.016128,
"total": 48.4031
}