{
"n": 100663296,
"size": 91,
"hull": 21,
"seed": 0,
"copy2device": 111.94,
"find_extremes": 4.85421,
"find_corners": 6.74816,
"find_points_in_Q": 0.004096,
"compaction": 3.16054,
"copy2host": 0.026336,
"filter": 14.8563,
"delete": 0,
"preparation": 0.004896,
"cgal_convex_hull": 0.012832,
"total": 14.8691
}