{
"n": 100663296,
"size": 95,
"hull": 19,
"seed": 0,
"copy2device": 111.87,
"find_extremes": 7.25184,
"find_corners": 6.69901,
"find_points_in_Q": 0.003072,
"compaction": 5.26941,
"copy2host": 0.020064,
"filter": 19.3092,
"delete": 0,
"preparation": 0.005088,
"cgal_convex_hull": 0.013152,
"total": 19.3224
}