{
"n": 436207616,
"size": 198,
"hull": 21,
"seed": 0,
"copy2device": 297.4,
"find_extremes": 21.1354,
"find_corners": 44.0177,
"find_points_in_Q": 0.001952,
"compaction": 10.2368,
"copy2host": 0.01824,
"delete": 0,
"preparation": 0.00448,
"cgal_convex_hull": 0.01856,
"total": 75.4286
}