{
"n": 402653184,
"size": 102,
"hull": 18,
"seed": 0,
"copy2device": 460.994,
"find_extremes": 15.7848,
"find_corners": 22.3293,
"find_points_in_Q": 0.004096,
"compaction": 11.1833,
"copy2host": 0.020736,
"filter": 49.3895,
"delete": 0,
"preparation": 0.00512,
"cgal_convex_hull": 0.015712,
"total": 49.4052
}