{
"n": 301989888,
"size": 18067,
"hull": 40,
"seed": 0,
"copy2device": 212.988,
"find_extremes": 14.905,
"find_corners": 30.6668,
"find_points_in_Q": 0.001024,
"compaction": 7.17894,
"copy2host": 0.08752,
"delete": 0,
"preparation": 0.140096,
"cgal_convex_hull": 1.8712,
"total": 54.7105
}