{
"n": 67108864,
"size": 121,
"hull": 24,
"seed": 0,
"copy2device": 43.2684,
"find_extremes": 3.86003,
"find_corners": 7.27245,
"find_points_in_Q": 0.002048,
"compaction": 1.72384,
"copy2host": 0.012384,
"delete": 0,
"preparation": 0.006816,
"cgal_convex_hull": 0.013504,
"total": 12.8843
}