{
"n": 134217728,
"size": 169,
"hull": 19,
"seed": 0,
"copy2device": 165.743,
"find_extremes": 4.79066,
"find_corners": 13.469,
"find_points_in_Q": 5.79952,
"compaction": 5.19194,
"copy2host": 0.018336,
"filter": 29.307,
"delete": 0,
"preparation": 0.028192,
"cgal_convex_hull": 0.018656,
"total": 29.3257
}