{
"n": 201326592,
"size": 130,
"hull": 24,
"seed": 0,
"copy2device": 224.044,
"find_extremes": 9.91888,
"find_corners": 33.5933,
"find_points_in_Q": 0.004096,
"compaction": 19.7467,
"copy2host": 0.022976,
"filter": 63.3568,
"delete": 0,
"preparation": 0.005152,
"cgal_convex_hull": 0.016128,
"total": 63.3729
}