{
"n": 134217728,
"size": 13995,
"hull": 45,
"seed": 0,
"copy2device": 188.761,
"find_extremes": 7.00566,
"find_corners": 14.0185,
"find_points_in_Q": 0.001024,
"compaction": 4.32416,
"copy2host": 0.02768,
"delete": 0,
"preparation": 0.036192,
"cgal_convex_hull": 1.30256,
"total": 26.6796
}