{
"n": 301989888,
"size": 174,
"hull": 20,
"seed": 0,
"copy2device": 355.247,
"find_extremes": 14.254,
"find_corners": 20.7772,
"find_points_in_Q": 5.82842,
"compaction": 6.01677,
"copy2host": 0.01824,
"filter": 46.9321,
"delete": 0,
"preparation": 0.034816,
"cgal_convex_hull": 0.019968,
"total": 46.9521
}