{
"n": 134217728,
"size": 196,
"hull": 24,
"seed": 0,
"copy2device": 171.341,
"find_extremes": 9.30166,
"find_corners": 8.53923,
"find_points_in_Q": 2.93056,
"compaction": 2.62112,
"copy2host": 0.017728,
"filter": 23.4492,
"delete": 0,
"preparation": 0.08064,
"cgal_convex_hull": 0.023968,
"total": 23.4732
}