{
"n": 234881024,
"size": 271,
"hull": 23,
"seed": 0,
"copy2device": 268.964,
"find_extremes": 31.6421,
"find_corners": 25.7833,
"find_points_in_Q": 0.004096,
"compaction": 6.56413,
"copy2host": 0.02128,
"filter": 64.0862,
"delete": 0,
"preparation": 0.005088,
"cgal_convex_hull": 0.025728,
"total": 64.1119
}