{
"n": 805306368,
"size": 745,
"hull": 23,
"seed": 0,
"copy2device": 663.413,
"find_extremes": 20.6982,
"find_corners": 80.3506,
"find_points_in_Q": 16.1418,
"compaction": 14.1704,
"copy2host": 900.591,
"delete": 0,
"preparation": 0.106528,
"cgal_convex_hull": 0.058336,
"total": 1032.01
}