{
"n": 301989888,
"size": 112,
"hull": 20,
"seed": 0,
"copy2device": 368.42,
"find_extremes": 12.3819,
"find_corners": 20.6726,
"find_points_in_Q": 9.89379,
"compaction": 7.99558,
"copy2host": 0.018528,
"filter": 50.9996,
"delete": 0,
"preparation": 0.020384,
"cgal_convex_hull": 0.015168,
"total": 51.0148
}