{
"n": 234881024,
"size": 110,
"hull": 25,
"seed": 0,
"copy2device": 285.981,
"find_extremes": 7.26573,
"find_corners": 13.779,
"find_points_in_Q": 4.74864,
"compaction": 4.38115,
"copy2host": 0.018144,
"filter": 30.2309,
"delete": 0,
"preparation": 0.020384,
"cgal_convex_hull": 0.016352,
"total": 30.2473
}