{
"n": 536870912,
"size": 102,
"hull": 16,
"seed": 0,
"copy2device": 632.999,
"find_extremes": 18.6665,
"find_corners": 29.2321,
"find_points_in_Q": 0.004096,
"compaction": 14.7764,
"copy2host": 0.02,
"filter": 62.7659,
"delete": 0,
"preparation": 0.005056,
"cgal_convex_hull": 0.016576,
"total": 62.7825
}