{
"n": 100663296,
"size": 142,
"hull": 20,
"seed": 0,
"copy2device": 108.035,
"find_extremes": 8.34429,
"find_corners": 8.86067,
"find_points_in_Q": 0.004096,
"compaction": 5.45421,
"copy2host": 0.020768,
"filter": 22.7511,
"delete": 0,
"preparation": 0.005056,
"cgal_convex_hull": 0.01776,
"total": 22.7689
}