{
"n": 671088640,
"size": 80,
"hull": 14,
"seed": 0,
"copy2device": 746.095,
"find_extremes": 26.8413,
"find_corners": 40.8177,
"find_points_in_Q": 0.004096,
"compaction": 21.8124,
"copy2host": 0.02048,
"filter": 89.5635,
"delete": 0,
"preparation": 0.005024,
"cgal_convex_hull": 0.012736,
"total": 89.5763
}