{
"n": 536870912,
"size": 115,
"hull": 22,
"seed": 0,
"copy2device": 592.41,
"find_extremes": 24.3856,
"find_corners": 31.7174,
"find_points_in_Q": 0.004096,
"compaction": 18.4426,
"copy2host": 0.019936,
"filter": 74.6386,
"delete": 0,
"preparation": 0.005024,
"cgal_convex_hull": 0.016032,
"total": 74.6547
}