{
"n": 100663296,
"size": 145,
"hull": 20,
"seed": 0,
"copy2device": 66.0219,
"find_extremes": 5.42918,
"find_corners": 10.6344,
"find_points_in_Q": 0.00192,
"compaction": 2.48842,
"copy2host": 0.016352,
"delete": 0,
"preparation": 0.002368,
"cgal_convex_hull": 0.015456,
"total": 18.5858
}