{
"n": 469762048,
"size": 94,
"hull": 19,
"seed": 0,
"copy2device": 571.87,
"find_extremes": 41.7222,
"find_corners": 40.6213,
"find_points_in_Q": 22.3005,
"compaction": 34.6414,
"copy2host": 0.018432,
"filter": 139.344,
"delete": 0,
"preparation": 0.022144,
"cgal_convex_hull": 0.014176,
"total": 139.358
}