{
"n": 805306368,
"size": 31577,
"hull": 33,
"seed": 0,
"copy2device": 654.429,
"find_extremes": 38.1887,
"find_corners": 80.6502,
"find_points_in_Q": 0.001024,
"compaction": 18.7006,
"copy2host": 0.050976,
"delete": 0,
"preparation": 0.070784,
"cgal_convex_hull": 3.10173,
"total": 140.693
}