{
"n": 301989888,
"size": 274,
"hull": 18,
"seed": 0,
"copy2device": 330.569,
"find_extremes": 14.0692,
"find_corners": 21.5398,
"find_points_in_Q": 0.004096,
"compaction": 8.06211,
"copy2host": 0.021024,
"filter": 43.7636,
"delete": 0,
"preparation": 0.006816,
"cgal_convex_hull": 0.02432,
"total": 43.7879
}