{
"n": 402653184,
"size": 211,
"hull": 21,
"seed": 0,
"copy2device": 493.691,
"find_extremes": 14.3157,
"find_corners": 25.466,
"find_points_in_Q": 7.62963,
"compaction": 7.17325,
"copy2host": 0.018592,
"filter": 54.6415,
"delete": 0,
"preparation": 0.033248,
"cgal_convex_hull": 0.023168,
"total": 54.6646
}