{
"n": 268435456,
"size": 124,
"hull": 21,
"seed": 0,
"copy2device": 350.763,
"find_extremes": 14.4966,
"find_corners": 19.419,
"find_points_in_Q": 5.30445,
"compaction": 8.78074,
"copy2host": 0.018368,
"filter": 48.0576,
"delete": 0,
"preparation": 0.0256,
"cgal_convex_hull": 0.01552,
"total": 48.0732
}