{
"n": 67108864,
"size": 186,
"hull": 19,
"seed": 0,
"copy2device": 89.8221,
"find_extremes": 3.14413,
"find_corners": 5.06582,
"find_points_in_Q": 1.7089,
"compaction": 1.45248,
"copy2host": 0.015584,
"filter": 11.424,
"delete": 0,
"preparation": 0.02832,
"cgal_convex_hull": 0.020608,
"total": 11.4446
}