{
"n": 805306368,
"size": 118,
"hull": 20,
"seed": 0,
"copy2device": 605.149,
"find_extremes": 38.2124,
"find_corners": 80.7393,
"find_points_in_Q": 0.001024,
"compaction": 18.7281,
"copy2host": 0.01424,
"delete": 0,
"preparation": 0.002784,
"cgal_convex_hull": 0.01536,
"total": 137.71
}