{
"n": 301989888,
"size": 55,
"hull": 22,
"seed": 0,
"copy2device": 334.519,
"find_extremes": 11.2775,
"find_corners": 20.7247,
"find_points_in_Q": 0.004096,
"compaction": 9.05283,
"copy2host": 0.019968,
"filter": 41.1485,
"delete": 0,
"preparation": 0.00496,
"cgal_convex_hull": 0.01136,
"total": 41.1599
}