{
"n": 503316480,
"size": 70,
"hull": 15,
"seed": 0,
"copy2device": 557.748,
"find_extremes": 17.9198,
"find_corners": 30.9514,
"find_points_in_Q": 0.004096,
"compaction": 13.5939,
"copy2host": 0.019328,
"filter": 62.5576,
"delete": 0,
"preparation": 0.00496,
"cgal_convex_hull": 0.012288,
"total": 62.5699
}