{
"n": 436207616,
"size": 400,
"hull": 20,
"seed": 0,
"copy2device": 524.282,
"find_extremes": 12.1068,
"find_corners": 25.77,
"find_points_in_Q": 8.00163,
"compaction": 7.80672,
"copy2host": 0.018112,
"filter": 53.7417,
"delete": 0,
"preparation": 0.059072,
"cgal_convex_hull": 0.037856,
"total": 53.7796
}