{
"n": 167772160,
"size": 89,
"hull": 18,
"seed": 0,
"copy2device": 200.423,
"find_extremes": 5.61389,
"find_corners": 10.2949,
"find_points_in_Q": 3.50141,
"compaction": 3.21651,
"copy2host": 0.017216,
"filter": 22.6826,
"delete": 0,
"preparation": 0.017408,
"cgal_convex_hull": 0.014656,
"total": 22.6973
}