{
"n": 402653184,
"size": 263,
"hull": 21,
"seed": 0,
"copy2device": 443.538,
"find_extremes": 16.9389,
"find_corners": 22.4061,
"find_points_in_Q": 0.004096,
"compaction": 11.1394,
"copy2host": 0.020704,
"filter": 50.5773,
"delete": 0,
"preparation": 0.006592,
"cgal_convex_hull": 0.027328,
"total": 50.6046
}