{
"n": 671088640,
"size": 75,
"hull": 22,
"seed": 0,
"copy2device": 759.86,
"find_extremes": 23.1585,
"find_corners": 36.1974,
"find_points_in_Q": 0.004096,
"compaction": 18.4866,
"copy2host": 0.020096,
"filter": 77.9371,
"delete": 0,
"preparation": 0.005056,
"cgal_convex_hull": 0.013568,
"total": 77.9507
}