{
"n": 268435456,
"size": 549,
"hull": 25,
"seed": 0,
"copy2device": 328.409,
"find_extremes": 10.1335,
"find_corners": 18.5277,
"find_points_in_Q": 6.21533,
"compaction": 5.10541,
"copy2host": 0.018272,
"filter": 40.0386,
"delete": 0,
"preparation": 0.077856,
"cgal_convex_hull": 0.046496,
"total": 40.0851
}