{
"n": 301989888,
"size": 131,
"hull": 21,
"seed": 0,
"copy2device": 334.544,
"find_extremes": 13.6686,
"find_corners": 17.1991,
"find_points_in_Q": 0.004096,
"compaction": 8.55542,
"copy2host": 0.021792,
"filter": 39.5181,
"delete": 0,
"preparation": 0.005056,
"cgal_convex_hull": 0.017344,
"total": 39.5355
}