{
"n": 469762048,
"size": 461,
"hull": 21,
"seed": 0,
"copy2device": 572.999,
"find_extremes": 31.2663,
"find_corners": 34.7136,
"find_points_in_Q": 12.4006,
"compaction": 10.092,
"copy2host": 0.018176,
"filter": 88.5293,
"delete": 0,
"preparation": 0.066976,
"cgal_convex_hull": 0.036512,
"total": 88.5658
}