{
"n": 301989888,
"size": 84,
"hull": 19,
"seed": 0,
"copy2device": 332.423,
"find_extremes": 13.5719,
"find_corners": 22.6386,
"find_points_in_Q": 0.004096,
"compaction": 8.56067,
"copy2host": 0.023648,
"filter": 44.8692,
"delete": 0,
"preparation": 0.005152,
"cgal_convex_hull": 0.014208,
"total": 44.8834
}