{
"n": 301989888,
"size": 155,
"hull": 22,
"seed": 0,
"copy2device": 183.652,
"find_extremes": 8.22314,
"find_corners": 30.5797,
"find_points_in_Q": 6.15984,
"compaction": 5.40077,
"copy2host": 345.597,
"delete": 0,
"preparation": 0.01312,
"cgal_convex_hull": 0.017312,
"total": 395.978
}