{
"n": 704643072,
"size": 111,
"hull": 22,
"seed": 0,
"copy2device": 836.144,
"find_extremes": 26.0449,
"find_corners": 54.2341,
"find_points_in_Q": 0.004096,
"compaction": 19.0974,
"copy2host": 0.02016,
"filter": 99.4699,
"delete": 0,
"preparation": 0.005152,
"cgal_convex_hull": 0.0152,
"total": 99.4851
}