{
"n": 369098752,
"size": 78,
"hull": 20,
"seed": 0,
"copy2device": 409.192,
"find_extremes": 17.3388,
"find_corners": 30.5971,
"find_points_in_Q": 0.004096,
"compaction": 13.9047,
"copy2host": 0.020704,
"filter": 61.934,
"delete": 0,
"preparation": 0.005088,
"cgal_convex_hull": 0.012832,
"total": 61.9469
}