{
"n": 570425344,
"size": 117,
"hull": 25,
"seed": 0,
"copy2device": 668.35,
"find_extremes": 19.95,
"find_corners": 33.0486,
"find_points_in_Q": 0.004096,
"compaction": 23.2048,
"copy2host": 0.020224,
"filter": 76.2962,
"delete": 0,
"preparation": 0.005056,
"cgal_convex_hull": 0.016384,
"total": 76.3126
}