{
"n": 503316480,
"size": 245,
"hull": 18,
"seed": 0,
"copy2device": 560.039,
"find_extremes": 24.9992,
"find_corners": 37.3187,
"find_points_in_Q": 0.004096,
"compaction": 15.7472,
"copy2host": 0.02704,
"filter": 78.165,
"delete": 0,
"preparation": 0.005024,
"cgal_convex_hull": 0.02464,
"total": 78.1897
}