{
"n": 369098752,
"size": 40778,
"hull": 39,
"seed": 0,
"copy2device": 400.329,
"find_extremes": 9.90224,
"find_corners": 37.0297,
"find_points_in_Q": 7.42842,
"compaction": 6.59555,
"copy2host": 425.062,
"delete": 0,
"preparation": 16.1829,
"cgal_convex_hull": 4.24042,
"total": 490.258
}