{
"n": 167772160,
"size": 148,
"hull": 19,
"seed": 0,
"copy2device": 182.319,
"find_extremes": 6.98477,
"find_corners": 10.2523,
"find_points_in_Q": 0.004096,
"compaction": 4.8209,
"copy2host": 0.021088,
"filter": 22.1494,
"delete": 0,
"preparation": 0.005024,
"cgal_convex_hull": 0.017824,
"total": 22.1672
}