{
"n": 570425344,
"size": 91,
"hull": 17,
"seed": 0,
"copy2device": 684.203,
"find_extremes": 28.4769,
"find_corners": 36.8241,
"find_points_in_Q": 0.004096,
"compaction": 16.1854,
"copy2host": 0.024032,
"filter": 81.5836,
"delete": 0,
"preparation": 0.004992,
"cgal_convex_hull": 0.015296,
"total": 81.5989
}