{
"n": 704643072,
"size": 46,
"hull": 16,
"seed": 0,
"copy2device": 909.301,
"find_extremes": 23.7427,
"find_corners": 39.7868,
"find_points_in_Q": 12.8897,
"compaction": 12.6473,
"copy2host": 0.018464,
"filter": 89.1239,
"delete": 0,
"preparation": 0.020128,
"cgal_convex_hull": 0.011808,
"total": 89.1357
}