{
"n": 134217728,
"size": 102,
"hull": 15,
"seed": 0,
"copy2device": 153.816,
"find_extremes": 10.0833,
"find_corners": 10.2902,
"find_points_in_Q": 0.004096,
"compaction": 3.86966,
"copy2host": 0.019392,
"filter": 24.3345,
"delete": 0,
"preparation": 0.005088,
"cgal_convex_hull": 0.014624,
"total": 24.3491
}