{
"n": 637534208,
"size": 50,
"hull": 14,
"seed": 0,
"copy2device": 745.553,
"find_extremes": 22.177,
"find_corners": 34.516,
"find_points_in_Q": 0.004096,
"compaction": 17.4584,
"copy2host": 0.020032,
"filter": 74.2449,
"delete": 0,
"preparation": 0.005056,
"cgal_convex_hull": 0.0104,
"total": 74.2553
}