{
"n": 1006632960,
"size": 139,
"hull": 16,
"seed": 0,
"copy2device": 711.499,
"find_extremes": 25.6789,
"find_corners": 99.3198,
"find_points_in_Q": 19.3704,
"compaction": 17.6287,
"copy2host": 1089.57,
"delete": 0,
"preparation": 0.027488,
"cgal_convex_hull": 0.01584,
"total": 1251.58
}