{
"n": 570425344,
"size": 182,
"hull": 27,
"seed": 0,
"copy2device": 686.223,
"find_extremes": 33.3972,
"find_corners": 41.5898,
"find_points_in_Q": 0.004096,
"compaction": 20.5243,
"copy2host": 0.02112,
"filter": 95.6053,
"delete": 0,
"preparation": 0.006112,
"cgal_convex_hull": 0.022048,
"total": 95.6273
}