{
"n": 704643072,
"size": 143,
"hull": 20,
"seed": 0,
"copy2device": 542.934,
"find_extremes": 18.264,
"find_corners": 70.4872,
"find_points_in_Q": 13.6971,
"compaction": 12.4501,
"copy2host": 745.781,
"delete": 0,
"preparation": 0.037888,
"cgal_convex_hull": 0.016448,
"total": 860.696
}