{
"n": 33554432,
"size": 418,
"hull": 21,
"seed": 0,
"copy2device": 42.139,
"find_extremes": 2.81722,
"find_corners": 8.2535,
"find_points_in_Q": 1.1343,
"compaction": 0.927584,
"copy2host": 0.016096,
"filter": 13.1847,
"delete": 0,
"preparation": 0.050496,
"cgal_convex_hull": 0.036384,
"total": 13.2211
}