{
"n": 268435456,
"size": 157,
"hull": 20,
"seed": 0,
"copy2device": 298.161,
"find_extremes": 14.8007,
"find_corners": 28.3607,
"find_points_in_Q": 0.004096,
"compaction": 7.7208,
"copy2host": 0.020832,
"filter": 50.975,
"delete": 0,
"preparation": 0.00496,
"cgal_convex_hull": 0.017504,
"total": 50.9925
}