{
"n": 100663296,
"size": 139,
"hull": 21,
"seed": 0,
"copy2device": 112.419,
"find_extremes": 15.0522,
"find_corners": 18.3388,
"find_points_in_Q": 0.004096,
"compaction": 9.79811,
"copy2host": 0.021216,
"filter": 43.2853,
"delete": 0,
"preparation": 0.005088,
"cgal_convex_hull": 0.01744,
"total": 43.3028
}