{
"n": 335544320,
"size": 15231,
"hull": 40,
"seed": 0,
"copy2device": 316.97,
"find_extremes": 9.06496,
"find_corners": 33.7581,
"find_points_in_Q": 6.69014,
"compaction": 5.95155,
"copy2host": 379.7,
"delete": 0,
"preparation": 5.66624,
"cgal_convex_hull": 1.54253,
"total": 436.707
}