{
"n": 469762048,
"size": 289,
"hull": 21,
"seed": 0,
"copy2device": 530.255,
"find_extremes": 32.587,
"find_corners": 38.8372,
"find_points_in_Q": 0.004096,
"compaction": 22.9931,
"copy2host": 0.02128,
"filter": 94.5126,
"delete": 0,
"preparation": 0.006592,
"cgal_convex_hull": 0.02832,
"total": 94.5409
}