{
"n": 167772160,
"size": 7886,
"hull": 36,
"seed": 0,
"copy2device": 181.605,
"find_extremes": 4.89046,
"find_corners": 17.3252,
"find_points_in_Q": 3.4911,
"compaction": 3.08717,
"copy2host": 186.603,
"delete": 0,
"preparation": 3.66755,
"cgal_convex_hull": 0.772384,
"total": 216.169
}