{
"n": 570425344,
"size": 120,
"hull": 22,
"seed": 0,
"copy2device": 637.723,
"find_extremes": 26.7499,
"find_corners": 31.0395,
"find_points_in_Q": 0.004096,
"compaction": 15.6409,
"copy2host": 0.020544,
"filter": 73.5229,
"delete": 0,
"preparation": 0.004992,
"cgal_convex_hull": 0.015968,
"total": 73.5388
}