{
"n": 469762048,
"size": 98,
"hull": 20,
"seed": 0,
"copy2device": 552.702,
"find_extremes": 29.3967,
"find_corners": 36.7585,
"find_points_in_Q": 0.004096,
"compaction": 13.5089,
"copy2host": 0.019552,
"filter": 79.7567,
"delete": 0,
"preparation": 0.005024,
"cgal_convex_hull": 0.014144,
"total": 79.7709
}