{
"n": 268435456,
"size": 140,
"hull": 23,
"seed": 0,
"copy2device": 298.944,
"find_extremes": 13.5227,
"find_corners": 22.6284,
"find_points_in_Q": 0.004096,
"compaction": 7.65261,
"copy2host": 0.023808,
"filter": 43.901,
"delete": 0,
"preparation": 0.0064,
"cgal_convex_hull": 0.019136,
"total": 43.9201
}