{
"n": 536870912,
"size": 84,
"hull": 22,
"seed": 0,
"copy2device": 634.055,
"find_extremes": 18.8481,
"find_corners": 32.639,
"find_points_in_Q": 0.004096,
"compaction": 18.9281,
"copy2host": 0.020032,
"filter": 70.5076,
"delete": 0,
"preparation": 0.005056,
"cgal_convex_hull": 0.013408,
"total": 70.521
}