{
"n": 436207616,
"size": 64,
"hull": 20,
"seed": 0,
"copy2device": 573.857,
"find_extremes": 26.4966,
"find_corners": 26.5021,
"find_points_in_Q": 8.2495,
"compaction": 7.76755,
"copy2host": 0.018368,
"filter": 69.0735,
"delete": 0,
"preparation": 0.014528,
"cgal_convex_hull": 0.012608,
"total": 69.0861
}