{
"n": 268435456,
"size": 104,
"hull": 24,
"seed": 0,
"copy2device": 335.278,
"find_extremes": 10.912,
"find_corners": 21.1834,
"find_points_in_Q": 5.2689,
"compaction": 4.96019,
"copy2host": 0.017888,
"filter": 42.3787,
"delete": 0,
"preparation": 0.019936,
"cgal_convex_hull": 0.016128,
"total": 42.3948
}