{
"n": 201326592,
"size": 141,
"hull": 23,
"seed": 0,
"copy2device": 135.15,
"find_extremes": 10.1203,
"find_corners": 20.6418,
"find_points_in_Q": 0.001984,
"compaction": 4.83158,
"copy2host": 0.014016,
"delete": 0,
"preparation": 0.003072,
"cgal_convex_hull": 0.0144,
"total": 35.624
}