{
"n": 33554432,
"size": 68,
"hull": 23,
"seed": 0,
"copy2device": 39.4727,
"find_extremes": 2.77926,
"find_corners": 3.34566,
"find_points_in_Q": 1.10963,
"compaction": 0.885504,
"copy2host": 0.016064,
"filter": 8.17245,
"delete": 0,
"preparation": 0.012448,
"cgal_convex_hull": 0.01216,
"total": 8.18461
}