{
"n": 268435456,
"size": 19881,
"hull": 46,
"seed": 0,
"copy2device": 178.064,
"find_extremes": 13.2534,
"find_corners": 27.2384,
"find_points_in_Q": 0.002048,
"compaction": 6.35898,
"copy2host": 0.040736,
"delete": 0,
"preparation": 0.054368,
"cgal_convex_hull": 2.02883,
"total": 48.9224
}