{
"n": 33554432,
"size": 56,
"hull": 16,
"seed": 0,
"copy2device": 15.2245,
"find_extremes": 1.49776,
"find_corners": 3.93536,
"find_points_in_Q": 0.774016,
"compaction": 0.708416,
"copy2host": 46.17,
"delete": 0,
"preparation": 0.00608,
"cgal_convex_hull": 0.010912,
"total": 53.0965
}