{
"n": 704643072,
"size": 727,
"hull": 20,
"seed": 0,
"copy2device": 541.724,
"find_extremes": 18.2131,
"find_corners": 70.3456,
"find_points_in_Q": 13.9869,
"compaction": 12.4652,
"copy2host": 812.334,
"delete": 0,
"preparation": 0.151168,
"cgal_convex_hull": 0.058784,
"total": 927.403
}