{
"n": 905969664,
"size": 212,
"hull": 19,
"seed": 0,
"copy2device": 674.421,
"find_extremes": 42.8879,
"find_corners": 90.626,
"find_points_in_Q": 0.001024,
"compaction": 21.0412,
"copy2host": 0.015104,
"delete": 0,
"preparation": 0.005824,
"cgal_convex_hull": 0.018528,
"total": 154.59
}