{
"n": 234881024,
"size": 8314,
"hull": 35,
"seed": 0,
"copy2device": 158.827,
"find_extremes": 11.7133,
"find_corners": 23.9648,
"find_points_in_Q": 0.001024,
"compaction": 5.62614,
"copy2host": 0.023872,
"delete": 0,
"preparation": 0.029376,
"cgal_convex_hull": 0.81136,
"total": 42.1405
}