{
"n": 570425344,
"size": 106,
"hull": 19,
"seed": 0,
"copy2device": 682.972,
"find_extremes": 34.067,
"find_corners": 30.9832,
"find_points_in_Q": 0.004096,
"compaction": 15.6852,
"copy2host": 0.019616,
"filter": 80.8284,
"delete": 0,
"preparation": 0.004992,
"cgal_convex_hull": 0.015456,
"total": 80.8438
}