{
"n": 704643072,
"size": 125,
"hull": 21,
"seed": 0,
"copy2device": 909.222,
"find_extremes": 35.9674,
"find_corners": 38.1629,
"find_points_in_Q": 12.8284,
"compaction": 12.6094,
"copy2host": 0.018496,
"filter": 99.6283,
"delete": 0,
"preparation": 0.028608,
"cgal_convex_hull": 0.017248,
"total": 99.6455
}