{
"n": 33554432,
"size": 133,
"hull": 21,
"seed": 0,
"copy2device": 20.026,
"find_extremes": 2.32195,
"find_corners": 3.88915,
"find_points_in_Q": 0.002048,
"compaction": 0.966944,
"copy2host": 0.013664,
"delete": 0,
"preparation": 0.003552,
"cgal_convex_hull": 0.013216,
"total": 7.20698
}