{
"n": 469762048,
"size": 27214,
"hull": 31,
"seed": 0,
"copy2device": 619.133,
"find_extremes": 22.6374,
"find_corners": 47.316,
"find_points_in_Q": 0.001024,
"compaction": 11.0226,
"copy2host": 0.042976,
"delete": 0,
"preparation": 0.070848,
"cgal_convex_hull": 2.76355,
"total": 83.7835
}