{
"n": 436207616,
"size": 91,
"hull": 19,
"seed": 0,
"copy2device": 487.59,
"find_extremes": 15.973,
"find_corners": 26.9507,
"find_points_in_Q": 0.004096,
"compaction": 11.9268,
"copy2host": 0.020256,
"filter": 54.9428,
"delete": 0,
"preparation": 0.004992,
"cgal_convex_hull": 0.014496,
"total": 54.9573
}