{
"n": 436207616,
"size": 124,
"hull": 25,
"seed": 0,
"copy2device": 499.617,
"find_extremes": 15.9211,
"find_corners": 33.8483,
"find_points_in_Q": 0.004096,
"compaction": 12.284,
"copy2host": 0.019936,
"filter": 62.1454,
"delete": 0,
"preparation": 0.005056,
"cgal_convex_hull": 0.016992,
"total": 62.1624
}