{
"n": 100663296,
"size": 359,
"hull": 25,
"seed": 0,
"copy2device": 112.689,
"find_extremes": 14.3267,
"find_corners": 13.0611,
"find_points_in_Q": 0.004096,
"compaction": 5.188,
"copy2host": 0.021472,
"filter": 32.6718,
"delete": 0,
"preparation": 0.005088,
"cgal_convex_hull": 0.030848,
"total": 32.7026
}