{
"n": 268435456,
"size": 554,
"hull": 28,
"seed": 0,
"copy2device": 327.002,
"find_extremes": 22.0475,
"find_corners": 15.5582,
"find_points_in_Q": 8.10227,
"compaction": 4.94595,
"copy2host": 0.0184,
"filter": 50.7122,
"delete": 0,
"preparation": 0.075456,
"cgal_convex_hull": 0.044448,
"total": 50.7567
}