{
"n": 704643072,
"size": 98,
"hull": 17,
"seed": 0,
"copy2device": 823.885,
"find_extremes": 59.5921,
"find_corners": 84.2844,
"find_points_in_Q": 0.004096,
"compaction": 27.0588,
"copy2host": 0.020512,
"filter": 171.032,
"delete": 0,
"preparation": 0.00496,
"cgal_convex_hull": 0.017088,
"total": 171.049
}