{
"n": 234881024,
"size": 135,
"hull": 20,
"seed": 0,
"copy2device": 175.285,
"find_extremes": 11.6995,
"find_corners": 24.0384,
"find_points_in_Q": 0.002048,
"compaction": 5.60662,
"copy2host": 0.014304,
"delete": 0,
"preparation": 0.003776,
"cgal_convex_hull": 0.015104,
"total": 41.376
}