{
"n": 771751936,
"size": 371,
"hull": 17,
"seed": 0,
"copy2device": 528.706,
"find_extremes": 36.6622,
"find_corners": 77.4205,
"find_points_in_Q": 0.002048,
"compaction": 17.9093,
"copy2host": 0.01488,
"delete": 0,
"preparation": 0.003456,
"cgal_convex_hull": 0.029024,
"total": 132.038
}