{
"n": 939524096,
"size": 221,
"hull": 28,
"seed": 0,
"copy2device": 745.193,
"find_extremes": 44.4447,
"find_corners": 94.0114,
"find_points_in_Q": 0.001024,
"compaction": 21.756,
"copy2host": 0.015776,
"delete": 0,
"preparation": 0.007488,
"cgal_convex_hull": 0.021088,
"total": 160.25
}