{
"n": 33554432,
"size": 119,
"hull": 17,
"seed": 0,
"copy2device": 37.3796,
"find_extremes": 4.23037,
"find_corners": 4.65101,
"find_points_in_Q": 0.004096,
"compaction": 3.88538,
"copy2host": 0.01808,
"filter": 12.8537,
"delete": 0,
"preparation": 0.005216,
"cgal_convex_hull": 0.015072,
"total": 12.8688
}