{
"n": 134217728,
"size": 61,
"hull": 19,
"seed": 0,
"copy2device": 168.424,
"find_extremes": 4.75082,
"find_corners": 8.49718,
"find_points_in_Q": 4.99504,
"compaction": 2.6201,
"copy2host": 0.018144,
"filter": 20.9169,
"delete": 0,
"preparation": 0.013248,
"cgal_convex_hull": 0.012864,
"total": 20.9297
}