{
"n": 33554432,
"size": 66,
"hull": 18,
"seed": 0,
"copy2device": 38.1807,
"find_extremes": 2.85523,
"find_corners": 3.25222,
"find_points_in_Q": 0.004096,
"compaction": 1.33437,
"copy2host": 0.017792,
"filter": 7.52778,
"delete": 0,
"preparation": 0.005216,
"cgal_convex_hull": 0.012,
"total": 7.53978
}