{
"n": 234881024,
"size": 104,
"hull": 15,
"seed": 0,
"copy2device": 285.47,
"find_extremes": 9.7279,
"find_corners": 13.7871,
"find_points_in_Q": 4.72016,
"compaction": 4.33997,
"copy2host": 0.018336,
"filter": 32.6315,
"delete": 0,
"preparation": 0.018592,
"cgal_convex_hull": 0.01456,
"total": 32.6461
}