{
"n": 939524096,
"size": 166,
"hull": 22,
"seed": 0,
"copy2device": 743.951,
"find_extremes": 24.0131,
"find_corners": 93.097,
"find_points_in_Q": 18.3526,
"compaction": 16.5059,
"copy2host": 1018.67,
"delete": 0,
"preparation": 0.035168,
"cgal_convex_hull": 0.01744,
"total": 1170.66
}