{
"n": 872415232,
"size": 478,
"hull": 20,
"seed": 0,
"copy2device": 701.756,
"find_extremes": 22.3664,
"find_corners": 86.3877,
"find_points_in_Q": 17.0216,
"compaction": 15.3659,
"copy2host": 915.235,
"delete": 0,
"preparation": 0.069664,
"cgal_convex_hull": 0.03952,
"total": 1056.42
}