{
"n": 536870912,
"size": 338,
"hull": 22,
"seed": 0,
"copy2device": 714.802,
"find_extremes": 16.1659,
"find_corners": 33.0888,
"find_points_in_Q": 9.78214,
"compaction": 9.84627,
"copy2host": 0.018304,
"filter": 68.94,
"delete": 0,
"preparation": 0.053536,
"cgal_convex_hull": 0.03584,
"total": 68.9759
}