{
"n": 570425344,
"size": 197,
"hull": 19,
"seed": 0,
"copy2device": 464.168,
"find_extremes": 14.8835,
"find_corners": 56.8447,
"find_points_in_Q": 11.3149,
"compaction": 10.1412,
"copy2host": 644.951,
"delete": 0,
"preparation": 0.045248,
"cgal_convex_hull": 0.020256,
"total": 738.156
}