{
"n": 469762048,
"size": 523,
"hull": 17,
"seed": 0,
"copy2device": 614.452,
"find_extremes": 16.1114,
"find_corners": 34.8029,
"find_points_in_Q": 11.4768,
"compaction": 8.5264,
"copy2host": 0.018336,
"filter": 70.9733,
"delete": 0,
"preparation": 0.13776,
"cgal_convex_hull": 0.041856,
"total": 71.0151
}