{
"n": 704643072,
"size": 652,
"hull": 24,
"seed": 0,
"copy2device": 598.858,
"find_extremes": 18.2098,
"find_corners": 70.4711,
"find_points_in_Q": 13.9502,
"compaction": 12.4546,
"copy2host": 775.456,
"delete": 0,
"preparation": 0.087424,
"cgal_convex_hull": 0.048448,
"total": 890.59
}