{
"n": 33554432,
"size": 36,
"hull": 17,
"seed": 0,
"copy2device": 36.4974,
"find_extremes": 6.42701,
"find_corners": 5.63917,
"find_points_in_Q": 0.004096,
"compaction": 1.41597,
"copy2host": 0.019776,
"filter": 13.569,
"delete": 0,
"preparation": 0.005088,
"cgal_convex_hull": 0.009536,
"total": 13.5785
}