{
"n": 369098752,
"size": 30015,
"hull": 41,
"seed": 0,
"copy2device": 350.959,
"find_extremes": 17.9488,
"find_corners": 37.3064,
"find_points_in_Q": 0.00192,
"compaction": 8.71312,
"copy2host": 0.045024,
"delete": 0,
"preparation": 0.069504,
"cgal_convex_hull": 3.11034,
"total": 67.1256
}