{
"n": 570425344,
"size": 129,
"hull": 22,
"seed": 0,
"copy2device": 724.257,
"find_extremes": 18.0743,
"find_corners": 35.0291,
"find_points_in_Q": 13.2146,
"compaction": 11.6631,
"copy2host": 0.018272,
"filter": 78.037,
"delete": 0,
"preparation": 0.028672,
"cgal_convex_hull": 0.0184,
"total": 78.0554
}