{
"n": 301989888,
"size": 45,
"hull": 20,
"seed": 0,
"copy2device": 333.439,
"find_extremes": 28.0685,
"find_corners": 24.8566,
"find_points_in_Q": 0.004096,
"compaction": 8.59638,
"copy2host": 0.01968,
"filter": 61.6152,
"delete": 0,
"preparation": 0.004992,
"cgal_convex_hull": 0.010624,
"total": 61.6258
}