{
"n": 167772160,
"size": 89,
"hull": 19,
"seed": 0,
"copy2device": 180.442,
"find_extremes": 11.8243,
"find_corners": 19.0484,
"find_points_in_Q": 0.004096,
"compaction": 7.77712,
"copy2host": 0.020544,
"filter": 38.743,
"delete": 0,
"preparation": 0.005024,
"cgal_convex_hull": 0.01344,
"total": 38.7564
}