{
"n": 1073741824,
"size": 294,
"hull": 22,
"seed": 0,
"copy2device": 824.264,
"find_extremes": 27.3944,
"find_corners": 105.909,
"find_points_in_Q": 20.6526,
"compaction": 18.8494,
"copy2host": 1091.76,
"delete": 0,
"preparation": 0.066432,
"cgal_convex_hull": 0.025344,
"total": 1264.59
}