{
"n": 167772160,
"size": 68,
"hull": 17,
"seed": 0,
"copy2device": 187.019,
"find_extremes": 30.4532,
"find_corners": 20.9777,
"find_points_in_Q": 0.004096,
"compaction": 11.9918,
"copy2host": 0.020384,
"filter": 63.5185,
"delete": 0,
"preparation": 0.005056,
"cgal_convex_hull": 0.012,
"total": 63.5305
}