{
"n": 704643072,
"size": 51,
"hull": 20,
"seed": 0,
"copy2device": 861.602,
"find_extremes": 18.4019,
"find_corners": 40.9537,
"find_points_in_Q": 15.9344,
"compaction": 16.9335,
"copy2host": 0.01904,
"filter": 92.2804,
"delete": 0,
"preparation": 0.02,
"cgal_convex_hull": 0.011744,
"total": 92.2921
}