{
"n": 167772160,
"size": 108,
"hull": 17,
"seed": 0,
"copy2device": 231.787,
"find_extremes": 6.77754,
"find_corners": 14.9887,
"find_points_in_Q": 3.5705,
"compaction": 8.06288,
"copy2host": 0.017056,
"filter": 33.4572,
"delete": 0,
"preparation": 0.018496,
"cgal_convex_hull": 0.014432,
"total": 33.4716
}