{
"n": 637534208,
"size": 113,
"hull": 23,
"seed": 0,
"copy2device": 826.012,
"find_extremes": 20.1204,
"find_corners": 35.163,
"find_points_in_Q": 14.4713,
"compaction": 14.454,
"copy2host": 0.018368,
"filter": 84.2655,
"delete": 0,
"preparation": 0.034784,
"cgal_convex_hull": 0.017344,
"total": 84.2829
}