{
"n": 134217728,
"size": 158,
"hull": 17,
"seed": 0,
"copy2device": 150.094,
"find_extremes": 5.91213,
"find_corners": 8.4777,
"find_points_in_Q": 0.004096,
"compaction": 4.01616,
"copy2host": 0.019456,
"filter": 18.4939,
"delete": 0,
"preparation": 0.005024,
"cgal_convex_hull": 0.017248,
"total": 18.5111
}