{
"n": 738197504,
"size": 244,
"hull": 18,
"seed": 0,
"copy2device": 810.459,
"find_extremes": 30.428,
"find_corners": 43.8497,
"find_points_in_Q": 0.004096,
"compaction": 21.0346,
"copy2host": 0.021824,
"filter": 95.4076,
"delete": 0,
"preparation": 0.00512,
"cgal_convex_hull": 0.025568,
"total": 95.4332
}