{
"n": 100663296,
"size": 140,
"hull": 23,
"seed": 0,
"copy2device": 123.679,
"find_extremes": 6.81405,
"find_corners": 10.956,
"find_points_in_Q": 5.33766,
"compaction": 3.59245,
"copy2host": 0.016416,
"filter": 26.7554,
"delete": 0,
"preparation": 0.023488,
"cgal_convex_hull": 0.01632,
"total": 26.7717
}