{
"n": 436207616,
"size": 33015,
"hull": 44,
"seed": 0,
"copy2device": 558.406,
"find_extremes": 11.5746,
"find_corners": 44.0338,
"find_points_in_Q": 8.81491,
"compaction": 7.736,
"copy2host": 527.962,
"delete": 0,
"preparation": 1.23235,
"cgal_convex_hull": 3.42102,
"total": 603.542
}