{
"n": 637534208,
"size": 246,
"hull": 22,
"seed": 0,
"copy2device": 709.179,
"find_extremes": 21.9667,
"find_corners": 34.4801,
"find_points_in_Q": 0.004096,
"compaction": 17.4333,
"copy2host": 0.021568,
"filter": 73.9769,
"delete": 0,
"preparation": 0.005696,
"cgal_convex_hull": 0.026176,
"total": 74.003
}