{
"n": 469762048,
"size": 33533,
"hull": 34,
"seed": 0,
"copy2device": 601.13,
"find_extremes": 12.3965,
"find_corners": 47.2489,
"find_points_in_Q": 9.18579,
"compaction": 8.31459,
"copy2host": 521.029,
"delete": 0,
"preparation": 8.46608,
"cgal_convex_hull": 3.40979,
"total": 601.585
}