{
"n": 536870912,
"size": 133,
"hull": 18,
"seed": 0,
"copy2device": 594.192,
"find_extremes": 23.3094,
"find_corners": 42.6312,
"find_points_in_Q": 0.004096,
"compaction": 16.558,
"copy2host": 0.021664,
"filter": 82.5924,
"delete": 0,
"preparation": 0.00512,
"cgal_convex_hull": 0.01648,
"total": 82.6089
}