{
"n": 738197504,
"size": 151,
"hull": 24,
"seed": 0,
"copy2device": 807.368,
"find_extremes": 26.1866,
"find_corners": 39.681,
"find_points_in_Q": 0.004096,
"compaction": 23.7666,
"copy2host": 0.02976,
"filter": 89.7409,
"delete": 0,
"preparation": 0.004992,
"cgal_convex_hull": 0.018048,
"total": 89.7589
}