{
"n": 603979776,
"size": 66,
"hull": 22,
"seed": 0,
"copy2device": 704.588,
"find_extremes": 53.7258,
"find_corners": 43.6357,
"find_points_in_Q": 0.004096,
"compaction": 21.8076,
"copy2host": 0.021312,
"filter": 119.261,
"delete": 0,
"preparation": 0.004992,
"cgal_convex_hull": 0.01248,
"total": 119.273
}