{
"n": 201326592,
"size": 136,
"hull": 21,
"seed": 0,
"copy2device": 248.233,
"find_extremes": 12.6828,
"find_corners": 16.2564,
"find_points_in_Q": 4.07616,
"compaction": 4.46947,
"copy2host": 0.017824,
"filter": 37.5404,
"delete": 0,
"preparation": 0.027936,
"cgal_convex_hull": 0.017312,
"total": 37.5578
}