{
"n": 134217728,
"size": 96,
"hull": 21,
"seed": 0,
"copy2device": 147.119,
"find_extremes": 5.8999,
"find_corners": 13.0693,
"find_points_in_Q": 0.004096,
"compaction": 6.8393,
"copy2host": 0.021024,
"filter": 25.9021,
"delete": 0,
"preparation": 0.005056,
"cgal_convex_hull": 0.015008,
"total": 25.9172
}