{
"n": 402653184,
"size": 134,
"hull": 20,
"seed": 0,
"copy2device": 482.584,
"find_extremes": 14.6001,
"find_corners": 22.7512,
"find_points_in_Q": 0.004096,
"compaction": 11.2113,
"copy2host": 0.020384,
"filter": 48.6553,
"delete": 0,
"preparation": 0.005024,
"cgal_convex_hull": 0.016384,
"total": 48.6716
}