{
"n": 1006632960,
"size": 132,
"hull": 28,
"seed": 0,
"copy2device": 841.194,
"find_extremes": 25.6581,
"find_corners": 99.468,
"find_points_in_Q": 19.3684,
"compaction": 17.6568,
"copy2host": 1237.15,
"delete": 0,
"preparation": 0.03408,
"cgal_convex_hull": 0.017728,
"total": 1399.32
}