{
"n": 637534208,
"size": 595,
"hull": 21,
"seed": 0,
"copy2device": 487.132,
"find_extremes": 30.4088,
"find_corners": 63.957,
"find_points_in_Q": 0.001024,
"compaction": 14.8624,
"copy2host": 0.016064,
"delete": 0,
"preparation": 0.00416,
"cgal_convex_hull": 0.039776,
"total": 109.285
}