{
"n": 301989888,
"size": 279,
"hull": 26,
"seed": 0,
"copy2device": 376.213,
"find_extremes": 10.5337,
"find_corners": 18.4603,
"find_points_in_Q": 5.75242,
"compaction": 5.47741,
"copy2host": 0.018112,
"filter": 40.2794,
"delete": 0,
"preparation": 0.05008,
"cgal_convex_hull": 0.025184,
"total": 40.3045
}