{
"n": 436207616,
"size": 25289,
"hull": 38,
"seed": 0,
"copy2device": 538.149,
"find_extremes": 21.076,
"find_corners": 44.1078,
"find_points_in_Q": 0.001024,
"compaction": 10.2019,
"copy2host": 0.045856,
"delete": 0,
"preparation": 0.061824,
"cgal_convex_hull": 2.58758,
"total": 78.0201
}