{
"n": 268435456,
"size": 60,
"hull": 18,
"seed": 0,
"copy2device": 181.514,
"find_extremes": 13.2573,
"find_corners": 27.3489,
"find_points_in_Q": 0.002048,
"compaction": 6.35312,
"copy2host": 0.01328,
"delete": 0,
"preparation": 0.002816,
"cgal_convex_hull": 0.011104,
"total": 46.9858
}