{
"n": 201326592,
"size": 529,
"hull": 21,
"seed": 0,
"copy2device": 246.561,
"find_extremes": 18.7674,
"find_corners": 18.2511,
"find_points_in_Q": 4.22765,
"compaction": 3.78934,
"copy2host": 0.023264,
"filter": 45.0917,
"delete": 0,
"preparation": 0.08736,
"cgal_convex_hull": 0.08384,
"total": 45.1756
}