{
"n": 536870912,
"size": 229,
"hull": 25,
"seed": 0,
"copy2device": 634.028,
"find_extremes": 37.153,
"find_corners": 38.7113,
"find_points_in_Q": 0.004096,
"compaction": 15.0305,
"copy2host": 0.023136,
"filter": 90.9909,
"delete": 0,
"preparation": 0.005056,
"cgal_convex_hull": 0.023776,
"total": 91.0147
}