{
"n": 201326592,
"size": 144,
"hull": 24,
"seed": 0,
"copy2device": 135.074,
"find_extremes": 10.115,
"find_corners": 20.6377,
"find_points_in_Q": 0.002048,
"compaction": 4.83866,
"copy2host": 0.014112,
"delete": 0,
"preparation": 0.002496,
"cgal_convex_hull": 0.016096,
"total": 35.6236
}