{
"n": 301989888,
"size": 99,
"hull": 19,
"seed": 0,
"copy2device": 331.791,
"find_extremes": 41.995,
"find_corners": 31.0129,
"find_points_in_Q": 0.004096,
"compaction": 12.5553,
"copy2host": 0.020704,
"filter": 85.6577,
"delete": 0,
"preparation": 0.005056,
"cgal_convex_hull": 0.014528,
"total": 85.6722
}