{
"n": 536870912,
"size": 300,
"hull": 21,
"seed": 0,
"copy2device": 656.936,
"find_extremes": 17.7473,
"find_corners": 30.3902,
"find_points_in_Q": 13.8331,
"compaction": 12.0866,
"copy2host": 0.018464,
"filter": 74.1142,
"delete": 0,
"preparation": 0.05024,
"cgal_convex_hull": 0.02912,
"total": 74.1433
}