{
"n": 335544320,
"size": 207,
"hull": 20,
"seed": 0,
"copy2device": 407.469,
"find_extremes": 12.7115,
"find_corners": 18.9902,
"find_points_in_Q": 10.0885,
"compaction": 6.1024,
"copy2host": 0.018272,
"filter": 47.948,
"delete": 0,
"preparation": 0.032064,
"cgal_convex_hull": 0.020608,
"total": 47.9686
}