{
"n": 335544320,
"size": 87,
"hull": 19,
"seed": 0,
"copy2device": 397.101,
"find_extremes": 20.1942,
"find_corners": 24.9231,
"find_points_in_Q": 0.004096,
"compaction": 10.8234,
"copy2host": 0.020672,
"filter": 56.0345,
"delete": 0,
"preparation": 0.00496,
"cgal_convex_hull": 0.01392,
"total": 56.0484
}