{
"n": 503316480,
"size": 53,
"hull": 19,
"seed": 0,
"copy2device": 591.071,
"find_extremes": 34.4942,
"find_corners": 66.1044,
"find_points_in_Q": 20.2415,
"compaction": 31.1564,
"copy2host": 0.017952,
"filter": 152.057,
"delete": 0,
"preparation": 0.012512,
"cgal_convex_hull": 0.012384,
"total": 152.07
}