{
"n": 469762048,
"size": 203,
"hull": 21,
"seed": 0,
"copy2device": 573.255,
"find_extremes": 41.4656,
"find_corners": 45.662,
"find_points_in_Q": 15.2902,
"compaction": 8.36947,
"copy2host": 0.018208,
"filter": 110.845,
"delete": 0,
"preparation": 0.035488,
"cgal_convex_hull": 0.023296,
"total": 110.868
}