{
"n": 234881024,
"size": 153,
"hull": 21,
"seed": 0,
"copy2device": 283.787,
"find_extremes": 7.51658,
"find_corners": 13.7756,
"find_points_in_Q": 4.7033,
"compaction": 9.81811,
"copy2host": 0.01792,
"filter": 35.8696,
"delete": 0,
"preparation": 0.026016,
"cgal_convex_hull": 0.018208,
"total": 35.8878
}