{
"n": 268435456,
"size": 61,
"hull": 20,
"seed": 0,
"copy2device": 348.477,
"find_extremes": 7.99568,
"find_corners": 15.4358,
"find_points_in_Q": 5.27949,
"compaction": 4.88304,
"copy2host": 0.018208,
"filter": 33.6489,
"delete": 0,
"preparation": 0.013568,
"cgal_convex_hull": 0.01264,
"total": 33.6615
}