{
"n": 671088640,
"size": 87,
"hull": 25,
"seed": 0,
"copy2device": 847.236,
"find_extremes": 17.7342,
"find_corners": 38.5531,
"find_points_in_Q": 16.3917,
"compaction": 16.4415,
"copy2host": 0.018432,
"filter": 89.1773,
"delete": 0,
"preparation": 0.019808,
"cgal_convex_hull": 0.015168,
"total": 89.1925
}