{
"n": 503316480,
"size": 204,
"hull": 20,
"seed": 0,
"copy2device": 561.267,
"find_extremes": 20.987,
"find_corners": 30.2459,
"find_points_in_Q": 0.004096,
"compaction": 18.3045,
"copy2host": 0.024384,
"filter": 69.635,
"delete": 0,
"preparation": 0.005152,
"cgal_convex_hull": 0.020864,
"total": 69.6559
}