{
"n": 67108864,
"size": 29,
"hull": 19,
"seed": 0,
"copy2device": 82.4156,
"find_extremes": 25.8996,
"find_corners": 9.3143,
"find_points_in_Q": 0.004096,
"compaction": 2.26125,
"copy2host": 0.020352,
"filter": 37.5672,
"delete": 0,
"preparation": 0.005024,
"cgal_convex_hull": 0.010624,
"total": 37.5778
}