{
"n": 201326592,
"size": 149,
"hull": 19,
"seed": 0,
"copy2device": 221.251,
"find_extremes": 18.0616,
"find_corners": 12.1372,
"find_points_in_Q": 4.11981,
"compaction": 3.77174,
"copy2host": 0.01856,
"filter": 38.1472,
"delete": 0,
"preparation": 0.026048,
"cgal_convex_hull": 0.016192,
"total": 38.1634
}