{
"n": 134217728,
"size": 13381,
"hull": 47,
"seed": 0,
"copy2device": 110.182,
"find_extremes": 5.65136,
"find_corners": 13.986,
"find_points_in_Q": 2.8209,
"compaction": 2.49907,
"copy2host": 136.714,
"delete": 0,
"preparation": 3.8296,
"cgal_convex_hull": 1.31395,
"total": 162.985
}