{
"n": 570425344,
"size": 196,
"hull": 21,
"seed": 0,
"copy2device": 753.898,
"find_extremes": 21.1566,
"find_corners": 35.7007,
"find_points_in_Q": 13.2375,
"compaction": 10.3386,
"copy2host": 0.018784,
"filter": 80.49,
"delete": 0,
"preparation": 0.032032,
"cgal_convex_hull": 0.025888,
"total": 80.5159
}