{
"n": 335544320,
"size": 79,
"hull": 22,
"seed": 0,
"copy2device": 204.963,
"find_extremes": 9.0784,
"find_corners": 33.8981,
"find_points_in_Q": 6.8095,
"compaction": 5.97536,
"copy2host": 410.766,
"delete": 0,
"preparation": 0.009056,
"cgal_convex_hull": 0.01408,
"total": 466.541
}