{
"n": 469762048,
"size": 198,
"hull": 21,
"seed": 0,
"copy2device": 514.043,
"find_extremes": 44.6282,
"find_corners": 51.6895,
"find_points_in_Q": 0.004096,
"compaction": 17.7654,
"copy2host": 0.02304,
"filter": 114.181,
"delete": 0,
"preparation": 0.005024,
"cgal_convex_hull": 0.02192,
"total": 114.203
}