{
"n": 100663296,
"size": 77,
"hull": 15,
"seed": 0,
"copy2device": 122.942,
"find_extremes": 5.33376,
"find_corners": 9.60502,
"find_points_in_Q": 2.32362,
"compaction": 2.05661,
"copy2host": 0.017152,
"filter": 19.3724,
"delete": 0,
"preparation": 0.014496,
"cgal_convex_hull": 0.01248,
"total": 19.3849
}