{
"n": 134217728,
"size": 62,
"hull": 21,
"seed": 0,
"copy2device": 76.4576,
"find_extremes": 3.96634,
"find_corners": 13.98,
"find_points_in_Q": 2.82387,
"compaction": 2.50307,
"copy2host": 170.213,
"delete": 0,
"preparation": 0.007456,
"cgal_convex_hull": 0.01168,
"total": 193.498
}