{
"n": 201326592,
"size": 176,
"hull": 23,
"seed": 0,
"copy2device": 224.185,
"find_extremes": 12.5654,
"find_corners": 15.8894,
"find_points_in_Q": 0.004096,
"compaction": 8.93395,
"copy2host": 0.02224,
"filter": 37.4831,
"delete": 0,
"preparation": 0.004992,
"cgal_convex_hull": 0.018528,
"total": 37.5016
}