{
"n": 1073741824,
"size": 82,
"hull": 20,
"seed": 0,
"copy2device": 737.795,
"find_extremes": 50.6616,
"find_corners": 107.509,
"find_points_in_Q": 0.001024,
"compaction": 24.9191,
"copy2host": 0.014688,
"delete": 0,
"preparation": 0.004032,
"cgal_convex_hull": 0.01312,
"total": 183.118
}