{
"n": 570425344,
"size": 158,
"hull": 23,
"seed": 0,
"copy2device": 669.815,
"find_extremes": 30.9962,
"find_corners": 51.2799,
"find_points_in_Q": 0.004096,
"compaction": 18.0136,
"copy2host": 0.021344,
"filter": 100.386,
"delete": 0,
"preparation": 0.006272,
"cgal_convex_hull": 0.01776,
"total": 100.404
}