{
"n": 637534208,
"size": 34634,
"hull": 35,
"seed": 0,
"copy2device": 760.251,
"find_extremes": 16.5487,
"find_corners": 63.3788,
"find_points_in_Q": 12.5679,
"compaction": 11.3259,
"copy2host": 804.259,
"delete": 0,
"preparation": 9.71786,
"cgal_convex_hull": 5.87354,
"total": 913.954
}