{
"n": 33554432,
"size": 24,
"hull": 15,
"seed": 0,
"copy2device": 41.9793,
"find_extremes": 4.97642,
"find_corners": 3.39562,
"find_points_in_Q": 1.12803,
"compaction": 0.917664,
"copy2host": 0.014816,
"filter": 10.4703,
"delete": 0,
"preparation": 0.00576,
"cgal_convex_hull": 0.008928,
"total": 10.4793
}