{
"n": 33554432,
"size": 46,
"hull": 18,
"seed": 0,
"copy2device": 20.0138,
"find_extremes": 2.3151,
"find_corners": 3.9025,
"find_points_in_Q": 0.002048,
"compaction": 0.962496,
"copy2host": 0.01184,
"delete": 0,
"preparation": 0.00224,
"cgal_convex_hull": 0.010048,
"total": 7.20403
}