{
"n": 436207616,
"size": 190,
"hull": 25,
"seed": 0,
"copy2device": 585.166,
"find_extremes": 12.0601,
"find_corners": 26.6737,
"find_points_in_Q": 8.2201,
"compaction": 9.3217,
"copy2host": 0.018624,
"filter": 56.3316,
"delete": 0,
"preparation": 0.036992,
"cgal_convex_hull": 0.025344,
"total": 56.3569
}