{
"n": 369098752,
"size": 78,
"hull": 21,
"seed": 0,
"copy2device": 414.921,
"find_extremes": 25.9186,
"find_corners": 27.7463,
"find_points_in_Q": 0.004096,
"compaction": 15.3121,
"copy2host": 0.020576,
"filter": 69.0701,
"delete": 0,
"preparation": 0.005088,
"cgal_convex_hull": 0.013024,
"total": 69.0831
}