{
"n": 570425344,
"size": 46,
"hull": 21,
"seed": 0,
"copy2device": 645.52,
"find_extremes": 39.6046,
"find_corners": 59.7207,
"find_points_in_Q": 0.004096,
"compaction": 26.3368,
"copy2host": 0.020768,
"filter": 125.755,
"delete": 0,
"preparation": 0.004928,
"cgal_convex_hull": 0.010752,
"total": 125.766
}