{
"n": 771751936,
"size": 478,
"hull": 26,
"seed": 0,
"copy2device": 581.724,
"find_extremes": 36.6557,
"find_corners": 77.4932,
"find_points_in_Q": 0.002048,
"compaction": 17.9517,
"copy2host": 0.016064,
"delete": 0,
"preparation": 0.00432,
"cgal_convex_hull": 0.037312,
"total": 132.156
}