{
"n": 738197504,
"size": 964,
"hull": 17,
"seed": 0,
"copy2device": 941.865,
"find_extremes": 25.4966,
"find_corners": 48.0793,
"find_points_in_Q": 20.9154,
"compaction": 16.0485,
"copy2host": 0.018656,
"filter": 110.598,
"delete": 0,
"preparation": 0.139936,
"cgal_convex_hull": 0.070816,
"total": 110.669
}