{
"n": 134217728,
"size": 11738,
"hull": 38,
"seed": 0,
"copy2device": 146.04,
"find_extremes": 3.96819,
"find_corners": 13.9532,
"find_points_in_Q": 2.79619,
"compaction": 2.50822,
"copy2host": 150.348,
"delete": 0,
"preparation": 1.22768,
"cgal_convex_hull": 1.09581,
"total": 174.67
}