{
"n": 704643072,
"size": 482,
"hull": 25,
"seed": 0,
"copy2device": 823.08,
"find_extremes": 25.5694,
"find_corners": 37.974,
"find_points_in_Q": 0.004096,
"compaction": 21.0393,
"copy2host": 0.022208,
"filter": 84.6808,
"delete": 0,
"preparation": 0.005824,
"cgal_convex_hull": 0.042112,
"total": 84.7229
}