{
"n": 301989888,
"size": 145,
"hull": 20,
"seed": 0,
"copy2device": 367.062,
"find_extremes": 12.4495,
"find_corners": 20.5828,
"find_points_in_Q": 6.1712,
"compaction": 7.90342,
"copy2host": 0.018592,
"filter": 47.164,
"delete": 0,
"preparation": 0.025888,
"cgal_convex_hull": 0.016896,
"total": 47.1809
}