{
"n": 369098752,
"size": 209,
"hull": 25,
"seed": 0,
"copy2device": 452.799,
"find_extremes": 13.4574,
"find_corners": 21.0983,
"find_points_in_Q": 7.18563,
"compaction": 6.64595,
"copy2host": 0.018176,
"filter": 48.443,
"delete": 0,
"preparation": 0.0376,
"cgal_convex_hull": 0.022464,
"total": 48.4655
}