{
"n": 335544320,
"size": 174,
"hull": 19,
"seed": 0,
"copy2device": 371.779,
"find_extremes": 20.3386,
"find_corners": 31.0477,
"find_points_in_Q": 0.004096,
"compaction": 9.68422,
"copy2host": 0.023904,
"filter": 61.1671,
"delete": 0,
"preparation": 0.005024,
"cgal_convex_hull": 0.019104,
"total": 61.1862
}