{
"n": 234881024,
"size": 99,
"hull": 20,
"seed": 0,
"copy2device": 275.169,
"find_extremes": 13.421,
"find_corners": 16.9134,
"find_points_in_Q": 0.004096,
"compaction": 6.7289,
"copy2host": 0.020448,
"filter": 37.1557,
"delete": 0,
"preparation": 0.005152,
"cgal_convex_hull": 0.015104,
"total": 37.1708
}