{
"n": 201326592,
"size": 375,
"hull": 18,
"seed": 0,
"copy2device": 250.361,
"find_extremes": 11.4256,
"find_corners": 18.4377,
"find_points_in_Q": 4.1928,
"compaction": 6.31373,
"copy2host": 0.016864,
"filter": 40.4255,
"delete": 0,
"preparation": 0.054592,
"cgal_convex_hull": 0.031616,
"total": 40.4571
}