{
"n": 771751936,
"size": 69,
"hull": 20,
"seed": 0,
"copy2device": 896.124,
"find_extremes": 28.0034,
"find_corners": 41.3901,
"find_points_in_Q": 0.004096,
"compaction": 20.6804,
"copy2host": 0.021248,
"filter": 90.1705,
"delete": 0,
"preparation": 0.005056,
"cgal_convex_hull": 0.01296,
"total": 90.1835
}