{
"n": 436207616,
"size": 80,
"hull": 20,
"seed": 0,
"copy2device": 297.662,
"find_extremes": 21.0491,
"find_corners": 44.0462,
"find_points_in_Q": 0.001024,
"compaction": 10.2354,
"copy2host": 0.01408,
"delete": 0,
"preparation": 0.002304,
"cgal_convex_hull": 0.011872,
"total": 75.3577
}