{
"n": 201326592,
"size": 89,
"hull": 23,
"seed": 0,
"copy2device": 246.26,
"find_extremes": 15.3588,
"find_corners": 38.0026,
"find_points_in_Q": 4.11552,
"compaction": 7.68966,
"copy2host": 0.017152,
"filter": 65.2214,
"delete": 0,
"preparation": 0.016992,
"cgal_convex_hull": 0.014528,
"total": 65.2359
}