{
"n": 603979776,
"size": 191,
"hull": 20,
"seed": 0,
"copy2device": 708.777,
"find_extremes": 38.4271,
"find_corners": 68.6541,
"find_points_in_Q": 0.004096,
"compaction": 38.2198,
"copy2host": 0.024928,
"filter": 145.401,
"delete": 0,
"preparation": 0.004928,
"cgal_convex_hull": 0.021664,
"total": 145.423
}