{
"n": 201326592,
"size": 19302,
"hull": 43,
"seed": 0,
"copy2device": 226.725,
"find_extremes": 5.73021,
"find_corners": 20.7948,
"find_points_in_Q": 4.17994,
"compaction": 5.21078,
"copy2host": 252.87,
"delete": 0,
"preparation": 9.54874,
"cgal_convex_hull": 1.97069,
"total": 290.756
}