{
"n": 436207616,
"size": 143,
"hull": 24,
"seed": 0,
"copy2device": 481.215,
"find_extremes": 30.8221,
"find_corners": 29.2332,
"find_points_in_Q": 0.004096,
"compaction": 12.0768,
"copy2host": 0.021184,
"filter": 72.2263,
"delete": 0,
"preparation": 0.005056,
"cgal_convex_hull": 0.017664,
"total": 72.244
}