{
"n": 335544320,
"size": 24276,
"hull": 43,
"seed": 0,
"copy2device": 363.639,
"find_extremes": 9.07715,
"find_corners": 33.7097,
"find_points_in_Q": 6.84026,
"compaction": 5.97696,
"copy2host": 374.328,
"delete": 0,
"preparation": 8.51478,
"cgal_convex_hull": 2.46947,
"total": 432.401
}