{
"n": 301989888,
"size": 174,
"hull": 24,
"seed": 0,
"copy2device": 337.049,
"find_extremes": 20.8251,
"find_corners": 24.3886,
"find_points_in_Q": 0.004096,
"compaction": 8.52218,
"copy2host": 0.024352,
"filter": 53.8334,
"delete": 0,
"preparation": 0.00608,
"cgal_convex_hull": 0.021664,
"total": 53.8551
}