{
"n": 671088640,
"size": 76,
"hull": 19,
"seed": 0,
"copy2device": 821.98,
"find_extremes": 20.1578,
"find_corners": 40.2489,
"find_points_in_Q": 16.7276,
"compaction": 16.3171,
"copy2host": 0.018464,
"filter": 93.51,
"delete": 0,
"preparation": 0.024256,
"cgal_convex_hull": 0.012672,
"total": 93.5227
}