{
"n": 268435456,
"size": 199,
"hull": 22,
"seed": 0,
"copy2device": 328.424,
"find_extremes": 9.64195,
"find_corners": 20.0602,
"find_points_in_Q": 5.32144,
"compaction": 5.75571,
"copy2host": 0.018368,
"filter": 40.8364,
"delete": 0,
"preparation": 0.031264,
"cgal_convex_hull": 0.021984,
"total": 40.8584
}