{
"n": 33554432,
"size": 100,
"hull": 19,
"seed": 0,
"copy2device": 36.5302,
"find_extremes": 2.70074,
"find_corners": 3.26861,
"find_points_in_Q": 0.004096,
"compaction": 1.37606,
"copy2host": 0.018176,
"filter": 7.43088,
"delete": 0,
"preparation": 0.004512,
"cgal_convex_hull": 0.01408,
"total": 7.44496
}