{
"n": 369098752,
"size": 77,
"hull": 20,
"seed": 0,
"copy2device": 251.222,
"find_extremes": 17.9823,
"find_corners": 37.3758,
"find_points_in_Q": 0.002048,
"compaction": 8.68275,
"copy2host": 0.013408,
"delete": 0,
"preparation": 0.0024,
"cgal_convex_hull": 0.011936,
"total": 64.0682
}