{
"n": 134217728,
"size": 227,
"hull": 22,
"seed": 0,
"copy2device": 77.546,
"find_extremes": 3.95517,
"find_corners": 13.9387,
"find_points_in_Q": 2.79885,
"compaction": 2.48858,
"copy2host": 162.244,
"delete": 0,
"preparation": 0.020512,
"cgal_convex_hull": 0.02176,
"total": 185.447
}