{
"n": 67108864,
"size": 42,
"hull": 20,
"seed": 0,
"copy2device": 73.7976,
"find_extremes": 6.73373,
"find_corners": 12.6403,
"find_points_in_Q": 0.004096,
"compaction": 7.79005,
"copy2host": 0.020672,
"filter": 27.2585,
"delete": 0,
"preparation": 0.00496,
"cgal_convex_hull": 0.010784,
"total": 27.2692
}