{
"n": 33554432,
"size": 30,
"hull": 20,
"seed": 0,
"copy2device": 15.2117,
"find_extremes": 1.50477,
"find_corners": 3.92582,
"find_points_in_Q": 0.758624,
"compaction": 0.737312,
"copy2host": 46.6868,
"delete": 0,
"preparation": 0.00528,
"cgal_convex_hull": 0.009856,
"total": 53.6232
}