{
"n": 469762048,
"size": 77,
"hull": 19,
"seed": 0,
"copy2device": 600.492,
"find_extremes": 14.4301,
"find_corners": 25.8336,
"find_points_in_Q": 8.49187,
"compaction": 8.33994,
"copy2host": 0.018592,
"filter": 57.1516,
"delete": 0,
"preparation": 0.018368,
"cgal_convex_hull": 0.01296,
"total": 57.1645
}