{
"n": 570425344,
"size": 86,
"hull": 24,
"seed": 0,
"copy2device": 394.152,
"find_extremes": 14.8978,
"find_corners": 57.4588,
"find_points_in_Q": 11.3136,
"compaction": 10.1343,
"copy2host": 649.683,
"delete": 0,
"preparation": 0.020416,
"cgal_convex_hull": 0.01424,
"total": 743.502
}