{
"n": 167772160,
"size": 152,
"hull": 25,
"seed": 0,
"copy2device": 209.251,
"find_extremes": 19.9698,
"find_corners": 23.0403,
"find_points_in_Q": 6.17414,
"compaction": 5.50323,
"copy2host": 0.016832,
"filter": 54.7444,
"delete": 0,
"preparation": 0.02624,
"cgal_convex_hull": 0.018976,
"total": 54.7634
}