{
"n": 100663296,
"size": 104,
"hull": 18,
"seed": 0,
"copy2device": 66.1334,
"find_extremes": 5.43094,
"find_corners": 10.6402,
"find_points_in_Q": 0.002048,
"compaction": 2.50192,
"copy2host": 0.015424,
"delete": 0,
"preparation": 0.002336,
"cgal_convex_hull": 0.01296,
"total": 18.6035
}