{
"n": 536870912,
"size": 110,
"hull": 20,
"seed": 0,
"copy2device": 688.826,
"find_extremes": 15.1523,
"find_corners": 29.2686,
"find_points_in_Q": 9.87792,
"compaction": 9.72106,
"copy2host": 0.019264,
"filter": 64.0764,
"delete": 0,
"preparation": 0.021824,
"cgal_convex_hull": 0.014592,
"total": 64.091
}