{
"n": 838860800,
"size": 29692,
"hull": 37,
"seed": 0,
"copy2device": 631.291,
"find_extremes": 39.7691,
"find_corners": 85.5941,
"find_points_in_Q": 0.002048,
"compaction": 19.4856,
"copy2host": 0.047264,
"delete": 0,
"preparation": 0.065344,
"cgal_convex_hull": 3.1695,
"total": 148.068
}