{
"n": 469762048,
"size": 164,
"hull": 23,
"seed": 0,
"copy2device": 549.194,
"find_extremes": 18.7935,
"find_corners": 34.8621,
"find_points_in_Q": 0.004096,
"compaction": 12.99,
"copy2host": 0.020832,
"filter": 66.7383,
"delete": 0,
"preparation": 0.004992,
"cgal_convex_hull": 0.018944,
"total": 66.7572
}