{
"n": 33554432,
"size": 59,
"hull": 18,
"seed": 0,
"copy2device": 20.0316,
"find_extremes": 2.21008,
"find_corners": 3.86253,
"find_points_in_Q": 0.001024,
"compaction": 0.9592,
"copy2host": 0.012416,
"delete": 0,
"preparation": 0.002272,
"cgal_convex_hull": 0.009536,
"total": 7.05478
}