{
"n": 671088640,
"size": 123,
"hull": 23,
"seed": 0,
"copy2device": 887.838,
"find_extremes": 20.5298,
"find_corners": 37.1351,
"find_points_in_Q": 12.3457,
"compaction": 12.0933,
"copy2host": 0.01856,
"filter": 82.1618,
"delete": 0,
"preparation": 0.023648,
"cgal_convex_hull": 0.016064,
"total": 82.1779
}