{
"n": 503316480,
"size": 114,
"hull": 18,
"seed": 0,
"copy2device": 592.053,
"find_extremes": 33.3924,
"find_corners": 69.3975,
"find_points_in_Q": 0.004096,
"compaction": 26.8638,
"copy2host": 0.020096,
"filter": 129.748,
"delete": 0,
"preparation": 0.004992,
"cgal_convex_hull": 0.015392,
"total": 129.763
}