{
"n": 201326592,
"size": 99,
"hull": 19,
"seed": 0,
"copy2device": 242.272,
"find_extremes": 6.35766,
"find_corners": 16.3165,
"find_points_in_Q": 4.09491,
"compaction": 4.61187,
"copy2host": 0.018624,
"filter": 31.4369,
"delete": 0,
"preparation": 0.0176,
"cgal_convex_hull": 0.014464,
"total": 31.4514
}