{
"n": 100663296,
"size": 163,
"hull": 22,
"seed": 0,
"copy2device": 135.3,
"find_extremes": 4.89059,
"find_corners": 6.9161,
"find_points_in_Q": 0.004096,
"compaction": 3.1527,
"copy2host": 0.024352,
"filter": 15.0533,
"delete": 0,
"preparation": 0.00608,
"cgal_convex_hull": 0.01872,
"total": 15.0721
}