{
"n": 134217728,
"size": 100,
"hull": 23,
"seed": 0,
"copy2device": 164.956,
"find_extremes": 4.43741,
"find_corners": 14.3572,
"find_points_in_Q": 2.87254,
"compaction": 2.62579,
"copy2host": 0.01776,
"filter": 24.3497,
"delete": 0,
"preparation": 0.01984,
"cgal_convex_hull": 0.015776,
"total": 24.3654
}