{
"n": 1040187392,
"size": 73,
"hull": 19,
"seed": 0,
"copy2device": 767.736,
"find_extremes": 49.1341,
"find_corners": 104.023,
"find_points_in_Q": 0.001024,
"compaction": 24.0747,
"copy2host": 0.014144,
"delete": 0,
"preparation": 0.002752,
"cgal_convex_hull": 0.011232,
"total": 177.258
}