{
"n": 201326592,
"size": 194,
"hull": 20,
"seed": 0,
"copy2device": 260.462,
"find_extremes": 6.3568,
"find_corners": 17.8125,
"find_points_in_Q": 6.11878,
"compaction": 6.07549,
"copy2host": 0.01776,
"filter": 36.4238,
"delete": 0,
"preparation": 0.032288,
"cgal_convex_hull": 0.021664,
"total": 36.4454
}