{
"n": 301989888,
"size": 117,
"hull": 23,
"seed": 0,
"copy2device": 204.679,
"find_extremes": 14.8252,
"find_corners": 30.5837,
"find_points_in_Q": 0.002048,
"compaction": 7.15562,
"copy2host": 0.014144,
"delete": 0,
"preparation": 0.0024,
"cgal_convex_hull": 0.014944,
"total": 52.5956
}