{
"n": 738197504,
"size": 62,
"hull": 23,
"seed": 0,
"copy2device": 818.147,
"find_extremes": 46.1763,
"find_corners": 102.819,
"find_points_in_Q": 0.004096,
"compaction": 28.2638,
"copy2host": 0.019776,
"filter": 177.353,
"delete": 0,
"preparation": 0.004992,
"cgal_convex_hull": 0.012416,
"total": 177.365
}