{
"n": 335544320,
"size": 114,
"hull": 19,
"seed": 0,
"copy2device": 410.628,
"find_extremes": 17.2636,
"find_corners": 27.5777,
"find_points_in_Q": 6.74038,
"compaction": 9.0904,
"copy2host": 0.018112,
"filter": 60.7284,
"delete": 0,
"preparation": 0.020064,
"cgal_convex_hull": 0.016032,
"total": 60.7444
}