{
"n": 771751936,
"size": 128,
"hull": 19,
"seed": 0,
"copy2device": 579.503,
"find_extremes": 36.6311,
"find_corners": 77.3938,
"find_points_in_Q": 0.002048,
"compaction": 17.9506,
"copy2host": 0.014144,
"delete": 0,
"preparation": 0.0056,
"cgal_convex_hull": 0.01456,
"total": 132.006
}