{
"n": 369098752,
"size": 122,
"hull": 18,
"seed": 0,
"copy2device": 251.297,
"find_extremes": 17.9573,
"find_corners": 37.4498,
"find_points_in_Q": 0.002048,
"compaction": 8.68419,
"copy2host": 0.014048,
"delete": 0,
"preparation": 0.002816,
"cgal_convex_hull": 0.014016,
"total": 64.1214
}