{
"n": 335544320,
"size": 215,
"hull": 22,
"seed": 0,
"copy2device": 227.97,
"find_extremes": 16.3614,
"find_corners": 34.0736,
"find_points_in_Q": 0.002048,
"compaction": 7.93594,
"copy2host": 0.01472,
"delete": 0,
"preparation": 0.002528,
"cgal_convex_hull": 0.018176,
"total": 58.4059
}