{
"n": 436207616,
"size": 112,
"hull": 22,
"seed": 0,
"copy2device": 297.545,
"find_extremes": 21.0467,
"find_corners": 43.9809,
"find_points_in_Q": 0.001024,
"compaction": 10.22,
"copy2host": 0.012928,
"delete": 0,
"preparation": 0.002496,
"cgal_convex_hull": 0.012704,
"total": 75.2742
}