{
"n": 973078528,
"size": 125,
"hull": 30,
"seed": 0,
"copy2device": 755.867,
"find_extremes": 24.8436,
"find_corners": 96.8508,
"find_points_in_Q": 18.9423,
"compaction": 17.111,
"copy2host": 1010.23,
"delete": 0,
"preparation": 0.029248,
"cgal_convex_hull": 0.016832,
"total": 1168
}