{
"n": 603979776,
"size": 182,
"hull": 19,
"seed": 0,
"copy2device": 673.255,
"find_extremes": 20.8819,
"find_corners": 33.5688,
"find_points_in_Q": 0.004096,
"compaction": 18.8068,
"copy2host": 0.022752,
"filter": 73.3522,
"delete": 0,
"preparation": 0.00592,
"cgal_convex_hull": 0.0184,
"total": 73.3706
}