{
"n": 973078528,
"size": 72,
"hull": 19,
"seed": 0,
"copy2device": 685.805,
"find_extremes": 46.0097,
"find_corners": 97.4858,
"find_points_in_Q": 0.002048,
"compaction": 22.5555,
"copy2host": 0.013888,
"delete": 0,
"preparation": 0.002944,
"cgal_convex_hull": 0.01216,
"total": 166.079
}