{
"n": 704643072,
"size": 16791,
"hull": 42,
"seed": 0,
"copy2device": 1139.47,
"find_extremes": 18.2397,
"find_corners": 70.4675,
"find_points_in_Q": 13.7558,
"compaction": 12.4502,
"copy2host": 764.066,
"delete": 0,
"preparation": 5.55638,
"cgal_convex_hull": 1.69885,
"total": 880.678
}