{
"n": 1006632960,
"size": 131,
"hull": 17,
"seed": 0,
"copy2device": 727.109,
"find_extremes": 25.6679,
"find_corners": 99.2153,
"find_points_in_Q": 19.3861,
"compaction": 17.6953,
"copy2host": 1143.21,
"delete": 0,
"preparation": 0.034816,
"cgal_convex_hull": 0.016128,
"total": 1305.19
}