{
"n": 671088640,
"size": 262,
"hull": 22,
"seed": 0,
"copy2device": 748.712,
"find_extremes": 26.08,
"find_corners": 38.6314,
"find_points_in_Q": 0.004096,
"compaction": 20.9201,
"copy2host": 0.021696,
"filter": 85.7356,
"delete": 0,
"preparation": 0.004992,
"cgal_convex_hull": 0.02384,
"total": 85.7594
}