{
"n": 536870912,
"size": 105,
"hull": 20,
"seed": 0,
"copy2device": 628.251,
"find_extremes": 18.6257,
"find_corners": 30.1384,
"find_points_in_Q": 0.004096,
"compaction": 14.6817,
"copy2host": 0.02016,
"filter": 63.5369,
"delete": 0,
"preparation": 0.004992,
"cgal_convex_hull": 0.014592,
"total": 63.5515
}