{
"n": 67108864,
"size": 138,
"hull": 25,
"seed": 0,
"copy2device": 81.0854,
"find_extremes": 7.45354,
"find_corners": 5.1335,
"find_points_in_Q": 1.74122,
"compaction": 1.4711,
"copy2host": 0.015424,
"filter": 15.8526,
"delete": 0,
"preparation": 0.021184,
"cgal_convex_hull": 0.017952,
"total": 15.8706
}