{
"n": 67108864,
"size": 63,
"hull": 21,
"seed": 0,
"copy2device": 83.5522,
"find_extremes": 2.98746,
"find_corners": 5.06422,
"find_points_in_Q": 1.69299,
"compaction": 1.47606,
"copy2host": 0.015456,
"filter": 11.2726,
"delete": 0,
"preparation": 0.012864,
"cgal_convex_hull": 0.012992,
"total": 11.2856
}