{
"n": 33554432,
"size": 60,
"hull": 22,
"seed": 0,
"copy2device": 42.2571,
"find_extremes": 2.36342,
"find_corners": 3.33997,
"find_points_in_Q": 1.11334,
"compaction": 0.88032,
"copy2host": 0.015712,
"filter": 7.74982,
"delete": 0,
"preparation": 0.0112,
"cgal_convex_hull": 0.012672,
"total": 7.7625
}