{
"n": 1006632960,
"size": 160,
"hull": 22,
"seed": 0,
"copy2device": 840.433,
"find_extremes": 25.6664,
"find_corners": 99.3193,
"find_points_in_Q": 19.3731,
"compaction": 17.6703,
"copy2host": 1034.47,
"delete": 0,
"preparation": 0.036288,
"cgal_convex_hull": 0.01824,
"total": 1196.52
}