{
"n": 335544320,
"size": 86,
"hull": 22,
"seed": 0,
"copy2device": 372.655,
"find_extremes": 14.0741,
"find_corners": 18.9553,
"find_points_in_Q": 0.004096,
"compaction": 9.28867,
"copy2host": 0.020224,
"filter": 42.4104,
"delete": 0,
"preparation": 0.005728,
"cgal_convex_hull": 0.013824,
"total": 42.4243
}