{
"n": 67108864,
"size": 145,
"hull": 20,
"seed": 0,
"copy2device": 74.8971,
"find_extremes": 27.6413,
"find_corners": 16.8413,
"find_points_in_Q": 5.17251,
"compaction": 2.14848,
"copy2host": 0.016736,
"filter": 51.8595,
"delete": 0,
"preparation": 0.023648,
"cgal_convex_hull": 0.018016,
"total": 51.8775
}