{
"n": 1040187392,
"size": 113,
"hull": 20,
"seed": 0,
"copy2device": 756.108,
"find_extremes": 26.5161,
"find_corners": 102.754,
"find_points_in_Q": 20.2816,
"compaction": 18.2229,
"copy2host": 1174.32,
"delete": 0,
"preparation": 0.027104,
"cgal_convex_hull": 0.015456,
"total": 1342.11
}