{
"n": 536870912,
"size": 241,
"hull": 17,
"seed": 0,
"copy2device": 599.645,
"find_extremes": 18.7438,
"find_corners": 31.7491,
"find_points_in_Q": 0.004096,
"compaction": 14.7129,
"copy2host": 0.024192,
"filter": 65.3033,
"delete": 0,
"preparation": 0.005024,
"cgal_convex_hull": 0.025728,
"total": 65.329
}