{
"n": 134217728,
"size": 103,
"hull": 21,
"seed": 0,
"copy2device": 151.359,
"find_extremes": 7.31456,
"find_corners": 10.8104,
"find_points_in_Q": 0.004096,
"compaction": 4.0367,
"copy2host": 0.02,
"filter": 22.2525,
"delete": 0,
"preparation": 0.005088,
"cgal_convex_hull": 0.015392,
"total": 22.2679
}