{
"n": 268435456,
"size": 105,
"hull": 21,
"seed": 0,
"copy2device": 162.42,
"find_extremes": 7.40282,
"find_corners": 27.1753,
"find_points_in_Q": 5.54458,
"compaction": 4.82112,
"copy2host": 319.731,
"delete": 0,
"preparation": 0.010464,
"cgal_convex_hull": 0.014976,
"total": 364.69
}