{
"n": 234881024,
"size": 107,
"hull": 21,
"seed": 0,
"copy2device": 298.316,
"find_extremes": 9.3239,
"find_corners": 15.1984,
"find_points_in_Q": 6.88522,
"compaction": 6.45859,
"copy2host": 0.0184,
"filter": 37.9218,
"delete": 0,
"preparation": 0.020512,
"cgal_convex_hull": 0.018688,
"total": 37.9405
}