{
"n": 503316480,
"size": 137,
"hull": 23,
"seed": 0,
"copy2device": 559.049,
"find_extremes": 21.37,
"find_corners": 27.5835,
"find_points_in_Q": 0.004096,
"compaction": 13.8804,
"copy2host": 0.021216,
"filter": 62.9288,
"delete": 0,
"preparation": 0.00576,
"cgal_convex_hull": 0.017632,
"total": 62.9464
}