{
"n": 436207616,
"size": 71,
"hull": 25,
"seed": 0,
"copy2device": 482.194,
"find_extremes": 17.9624,
"find_corners": 30.6063,
"find_points_in_Q": 0.004096,
"compaction": 14.3316,
"copy2host": 0.020352,
"filter": 62.9934,
"delete": 0,
"preparation": 0.00496,
"cgal_convex_hull": 0.012608,
"total": 63.006
}