{
"n": 201326592,
"size": 35,
"hull": 18,
"seed": 0,
"copy2device": 231.132,
"find_extremes": 7.96822,
"find_corners": 11.9122,
"find_points_in_Q": 0.004096,
"compaction": 5.8233,
"copy2host": 0.019904,
"filter": 25.7947,
"delete": 0,
"preparation": 0.005024,
"cgal_convex_hull": 0.011072,
"total": 25.8058
}