{
"n": 771751936,
"size": 86,
"hull": 24,
"seed": 0,
"copy2device": 967.705,
"find_extremes": 28.0436,
"find_corners": 50.4251,
"find_points_in_Q": 19.4515,
"compaction": 17.1456,
"copy2host": 0.018208,
"filter": 115.123,
"delete": 0,
"preparation": 0.019488,
"cgal_convex_hull": 0.014464,
"total": 115.137
}