{
"n": 335544320,
"size": 242,
"hull": 23,
"seed": 0,
"copy2device": 227.795,
"find_extremes": 16.3694,
"find_corners": 34.0347,
"find_points_in_Q": 0.001024,
"compaction": 7.88928,
"copy2host": 0.014464,
"delete": 0,
"preparation": 0.002912,
"cgal_convex_hull": 0.019936,
"total": 58.3288
}