{
"n": 67108864,
"size": 139,
"hull": 20,
"seed": 0,
"copy2device": 75.088,
"find_extremes": 4.28109,
"find_corners": 5.02067,
"find_points_in_Q": 0.003072,
"compaction": 2.24467,
"copy2host": 0.020576,
"filter": 11.6374,
"delete": 0,
"preparation": 0.004832,
"cgal_convex_hull": 0.014624,
"total": 11.652
}