{
"n": 301989888,
"size": 55,
"hull": 20,
"seed": 0,
"copy2device": 365.34,
"find_extremes": 17.5244,
"find_corners": 30.3754,
"find_points_in_Q": 12.0845,
"compaction": 5.92173,
"copy2host": 0.018112,
"filter": 65.9622,
"delete": 0,
"preparation": 0.012544,
"cgal_convex_hull": 0.012096,
"total": 65.9743
}