{
"n": 301989888,
"size": 112,
"hull": 16,
"seed": 0,
"copy2device": 367.853,
"find_extremes": 12.564,
"find_corners": 23.7981,
"find_points_in_Q": 9.92954,
"compaction": 10.091,
"copy2host": 0.018368,
"filter": 56.4407,
"delete": 0,
"preparation": 0.021248,
"cgal_convex_hull": 0.01424,
"total": 56.4549
}