{
"n": 201326592,
"size": 115,
"hull": 21,
"seed": 0,
"copy2device": 231.798,
"find_extremes": 14.7848,
"find_corners": 15.6887,
"find_points_in_Q": 0.004096,
"compaction": 7.02205,
"copy2host": 0.020192,
"filter": 37.587,
"delete": 0,
"preparation": 0.005344,
"cgal_convex_hull": 0.016032,
"total": 37.603
}