{
"n": 436207616,
"size": 267,
"hull": 26,
"seed": 0,
"copy2device": 501.364,
"find_extremes": 15.5125,
"find_corners": 25.7167,
"find_points_in_Q": 0.004096,
"compaction": 16.0546,
"copy2host": 0.021408,
"filter": 57.378,
"delete": 0,
"preparation": 0.010272,
"cgal_convex_hull": 0.025152,
"total": 57.4032
}