{
"n": 939524096,
"size": 225,
"hull": 22,
"seed": 0,
"copy2device": 697.182,
"find_extremes": 44.4452,
"find_corners": 94.0237,
"find_points_in_Q": 0.002048,
"compaction": 21.8095,
"copy2host": 0.018912,
"delete": 0,
"preparation": 0.004288,
"cgal_convex_hull": 0.020768,
"total": 160.32
}