{
"n": 771751936,
"size": 80,
"hull": 16,
"seed": 0,
"copy2device": 864.316,
"find_extremes": 34.8593,
"find_corners": 51.3782,
"find_points_in_Q": 0.004096,
"compaction": 20.283,
"copy2host": 0.021312,
"filter": 106.616,
"delete": 0,
"preparation": 0.004992,
"cgal_convex_hull": 0.012704,
"total": 106.629
}