{
"n": 671088640,
"size": 463,
"hull": 23,
"seed": 0,
"copy2device": 814.36,
"find_extremes": 27.9722,
"find_corners": 39.7967,
"find_points_in_Q": 0.004096,
"compaction": 19.5762,
"copy2host": 0.020992,
"filter": 87.4391,
"delete": 0,
"preparation": 0.006176,
"cgal_convex_hull": 0.042208,
"total": 87.4813
}