{
"n": 134217728,
"size": 374,
"hull": 18,
"seed": 0,
"copy2device": 149.898,
"find_extremes": 5.89277,
"find_corners": 8.48896,
"find_points_in_Q": 0.004096,
"compaction": 4.98758,
"copy2host": 0.022176,
"filter": 19.4614,
"delete": 0,
"preparation": 0.005056,
"cgal_convex_hull": 0.030784,
"total": 19.4922
}