{
"n": 436207616,
"size": 414,
"hull": 18,
"seed": 0,
"copy2device": 573.445,
"find_extremes": 27.4469,
"find_corners": 33.2489,
"find_points_in_Q": 10.9753,
"compaction": 7.82163,
"copy2host": 0.018496,
"filter": 79.549,
"delete": 0,
"preparation": 0.066176,
"cgal_convex_hull": 0.03456,
"total": 79.5835
}