{
"n": 234881024,
"size": 213,
"hull": 19,
"seed": 0,
"copy2device": 158.073,
"find_extremes": 11.6618,
"find_corners": 24.0097,
"find_points_in_Q": 0.001024,
"compaction": 5.59456,
"copy2host": 0.014368,
"delete": 0,
"preparation": 0.002496,
"cgal_convex_hull": 0.017664,
"total": 41.2991
}