{
"n": 234881024,
"size": 85,
"hull": 19,
"seed": 0,
"copy2device": 274.567,
"find_extremes": 14.1988,
"find_corners": 15.6119,
"find_points_in_Q": 0.004096,
"compaction": 7.66157,
"copy2host": 0.020576,
"filter": 37.5661,
"delete": 0,
"preparation": 0.00512,
"cgal_convex_hull": 0.014592,
"total": 37.5807
}