{
"n": 704643072,
"size": 367,
"hull": 20,
"seed": 0,
"copy2device": 909.764,
"find_extremes": 20.2917,
"find_corners": 39.2387,
"find_points_in_Q": 13.7276,
"compaction": 12.6119,
"copy2host": 0.018528,
"filter": 85.9268,
"delete": 0,
"preparation": 0.06608,
"cgal_convex_hull": 0.03504,
"total": 85.9619
}