{
"n": 436207616,
"size": 125,
"hull": 22,
"seed": 0,
"copy2device": 483.194,
"find_extremes": 16.902,
"find_corners": 24.1009,
"find_points_in_Q": 0.004096,
"compaction": 12.1347,
"copy2host": 0.02336,
"filter": 53.2342,
"delete": 0,
"preparation": 0.005568,
"cgal_convex_hull": 0.01824,
"total": 53.2524
}