{
"n": 771751936,
"size": 59,
"hull": 16,
"seed": 0,
"copy2device": 1025.66,
"find_extremes": 26.4055,
"find_corners": 48.3764,
"find_points_in_Q": 17.2333,
"compaction": 17.3756,
"copy2host": 0.018368,
"filter": 109.447,
"delete": 0,
"preparation": 0.017152,
"cgal_convex_hull": 0.011392,
"total": 109.458
}