{
"n": 100663296,
"size": 66,
"hull": 19,
"seed": 0,
"copy2device": 119.738,
"find_extremes": 4.01133,
"find_corners": 6.84819,
"find_points_in_Q": 2.31434,
"compaction": 2.06042,
"copy2host": 0.016064,
"filter": 15.2873,
"delete": 0,
"preparation": 0.0152,
"cgal_convex_hull": 0.012608,
"total": 15.2999
}