{
"n": 301989888,
"size": 14832,
"hull": 48,
"seed": 0,
"copy2device": 214.86,
"find_extremes": 14.904,
"find_corners": 30.7304,
"find_points_in_Q": 0.001024,
"compaction": 7.16016,
"copy2host": 0.076928,
"delete": 0,
"preparation": 0.094368,
"cgal_convex_hull": 1.49699,
"total": 54.3695
}