{
"n": 704643072,
"size": 132,
"hull": 21,
"seed": 0,
"copy2device": 822.442,
"find_extremes": 26.5247,
"find_corners": 49.6538,
"find_points_in_Q": 0.004096,
"compaction": 29.8801,
"copy2host": 0.021472,
"filter": 106.155,
"delete": 0,
"preparation": 0.005056,
"cgal_convex_hull": 0.016896,
"total": 106.172
}