{
"n": 67108864,
"size": 78,
"hull": 19,
"seed": 0,
"copy2device": 36.6778,
"find_extremes": 2.29872,
"find_corners": 7.3256,
"find_points_in_Q": 1.45046,
"compaction": 1.32038,
"copy2host": 89.3816,
"delete": 0,
"preparation": 0.008352,
"cgal_convex_hull": 0.01216,
"total": 101.789
}