{
"n": 570425344,
"size": 190,
"hull": 20,
"seed": 0,
"copy2device": 662.698,
"find_extremes": 25.7866,
"find_corners": 38.8352,
"find_points_in_Q": 0.004096,
"compaction": 19.9573,
"copy2host": 0.022176,
"filter": 84.6773,
"delete": 0,
"preparation": 0.005728,
"cgal_convex_hull": 0.020736,
"total": 84.6981
}