{
"n": 1006632960,
"size": 278,
"hull": 20,
"seed": 0,
"copy2device": 743.519,
"find_extremes": 47.5428,
"find_corners": 100.569,
"find_points_in_Q": 0.001856,
"compaction": 23.3001,
"copy2host": 0.015072,
"delete": 0,
"preparation": 0.009504,
"cgal_convex_hull": 0.023104,
"total": 171.452
}