{
"n": 335544320,
"size": 203,
"hull": 25,
"seed": 0,
"copy2device": 432.554,
"find_extremes": 9.5536,
"find_corners": 18.8929,
"find_points_in_Q": 6.38483,
"compaction": 6.02694,
"copy2host": 0.018208,
"filter": 40.9136,
"delete": 0,
"preparation": 0.037632,
"cgal_convex_hull": 0.021152,
"total": 40.9348
}